user_id,name,email,signup_date,country,plan_at_signup,sessions_30d,avg_session_min,feature_A_usage,feature_B_usage,emails_opened_30d,last_active_days_ago,lifetime_days,converted_to_paid,churned,mrr,churned_recently
user_00001,Denise Walker,jpeterson@gmail.com,2025-08-02,US,free,2,12.3,1.91,1.0,1,23,83,0,0,0.0,0
user_00002,James Howard,elizabethmiles@hotmail.com,2022-08-17,IN,pro,6,8.3,2.59,2.6,4,23,1164,1,0,108.73,0
user_00003,Carolyn Daniel,robinbradley@hotmail.com,2022-02-21,FR,starter,7,1.0,0.32,2.0,2,81,1341,1,0,20.0,0
user_00004,Jennifer Rocha,cruzcaitlin@yahoo.com,2023-07-18,US,free,0,6.5,2.56,2.0,2,44,829,0,0,0.0,0
user_00005,Dr. Adam Le,georgetracy@gmail.com,2023-05-17,FR,free,0,1.5,2.49,3.0,0,40,891,0,1,0.0,1
user_00006,David Bradley,clam@gmail.com,2023-04-03,US,free,1,9.7,3.37,1.0,2,58,935,0,0,0.0,0
user_00007,Alisha Spencer,davisryan@yahoo.com,2022-10-13,DE,free,1,1.3,0.5,3.0,2,2,1107,0,0,0.0,0
user_00008,Anthony Valdez,pearsonamber@gmail.com,2022-07-29,FR,pro,3,6.0,3.58,2.6,1,38,1183,1,0,85.56,0
user_00009,Karla Lewis,brianromero@gmail.com,2025-01-21,US,starter,1,6.6,1.21,0.0,0,7,276,1,0,20.0,0
user_00010,Cynthia Wilson,williamanderson@yahoo.com,2022-06-28,IN,starter,5,14.2,2.35,2.0,3,9,1214,0,0,0.0,0
user_00011,Brooke Bass,dking@gmail.com,2025-04-24,US,free,0,3.7,1.83,2.0,1,0,183,0,0,0.0,0
user_00012,Andrew Cook,jason31@yahoo.com,2024-05-14,CA,pro,9,10.0,1.27,1.3,2,67,528,0,0,0.0,0
user_00013,Dr. Timothy Young,andrewlee@yahoo.com,2022-03-07,IN,starter,3,10.3,0.7,4.0,2,40,1327,0,0,0.0,0
user_00014,Mrs. Margaret Ross,michaeljones@hotmail.com,2022-03-03,GB,free,4,13.9,2.32,1.0,0,4,1331,1,0,0.0,0
user_00015,Caleb Mccullough,steven73@hotmail.com,2022-07-11,US,free,0,11.1,0.64,3.0,0,11,1201,0,1,0.0,0
user_00016,Diane Beck,dianasmith@gmail.com,2023-03-24,US,free,7,12.4,0.76,4.0,4,19,945,0,0,0.0,0
user_00017,Robert Dominguez,jrivas@yahoo.com,2023-04-22,US,free,4,11.5,2.39,4.0,1,20,916,1,0,0.0,0
user_00018,Paul Larsen,amy60@gmail.com,2024-10-31,US,free,0,3.2,1.71,0.0,1,27,358,0,0,0.0,0
user_00019,Randy Shah,dramsey@gmail.com,2025-05-17,GB,free,2,9.4,1.06,1.0,0,19,160,0,0,0.0,0
user_00020,Leslie Alvarado,currybrett@yahoo.com,2022-02-24,FR,free,8,11.4,1.82,3.0,0,31,1338,0,0,0.0,0
user_00021,Marissa Webster,barbara66@hotmail.com,2025-02-23,CA,starter,3,4.2,4.24,1.0,2,64,243,1,0,20.0,0
user_00022,Sandra Sanchez,ryangross@hotmail.com,2023-02-12,IN,free,2,5.7,3.26,1.0,1,15,985,0,0,0.0,0
user_00023,Roger Vargas,nicole48@gmail.com,2025-08-23,AU,free,3,4.8,4.99,3.0,1,62,62,0,0,0.0,0
user_00024,Michelle Freeman,qnelson@gmail.com,2025-01-21,CA,free,4,11.1,2.08,2.0,2,7,276,1,0,0.0,0
user_00025,Natalie Tapia,salasaudrey@yahoo.com,2024-05-09,AU,free,1,7.7,1.67,2.0,2,3,533,0,0,0.0,0
user_00026,Vincent King,tkerr@hotmail.com,2023-03-28,IN,starter,5,6.7,2.68,3.0,2,8,941,1,0,20.0,0
user_00027,Antonio Choi,ojones@yahoo.com,2024-07-08,US,free,1,2.9,0.78,0.0,2,6,473,0,0,0.0,0
user_00028,Kimberly Holland,cassandra01@gmail.com,2025-04-21,US,free,5,7.7,1.95,0.0,3,126,186,0,0,0.0,0
user_00029,Miss Debra Williams PhD,hodgemark@hotmail.com,2023-07-24,CA,free,2,5.7,1.79,1.0,2,14,823,0,0,0.0,0
user_00030,James Hodges,omartinez@hotmail.com,2022-01-14,US,free,1,9.0,12.41,2.0,0,31,1379,0,0,0.0,0
user_00031,Emily Smith,michellehill@yahoo.com,2022-11-23,US,starter,0,3.4,5.66,1.0,2,35,1066,0,1,0.0,1
user_00032,Douglas Evans,tylerjohnson@hotmail.com,2024-05-15,IN,free,2,8.7,3.87,0.0,2,17,527,1,0,0.0,0
user_00033,Shane Alexander,younggabrielle@yahoo.com,2023-11-28,GB,free,1,6.2,3.34,1.0,0,7,696,0,0,0.0,0
user_00034,Annette Schultz,yknight@gmail.com,2023-07-24,GB,pro,5,5.0,10.69,0.0,0,17,823,1,0,98.2,0
user_00035,Shelby Harvey,patrickhoward@yahoo.com,2022-11-15,US,pro,3,4.7,4.98,2.6,4,19,1074,0,0,0.0,0
user_00036,Ronald Foster,parkerscott@hotmail.com,2023-03-17,US,starter,3,3.3,1.24,3.0,3,92,952,0,0,0.0,0
user_00037,Elizabeth Burgess,zcoffey@hotmail.com,2023-11-21,GB,free,6,7.2,1.15,0.0,0,25,703,1,0,0.0,0
user_00038,Alexis Herrera,brandonjohnson@yahoo.com,2022-07-29,AU,free,2,8.5,4.32,2.0,1,105,1183,0,0,0.0,0
user_00039,Kimberly Price,amy50@yahoo.com,2022-07-09,CA,starter,0,9.1,3.78,1.0,1,25,1203,0,0,0.0,0
user_00040,Dr. Samantha Davis,danieldelacruz@gmail.com,2024-02-18,AU,free,2,9.2,3.31,2.0,0,4,614,0,1,0.0,0
user_00041,David Morris,stephen00@yahoo.com,2022-07-18,DE,free,1,5.0,5.14,1.0,1,14,1194,0,0,0.0,0
user_00042,Brian Joseph,farrelldebra@hotmail.com,2024-01-06,GB,free,6,12.2,4.95,1.0,2,47,657,0,0,0.0,0
user_00043,Stacy Gutierrez,jenkinsmorgan@yahoo.com,2023-12-06,US,free,4,6.2,0.4,0.0,4,16,688,0,0,0.0,0
user_00044,Miss Heather Lane,whitedouglas@hotmail.com,2025-05-21,CA,pro,4,11.8,3.19,1.3,3,3,156,1,0,93.58,0
user_00045,Madeline Johnson,wnelson@hotmail.com,2023-06-26,GB,free,2,7.3,3.57,1.0,1,3,851,0,0,0.0,0
user_00046,Douglas Gregory,vincentwhitaker@yahoo.com,2022-03-30,GB,starter,5,9.5,6.05,0.0,1,8,1304,0,0,0.0,0
user_00047,Andrew Smith,julie35@gmail.com,2024-07-29,IN,free,2,7.1,3.97,0.0,1,24,452,0,0,0.0,0
user_00048,Cheyenne Parsons,laura90@yahoo.com,2025-01-03,IN,free,3,9.6,4.36,2.0,0,53,294,1,0,0.0,0
user_00049,Jodi Brown,wrightsamuel@yahoo.com,2022-09-13,US,free,2,8.0,0.9,2.0,3,22,1137,0,0,0.0,0
user_00050,Tabitha Hughes,tanderson@gmail.com,2024-02-15,IN,free,1,11.3,0.58,4.0,0,41,617,0,0,0.0,0
user_00051,Gary Anderson,henryschwartz@hotmail.com,2022-06-11,US,pro,8,6.7,4.8,0.0,1,31,1231,1,0,81.57,0
user_00052,Amanda Diaz,brett75@hotmail.com,2025-02-04,DE,starter,3,1.0,1.64,3.0,2,22,262,0,0,0.0,0
user_00053,Pamela Nelson,brooksanthony@gmail.com,2023-08-24,US,pro,6,6.1,5.45,3.9000000000000004,1,7,792,1,0,84.58,0
user_00054,Chad Mitchell,fbrown@hotmail.com,2025-07-11,US,pro,5,14.3,2.09,1.3,2,64,105,0,0,0.0,0
user_00055,Laura Higgins,ingramjill@yahoo.com,2025-06-20,IN,free,5,7.4,1.61,4.0,3,9,126,0,0,0.0,0
user_00056,Gina Day,justinatkins@gmail.com,2024-01-11,CA,pro,5,10.4,6.42,0.0,3,8,652,1,0,82.08,0
user_00057,Robert Kim,millerdonna@yahoo.com,2025-03-28,IN,free,2,3.8,2.5,1.0,2,8,210,1,0,0.0,0
user_00058,Jeremy West,michael90@hotmail.com,2023-01-29,US,free,2,8.3,1.33,4.0,1,3,999,0,0,0.0,0
user_00059,Jacob Hines,taylorcharles@gmail.com,2022-05-23,GB,free,0,3.9,2.22,2.0,1,20,1250,1,0,0.0,0
user_00060,Dr. Walter Downs DDS,tanner82@hotmail.com,2022-04-04,US,free,3,4.5,3.86,2.0,1,11,1299,1,0,0.0,0
user_00061,Yvonne Higgins,sarah35@hotmail.com,2025-09-16,AU,free,5,6.4,2.34,1.0,2,22,38,0,0,0.0,0
user_00062,Madison Pierce,debra96@hotmail.com,2023-04-12,AU,free,2,9.8,3.54,4.0,1,18,926,1,0,0.0,0
user_00063,Lori Roberts,floressteven@yahoo.com,2023-08-16,IN,starter,2,10.2,1.99,1.0,2,22,800,0,0,0.0,0
user_00064,Amber Dougherty,amitchell@gmail.com,2022-06-13,US,free,4,10.3,5.71,1.0,0,10,1229,1,0,0.0,0
user_00065,Monica Gallagher,jameshicks@hotmail.com,2023-04-22,CA,free,5,1.6,2.18,2.0,2,50,916,0,0,0.0,0
user_00066,Michelle Brock,jennifersilva@gmail.com,2022-07-26,US,free,4,8.0,1.56,1.0,2,22,1186,0,0,0.0,0
user_00067,Michael Johnson,stevepatel@hotmail.com,2024-02-18,IN,free,2,7.2,6.72,1.0,0,7,614,1,0,0.0,0
user_00068,Corey Wright,julie33@hotmail.com,2023-07-24,US,starter,2,1.9,2.51,4.0,3,69,823,1,0,20.0,0
user_00069,Luis Matthews,katelynmitchell@yahoo.com,2024-07-17,AU,free,2,8.1,3.5,1.0,3,3,464,0,0,0.0,0
user_00070,Ann Andrews,znelson@gmail.com,2025-07-25,US,pro,5,9.0,2.31,2.6,1,39,91,0,0,0.0,0
user_00071,Mariah Higgins,wyoung@yahoo.com,2024-01-18,GB,starter,2,10.0,3.42,2.0,2,34,645,0,0,0.0,0
user_00072,Kenneth Green,emiles@hotmail.com,2022-11-30,CA,free,3,8.3,3.85,1.0,3,2,1059,0,0,0.0,0
user_00073,Melanie Larson,nolansean@gmail.com,2024-01-29,IN,free,5,5.8,1.24,4.0,1,69,634,0,0,0.0,0
user_00074,Joyce Brown,ybrooks@yahoo.com,2023-12-29,US,starter,3,11.7,4.53,0.0,3,11,665,0,0,0.0,0
user_00075,Victor Baxter,johnsondonna@hotmail.com,2023-03-06,AU,starter,3,1.0,2.29,0.0,1,40,963,0,0,0.0,0
user_00076,Andrea Wheeler,barbara53@yahoo.com,2023-07-01,IN,starter,5,7.7,4.53,2.0,0,9,846,1,0,20.0,0
user_00077,Denise Hawkins,jmelendez@yahoo.com,2025-08-20,GB,starter,4,1.0,1.36,2.0,0,22,65,0,0,0.0,0
user_00078,Dawn Rivera,lewisjames@hotmail.com,2022-05-27,US,free,1,4.4,1.62,2.0,4,107,1246,1,1,0.0,1
user_00079,Michael Padilla,allentran@hotmail.com,2025-06-01,IN,free,2,10.1,2.82,2.0,0,28,145,0,0,0.0,0
user_00080,Craig Hall,meganhall@hotmail.com,2025-07-24,IN,free,1,2.9,1.15,1.0,3,10,92,1,0,0.0,0
user_00081,Joy Brown,laura15@yahoo.com,2022-12-17,US,pro,8,4.3,4.33,5.2,1,18,1042,0,1,0.0,0
user_00082,Courtney Sutton DVM,jasonparrish@hotmail.com,2024-12-29,US,starter,0,17.5,3.23,2.0,0,33,299,0,0,0.0,0
user_00083,Benjamin Frost,krystalnorris@gmail.com,2023-05-17,FR,free,5,2.6,2.81,3.0,1,17,891,0,0,0.0,0
user_00084,Jeffrey Roberson,jodistewart@gmail.com,2022-12-01,US,free,4,14.6,2.67,3.0,1,72,1058,0,0,0.0,0
user_00085,Jill Juarez,josephadams@gmail.com,2024-08-04,US,free,3,7.3,0.95,1.0,0,60,446,0,0,0.0,0
user_00086,Jennifer Washington,kevinmorrison@hotmail.com,2024-02-17,IN,free,3,5.9,0.67,2.0,3,4,615,0,0,0.0,0
user_00087,Vincent Novak,ichambers@hotmail.com,2023-07-07,DE,starter,3,10.3,2.4,2.0,4,46,840,0,0,0.0,0
user_00088,Brittany Henderson,vrasmussen@yahoo.com,2025-08-03,US,starter,1,13.3,0.44,1.0,1,85,82,1,0,20.0,0
user_00089,Courtney Burgess,hmueller@yahoo.com,2025-02-14,GB,pro,4,5.4,0.54,2.6,3,11,252,0,0,0.0,0
user_00090,Nathan Chavez,shannonjordan@gmail.com,2023-03-26,US,free,2,6.0,1.6,2.0,1,8,943,0,0,0.0,0
user_00091,Nicole Stokes,lisamccarthy@yahoo.com,2023-10-27,US,free,3,11.4,1.13,1.0,4,0,728,1,0,0.0,0
user_00092,Emily Allen,glennstephanie@yahoo.com,2022-04-25,US,starter,3,9.2,3.31,2.0,0,3,1278,0,0,0.0,0
user_00093,Tracey Wagner,adamsamy@yahoo.com,2023-04-15,FR,starter,3,12.4,2.4,2.0,2,97,923,0,1,0.0,1
user_00094,Jessica Robinson,hudsonamanda@hotmail.com,2022-03-07,US,free,4,10.1,3.21,2.0,1,14,1327,0,0,0.0,0
user_00095,Michele Roberts,powellkara@hotmail.com,2023-10-09,US,starter,5,15.2,4.49,0.0,3,14,746,0,0,0.0,0
user_00096,Garrett Smith,williamsconnie@yahoo.com,2024-04-01,IN,free,2,8.7,5.76,1.0,0,9,571,0,0,0.0,0
user_00097,Brooke Bryant,brettgarrett@hotmail.com,2023-07-03,FR,free,2,8.9,4.13,2.0,2,5,844,1,0,0.0,0
user_00098,Anna Davis,darlenebyrd@gmail.com,2022-05-16,US,free,3,9.3,2.76,2.0,3,21,1257,0,0,0.0,0
user_00099,Carly Bell,jamie98@gmail.com,2023-03-09,IN,free,2,7.4,1.05,0.0,1,38,960,1,0,0.0,0
user_00100,Anthony Hurst,matthewsalexander@gmail.com,2025-03-07,US,free,4,11.4,5.43,1.0,1,24,231,1,0,0.0,0
user_00101,Jennifer Mitchell,brianmiller@yahoo.com,2023-10-07,IN,free,5,8.9,0.86,3.0,1,1,748,0,0,0.0,0
user_00102,Anthony Wade,enelson@yahoo.com,2023-03-12,GB,starter,4,11.2,4.57,1.0,2,48,957,0,0,0.0,0
user_00103,Kayla Brown,pwalker@yahoo.com,2025-09-04,GB,free,4,11.8,6.18,2.0,1,80,50,1,0,0.0,0
user_00104,Blake Watson,james94@hotmail.com,2024-10-19,US,free,5,9.7,3.36,2.0,1,17,370,0,0,0.0,0
user_00105,Leslie Snyder,robertwoodward@gmail.com,2024-03-21,US,pro,5,12.0,1.61,1.3,6,13,582,0,0,0.0,0
user_00106,Thomas Merritt,sara65@yahoo.com,2025-08-09,US,free,5,4.0,1.7,2.0,0,7,76,0,0,0.0,0
user_00107,Tony Taylor,tanyafoster@gmail.com,2024-07-28,US,free,1,5.8,2.95,2.0,1,10,453,0,0,0.0,0
user_00108,William Johnson,aguilarjonathan@gmail.com,2022-10-20,US,starter,2,11.4,1.31,3.0,1,31,1100,0,0,0.0,0
user_00109,Maria Lamb,sean20@hotmail.com,2023-06-27,DE,free,3,13.7,2.73,2.0,1,44,850,0,0,0.0,0
user_00110,Kathleen Andrade,anthonycochran@yahoo.com,2022-10-13,AU,free,3,1.0,3.32,1.0,0,12,1107,0,0,0.0,0
user_00111,Randall Key,annalopez@yahoo.com,2023-05-21,AU,free,3,5.7,3.56,2.0,3,12,887,0,0,0.0,0
user_00112,Andrew Brown,vwillis@yahoo.com,2025-02-23,FR,free,2,8.1,1.68,1.0,1,17,243,0,0,0.0,0
user_00113,Morgan Kim DDS,vtaylor@gmail.com,2025-01-08,GB,pro,8,6.5,3.75,1.3,4,5,289,0,0,0.0,0
user_00114,Christopher Mcclure Jr.,egarcia@hotmail.com,2023-06-23,CA,starter,3,4.7,2.85,0.0,1,78,854,0,0,0.0,0
user_00115,Angela Singleton,gmoore@yahoo.com,2025-04-12,US,starter,2,9.9,0.55,2.0,1,36,195,0,0,0.0,0
user_00116,Kristen Frost,wellsdarrell@yahoo.com,2024-05-27,GB,pro,6,16.3,2.44,3.9000000000000004,1,17,515,1,0,88.34,0
user_00117,Derek May,acardenas@hotmail.com,2025-04-10,IN,starter,6,1.0,2.63,2.0,2,3,197,1,0,20.0,0
user_00118,David Evans,renee11@yahoo.com,2024-03-28,IN,free,8,7.3,3.3,0.0,0,56,575,1,0,0.0,0
user_00119,Scott Stone,jacksonrichard@hotmail.com,2024-01-12,DE,pro,6,11.9,9.84,1.3,3,19,651,1,0,91.03,0
user_00120,Steve Rivera,wfigueroa@hotmail.com,2023-03-26,US,free,0,11.1,3.1,2.0,2,47,943,1,1,0.0,1
user_00121,Caitlin Collins,maldonadojohn@yahoo.com,2022-10-11,US,starter,5,9.3,0.83,2.0,3,1,1109,1,0,20.0,0
user_00122,Seth Matthews,jennifer46@yahoo.com,2024-11-09,AU,pro,6,17.0,1.84,3.9000000000000004,4,9,349,1,0,97.0,0
user_00123,Daniel Turner,racheltrujillo@hotmail.com,2024-10-07,US,free,4,8.1,4.75,2.0,2,29,382,1,0,0.0,0
user_00124,Nathan Rios,kellyruiz@hotmail.com,2022-07-06,IN,free,3,13.2,8.18,1.0,1,20,1206,0,0,0.0,0
user_00125,Stephanie Pena,derrickgonzalez@yahoo.com,2022-04-07,AU,free,2,5.4,1.02,1.0,1,10,1296,0,0,0.0,0
user_00126,Scott White,ismith@gmail.com,2022-08-13,GB,free,3,8.2,1.58,2.0,0,6,1168,0,0,0.0,0
user_00127,Steven Sherman,ryan25@yahoo.com,2022-11-10,IN,starter,1,3.1,8.42,4.0,2,10,1079,1,0,20.0,0
user_00128,Susan Burnett,wheelerbrandon@gmail.com,2025-07-09,US,pro,6,13.6,10.68,0.0,2,40,107,0,0,0.0,0
user_00129,Ashley Wallace,kimberlydecker@gmail.com,2022-11-24,US,free,0,7.5,3.79,1.0,2,6,1065,1,0,0.0,0
user_00130,Andrew Crawford,joseph01@gmail.com,2024-05-14,FR,free,1,9.4,1.61,2.0,1,27,528,0,0,0.0,0
user_00131,Michael Simmons,ynelson@hotmail.com,2025-05-06,GB,free,3,6.7,0.98,2.0,0,16,171,0,0,0.0,0
user_00132,Matthew Robles,cheryl27@yahoo.com,2022-05-11,IN,free,1,10.3,1.51,5.0,2,43,1262,0,0,0.0,0
user_00133,Arthur Pena,marygrant@hotmail.com,2024-02-28,US,free,0,9.6,1.86,2.0,2,6,604,0,0,0.0,0
user_00134,Brooke Allison,bmcgee@gmail.com,2024-02-21,US,free,0,4.0,1.93,2.0,4,9,611,0,1,0.0,0
user_00135,Joshua Petersen,amy51@gmail.com,2025-05-05,AU,pro,7,6.3,0.81,1.3,0,15,172,0,0,0.0,0
user_00136,Mitchell Griffith,eroberson@hotmail.com,2024-08-16,US,free,3,7.9,1.16,0.0,2,5,434,0,0,0.0,0
user_00137,Carrie Ochoa,jamesweber@yahoo.com,2024-12-19,GB,free,4,10.6,2.68,1.0,2,18,309,1,0,0.0,0
user_00138,Casey Page,johnsondustin@hotmail.com,2023-05-30,US,starter,7,15.5,1.56,1.0,0,16,878,0,0,0.0,0
user_00139,Rachel Terrell,yhughes@hotmail.com,2025-02-07,CA,free,3,9.2,0.8,3.0,2,138,259,0,0,0.0,0
user_00140,Danielle Oliver,brandyscott@yahoo.com,2022-01-24,AU,pro,4,14.0,1.58,0.0,0,27,1369,1,0,84.19,0
user_00141,Tanya Carlson,kelly98@yahoo.com,2022-08-23,GB,pro,6,3.5,3.16,10.4,3,2,1158,1,0,86.13,0
user_00142,Hannah Allen,willie12@hotmail.com,2025-01-04,US,free,3,16.1,0.65,3.0,2,18,293,0,0,0.0,0
user_00143,Christine Soto,ohughes@yahoo.com,2023-07-01,GB,free,2,10.4,5.91,2.0,2,63,846,0,0,0.0,0
user_00144,Michael Nichols,derekmyers@hotmail.com,2025-08-05,DE,free,7,7.8,0.69,1.0,0,60,80,1,0,0.0,0
user_00145,Stacy Sanford,christinaking@gmail.com,2023-11-28,IN,free,2,7.3,4.01,2.0,3,97,696,1,0,0.0,0
user_00146,Tara Gamble,nhayes@hotmail.com,2022-08-17,FR,free,4,3.6,8.09,3.0,3,67,1164,0,0,0.0,0
user_00147,Holly Stewart,thompsoncatherine@yahoo.com,2023-08-25,GB,starter,3,4.7,0.77,2.0,4,5,791,0,0,0.0,0
user_00148,Christina Gross,philip94@gmail.com,2024-06-09,FR,free,2,15.6,0.94,3.0,1,0,502,0,0,0.0,0
user_00149,Kathryn Bates,paul70@gmail.com,2022-11-20,GB,free,0,4.0,2.13,0.0,1,28,1069,0,0,0.0,0
user_00150,Warren Schultz,shawdon@gmail.com,2024-07-18,US,free,7,4.0,1.71,1.0,0,36,463,0,0,0.0,0
user_00151,Diana Hernandez,dennishunt@hotmail.com,2022-01-07,US,pro,8,7.2,7.28,1.3,0,4,1386,0,0,0.0,0
user_00152,Tammy Black,hallpaul@gmail.com,2023-06-24,US,free,5,3.2,2.02,2.0,0,5,853,0,0,0.0,0
user_00153,Susan Cohen,princekimberly@hotmail.com,2024-10-22,AU,free,1,8.1,1.14,2.0,2,98,367,0,0,0.0,0
user_00154,Andrew Moreno,meyernicholas@gmail.com,2023-01-01,DE,free,4,12.4,4.19,4.0,1,86,1027,0,1,0.0,1
user_00155,Brian Simmons,adkinssean@hotmail.com,2024-11-05,CA,pro,7,7.6,2.8,3.9000000000000004,2,5,353,0,0,0.0,0
user_00156,Jennifer Morgan,jennifer90@gmail.com,2022-08-06,US,free,2,2.5,1.11,2.0,2,8,1175,0,0,0.0,0
user_00157,Dakota Sandoval,aprilmclaughlin@gmail.com,2025-07-04,US,starter,1,9.2,1.29,2.0,4,66,112,1,0,20.0,0
user_00158,Justin Aguilar,heather69@yahoo.com,2023-09-04,DE,starter,4,7.8,0.75,1.0,4,17,781,1,0,20.0,0
user_00159,Tonya Ellis,nedwards@hotmail.com,2025-08-01,IN,free,5,12.0,0.28,0.0,2,47,84,0,0,0.0,0
user_00160,Melanie Browning,wwhite@hotmail.com,2024-11-05,US,starter,5,6.2,0.82,3.0,3,15,353,0,0,0.0,0
user_00161,Kenneth Brown,josephmullen@yahoo.com,2025-06-01,GB,free,2,7.0,2.06,2.0,0,39,145,1,0,0.0,0
user_00162,Christine Haynes,oporter@hotmail.com,2023-02-12,US,starter,6,7.4,1.83,0.0,0,15,985,1,0,20.0,0
user_00163,Elijah Hart,tiffanymitchell@yahoo.com,2022-11-10,US,starter,3,8.4,0.59,2.0,2,68,1079,0,0,0.0,0
user_00164,Jeremy Miller,lgutierrez@gmail.com,2024-02-05,IN,free,4,6.4,1.16,3.0,2,11,627,0,0,0.0,0
user_00165,Teresa Haynes,alisonjackson@gmail.com,2022-11-27,US,free,4,5.8,3.79,3.0,2,22,1062,1,0,0.0,0
user_00166,Frederick Alvarez,mauriceharrison@gmail.com,2025-01-09,AU,starter,2,1.0,3.57,2.0,2,22,288,0,0,0.0,0
user_00167,John Smith,zacharymarsh@hotmail.com,2024-12-22,US,free,10,5.7,2.56,3.0,3,31,306,1,0,0.0,0
user_00168,Patrick Lamb,halledward@yahoo.com,2022-01-02,US,free,4,10.9,0.9,3.0,2,10,1391,1,0,0.0,0
user_00169,Richard Jimenez,paulproctor@gmail.com,2025-05-11,US,free,3,11.4,4.82,1.0,0,30,166,1,0,0.0,0
user_00170,Nancy Davis,fosterjohn@gmail.com,2023-10-26,DE,free,0,6.1,2.14,2.0,1,4,729,0,1,0.0,0
user_00171,Christopher Townsend,ihoward@yahoo.com,2024-09-27,IN,starter,2,13.2,1.28,1.0,6,67,392,0,0,0.0,0
user_00172,Justin Daniels,harveymichael@hotmail.com,2022-02-09,GB,free,2,7.9,0.93,1.0,1,4,1353,0,0,0.0,0
user_00173,Matthew Ryan,washingtoncorey@hotmail.com,2022-08-18,US,free,1,2.6,4.05,1.0,1,55,1163,0,0,0.0,0
user_00174,Joseph Miles,christian38@gmail.com,2024-01-14,US,free,4,1.4,0.08,1.0,1,35,649,0,0,0.0,0
user_00175,Chelsey Fox,rachel85@yahoo.com,2023-09-22,IN,starter,4,12.9,3.0,2.0,2,12,763,0,1,0.0,0
user_00176,Frank Allen,samantha88@hotmail.com,2023-05-06,DE,free,2,6.5,1.63,0.0,2,11,902,0,0,0.0,0
user_00177,Julia Moore,michael66@gmail.com,2022-04-29,FR,starter,3,3.1,5.27,1.0,0,101,1274,0,0,0.0,0
user_00178,Sarah Mcfarland,alvarezjulie@hotmail.com,2023-05-09,US,free,6,1.0,9.96,5.0,3,6,899,1,0,0.0,0
user_00179,Jonathan Ayala,brittney04@gmail.com,2025-03-07,IN,pro,5,8.4,1.93,2.6,4,38,231,0,0,0.0,0
user_00180,Jeremiah Glass,jamesmills@yahoo.com,2022-06-11,AU,free,2,9.6,4.87,1.0,2,6,1231,0,0,0.0,0
user_00181,Willie Neal,mckeetodd@hotmail.com,2022-06-25,US,free,4,5.2,3.11,2.0,3,70,1217,0,0,0.0,0
user_00182,Kathryn Ellis,christopherreyes@hotmail.com,2024-09-22,DE,free,5,3.8,2.87,1.0,0,40,397,1,0,0.0,0
user_00183,Laura Simmons,lonniegrant@hotmail.com,2022-05-22,US,pro,5,7.8,0.91,3.9000000000000004,2,80,1251,0,0,0.0,0
user_00184,Sheryl Acosta,xjoseph@gmail.com,2024-12-26,AU,pro,5,15.0,2.29,1.3,0,63,302,0,1,0.0,1
user_00185,Chad Lee,michelle36@yahoo.com,2022-09-15,DE,free,4,2.4,4.73,1.0,3,23,1135,0,0,0.0,0
user_00186,Samantha Cortez,leescott@yahoo.com,2022-09-20,AU,starter,3,5.4,5.72,3.0,4,4,1130,1,0,20.0,0
user_00187,Jay Austin,jennifermartinez@gmail.com,2025-09-13,CA,starter,4,12.8,7.01,2.0,1,7,41,0,0,0.0,0
user_00188,Bradley Zimmerman,deanjohnny@yahoo.com,2024-08-31,US,free,3,10.0,1.53,2.0,1,6,419,0,0,0.0,0
user_00189,Aaron Andrade,mark10@gmail.com,2025-01-30,AU,free,2,8.7,3.5,2.0,1,7,267,0,0,0.0,0
user_00190,Diane Guerrero,swarren@gmail.com,2022-12-05,US,free,5,5.4,1.59,0.0,1,19,1054,0,0,0.0,0
user_00191,Monica Fuller,sara99@yahoo.com,2023-06-27,US,free,0,8.1,2.7,0.0,1,60,850,0,0,0.0,0
user_00192,Christopher Lynch,parkerwilliam@yahoo.com,2024-12-16,CA,pro,7,7.8,5.19,1.3,3,0,312,0,0,0.0,0
user_00193,Felicia Foster,barbararivera@yahoo.com,2025-05-27,DE,pro,6,6.6,2.46,3.9000000000000004,1,8,150,1,0,91.17,0
user_00194,Amanda Terrell,robinwallace@gmail.com,2024-05-16,AU,starter,1,3.7,3.66,3.0,1,27,526,1,0,20.0,0
user_00195,Christian Peterson,andrew43@yahoo.com,2023-03-10,US,free,4,11.1,2.05,1.0,1,60,959,1,0,0.0,0
user_00196,Kim Mejia,amber02@gmail.com,2025-01-09,DE,free,4,7.8,2.32,1.0,0,10,288,0,0,0.0,0
user_00197,Amy Simmons,oruiz@gmail.com,2023-02-16,CA,starter,3,9.3,0.62,1.0,2,14,981,0,0,0.0,0
user_00198,James Lyons,angela14@hotmail.com,2023-10-01,US,pro,3,10.6,2.19,0.0,1,14,754,0,0,0.0,0
user_00199,David Sanchez,stephanie19@gmail.com,2024-03-28,US,pro,6,11.8,2.22,3.9000000000000004,2,10,575,0,0,0.0,0
user_00200,Matthew Brown,jamierich@yahoo.com,2025-08-23,US,starter,5,7.0,10.54,1.0,3,35,62,0,0,0.0,0
user_00201,Timothy Robbins,bsullivan@hotmail.com,2024-02-04,US,starter,1,6.1,1.21,4.0,2,31,628,0,0,0.0,0
user_00202,Chelsea Cruz,dawnperry@yahoo.com,2024-06-16,AU,free,5,4.7,2.28,5.0,3,55,495,0,0,0.0,0
user_00203,Jesse Coleman,daniel71@gmail.com,2024-11-25,GB,free,2,2.3,1.23,1.0,2,74,333,0,0,0.0,0
user_00204,Blake Wu,zgomez@yahoo.com,2024-07-13,CA,pro,5,5.5,3.09,5.2,1,69,468,0,0,0.0,0
user_00205,Tammy Curry,michaela01@hotmail.com,2022-09-05,AU,starter,2,6.5,2.66,3.0,1,23,1145,0,0,0.0,0
user_00206,Jacqueline Thompson,ealvarez@hotmail.com,2023-05-23,US,free,3,1.6,1.02,3.0,3,6,885,1,0,0.0,0
user_00207,Michele Wells,jessicachapman@gmail.com,2023-04-06,DE,free,5,2.5,4.51,0.0,1,7,932,1,0,0.0,0
user_00208,Willie Edwards,stephanielittle@hotmail.com,2022-05-12,IN,starter,5,12.2,1.07,4.0,2,26,1261,0,0,0.0,0
user_00209,Beverly Douglas,stephanie42@yahoo.com,2023-11-24,FR,free,2,8.9,0.53,6.0,2,75,700,0,0,0.0,0
user_00210,Curtis Long DDS,fitzpatrickelizabeth@yahoo.com,2022-02-13,US,free,3,6.2,2.49,1.0,0,22,1349,1,0,0.0,0
user_00211,Kenneth Robertson,diazmelissa@yahoo.com,2025-04-19,AU,free,0,17.1,8.31,3.0,1,82,188,0,0,0.0,0
user_00212,Dylan Harris,morganjennifer@yahoo.com,2025-02-08,US,starter,4,1.4,0.37,0.0,3,9,258,1,0,20.0,0
user_00213,Mary Ellis,lcarr@gmail.com,2023-04-17,US,starter,2,11.9,0.71,1.0,3,2,921,0,0,0.0,0
user_00214,Linda Gilbert,heathertran@yahoo.com,2025-04-20,DE,free,8,7.6,4.26,3.0,3,47,187,1,0,0.0,0
user_00215,Raven Chen,ljenkins@hotmail.com,2023-03-28,US,starter,5,11.1,1.2,2.0,2,63,941,0,0,0.0,0
user_00216,Michelle Salazar,leelaura@hotmail.com,2022-01-15,GB,free,4,8.4,2.79,4.0,3,17,1378,0,0,0.0,0
user_00217,Christopher Livingston,rgonzalez@yahoo.com,2022-05-26,IN,free,3,1.0,5.05,1.0,0,3,1247,0,0,0.0,0
user_00218,Annette Rojas,derek77@yahoo.com,2025-07-16,CA,starter,3,8.4,4.06,1.0,1,1,100,0,0,0.0,0
user_00219,Edward Moore,butlerbradley@yahoo.com,2022-05-01,US,starter,1,9.3,2.64,5.0,0,1,1272,0,0,0.0,0
user_00220,Jennifer Pacheco,braysteven@gmail.com,2023-04-14,US,starter,1,1.0,2.68,1.0,1,17,924,0,0,0.0,0
user_00221,Seth Sims,olivermatthew@gmail.com,2022-05-19,US,starter,3,15.8,2.64,0.0,3,8,1254,1,0,20.0,0
user_00222,Brian Diaz,lukehurst@hotmail.com,2022-03-06,IN,free,4,9.2,3.0,2.0,0,18,1328,1,0,0.0,0
user_00223,Arthur Reed,abigailburton@yahoo.com,2023-11-08,US,free,2,10.7,5.93,1.0,1,20,716,0,0,0.0,0
user_00224,Jennifer Rojas,itorres@yahoo.com,2022-05-26,US,free,2,3.3,0.86,5.0,1,18,1247,0,0,0.0,0
user_00225,Jacob Roberts,maryschwartz@hotmail.com,2024-11-18,US,free,4,10.8,0.75,2.0,0,29,340,1,0,0.0,0
user_00226,Audrey Chaney,jreilly@gmail.com,2023-05-03,US,free,2,12.4,3.67,5.0,2,34,905,0,0,0.0,0
user_00227,Edward Kemp,seandavis@gmail.com,2023-07-25,GB,pro,6,11.0,2.04,5.2,3,15,822,1,0,107.45,0
user_00228,Courtney Walls,swatson@yahoo.com,2024-09-21,FR,free,2,8.0,6.8,2.0,2,12,398,0,0,0.0,0
user_00229,Shannon Miller DDS,angelapage@gmail.com,2023-03-15,US,pro,4,6.4,4.3,1.3,3,13,954,1,0,90.63,0
user_00230,Donna Henry,bianca96@yahoo.com,2025-01-09,GB,starter,4,7.1,7.35,2.0,1,2,288,1,0,20.0,0
user_00231,Dr. Jake Quinn,amybrennan@hotmail.com,2022-09-28,CA,starter,3,6.0,4.0,2.0,6,11,1122,0,0,0.0,0
user_00232,Michael Cox,sbailey@yahoo.com,2025-03-15,IN,free,2,10.3,1.91,4.0,0,6,223,1,0,0.0,0
user_00233,Kyle Gallagher,gwilliams@gmail.com,2025-03-26,CA,free,4,4.6,2.44,1.0,2,10,212,0,0,0.0,0
user_00234,Susan Williams,michael89@gmail.com,2024-08-26,IN,free,2,10.3,4.8,0.0,4,37,424,1,0,0.0,0
user_00235,Laura Smith,gcoleman@gmail.com,2023-05-13,IN,free,3,4.6,0.56,4.0,1,134,895,0,0,0.0,0
user_00236,Emily Owens,jacobsonleah@hotmail.com,2024-08-26,US,starter,0,7.0,5.01,1.0,1,77,424,1,1,20.0,1
user_00237,Megan Powers,tramirez@hotmail.com,2024-04-13,CA,free,4,10.5,2.31,4.0,2,51,559,0,0,0.0,0
user_00238,Robert Harding,anthonyrojas@gmail.com,2023-01-25,CA,free,4,5.2,2.04,1.0,2,40,1003,0,0,0.0,0
user_00239,Mrs. Meghan Hernandez,thompsondonna@yahoo.com,2022-07-13,US,starter,3,10.6,9.68,5.0,1,86,1199,0,0,0.0,0
user_00240,Brandy Baldwin,lisa90@hotmail.com,2022-07-18,US,free,0,10.2,5.96,1.0,3,41,1194,0,1,0.0,1
user_00241,Gregory Howard,uhudson@hotmail.com,2025-09-11,AU,pro,3,8.9,1.75,1.3,1,19,43,0,1,0.0,0
user_00242,Michael Rogers,nballard@hotmail.com,2024-06-01,IN,pro,6,14.6,4.58,0.0,3,27,510,1,0,84.39,0
user_00243,Denise Knight,vlewis@yahoo.com,2023-12-27,IN,pro,5,10.3,1.53,1.3,1,10,667,0,0,0.0,0
user_00244,Nicholas Brown,steven86@yahoo.com,2024-05-17,AU,free,3,12.4,3.47,4.0,2,0,525,1,0,0.0,0
user_00245,Denise Johnson,carolyn16@yahoo.com,2024-04-21,CA,free,2,15.2,8.52,3.0,1,13,551,0,0,0.0,0
user_00246,Sara Cameron,mejialawrence@hotmail.com,2024-08-14,GB,pro,9,9.0,10.14,3.9000000000000004,1,15,436,1,0,86.76,0
user_00247,Patrick Walls,amy73@yahoo.com,2022-04-21,DE,free,4,10.6,3.36,2.0,1,39,1282,1,0,0.0,0
user_00248,Michelle Underwood,zsmith@yahoo.com,2025-08-31,FR,pro,6,7.4,4.63,3.9000000000000004,2,58,54,0,0,0.0,0
user_00249,Nicole Evans,gilldanielle@gmail.com,2025-08-16,IN,pro,7,5.9,3.26,2.6,3,98,69,1,0,89.77,0
user_00250,Chad Morales,christopherrichardson@yahoo.com,2022-07-21,IN,pro,9,9.2,13.4,1.3,3,13,1191,0,0,0.0,0
user_00251,Allison Hansen,fwilcox@gmail.com,2022-05-05,US,free,3,2.5,4.48,5.0,1,94,1268,0,0,0.0,0
user_00252,Shannon Casey,xsolomon@hotmail.com,2024-04-04,AU,free,0,4.2,1.72,1.0,1,48,568,0,0,0.0,0
user_00253,John Savage,david80@hotmail.com,2023-11-26,CA,pro,3,12.4,4.0,1.3,3,0,698,0,0,0.0,0
user_00254,Johnathan Morgan,leslievang@gmail.com,2022-08-12,US,free,7,5.9,2.77,1.0,3,27,1169,1,0,0.0,0
user_00255,Charles Hall,karencarson@hotmail.com,2023-05-25,FR,free,5,10.8,1.23,0.0,1,13,883,0,0,0.0,0
user_00256,Valerie Fox,rgibson@hotmail.com,2023-01-28,IN,free,2,9.2,2.78,2.0,2,1,1000,0,0,0.0,0
user_00257,Amanda Dean,qdavis@gmail.com,2023-01-25,US,pro,9,17.4,5.5,7.800000000000001,1,22,1003,0,0,0.0,0
user_00258,Samuel Martin,rebecca92@yahoo.com,2025-01-03,IN,starter,6,10.1,1.06,2.0,1,26,294,1,0,20.0,0
user_00259,Kayla Burns,sarahrose@hotmail.com,2024-07-07,IN,free,2,12.5,5.15,2.0,1,8,474,0,0,0.0,0
user_00260,Jessica Solomon,brenda80@gmail.com,2022-10-15,FR,free,4,9.6,1.42,2.0,2,84,1105,0,0,0.0,0
user_00261,Clarence Long,fosteralexander@hotmail.com,2024-05-14,US,starter,2,9.2,1.74,2.0,3,28,528,0,0,0.0,0
user_00262,Sean Church,christophercarrillo@gmail.com,2023-01-11,DE,pro,4,14.7,2.08,6.5,3,5,1017,1,0,80.25,0
user_00263,Christopher Hernandez,dhall@hotmail.com,2023-07-25,GB,free,5,10.7,1.16,0.0,0,38,822,1,0,0.0,0
user_00264,Juan Adams,rmoyer@hotmail.com,2024-08-05,US,free,7,8.8,5.78,1.0,1,20,445,1,0,0.0,0
user_00265,Robert Richard,michael22@hotmail.com,2023-05-27,AU,pro,3,10.8,9.73,2.6,1,19,881,0,0,0.0,0
user_00266,Ashley Perez,colonbobby@gmail.com,2022-06-04,IN,starter,2,10.2,1.53,3.0,3,53,1238,0,0,0.0,0
user_00267,Susan Moore,christopherwatson@yahoo.com,2024-06-26,US,starter,0,5.3,5.35,1.0,1,4,485,1,0,20.0,0
user_00268,Nicole Fisher,leroy26@gmail.com,2025-02-01,IN,starter,4,5.1,0.62,1.0,2,20,265,1,0,20.0,0
user_00269,Margaret Orr,johnsonmatthew@hotmail.com,2022-07-20,FR,free,5,13.7,1.96,3.0,2,45,1192,0,0,0.0,0
user_00270,Kimberly Lewis,michaelmitchell@hotmail.com,2022-04-14,US,free,2,15.5,0.82,4.0,2,32,1289,0,0,0.0,0
user_00271,Kelly Wright,hchapman@yahoo.com,2025-08-28,US,starter,1,4.3,9.41,1.0,1,0,57,0,0,0.0,0
user_00272,Zachary Barker,sandra19@yahoo.com,2025-01-12,US,starter,3,5.3,5.91,3.0,0,46,285,1,0,20.0,0
user_00273,Donna Mills,ariel56@yahoo.com,2022-01-31,US,pro,5,14.6,0.72,2.6,1,86,1362,1,0,87.36,0
user_00274,Kathy Murray,leechristine@hotmail.com,2022-07-11,DE,pro,6,12.1,1.85,0.0,2,36,1201,0,0,0.0,0
user_00275,Kelly Christensen,bwhite@hotmail.com,2023-04-30,IN,free,3,10.7,2.0,2.0,0,62,908,0,0,0.0,0
user_00276,Brian Garcia,nicholas10@gmail.com,2022-12-07,US,free,5,11.6,2.35,2.0,0,13,1052,1,0,0.0,0
user_00277,Nicole Cruz,omiller@hotmail.com,2024-04-12,US,starter,4,7.0,0.75,1.0,6,12,560,0,0,0.0,0
user_00278,Victoria Casey,brandon89@gmail.com,2024-09-21,US,starter,2,9.3,4.2,1.0,2,11,398,0,0,0.0,0
user_00279,Barbara Taylor,asmith@hotmail.com,2024-09-12,AU,starter,7,9.0,5.33,3.0,2,39,407,0,0,0.0,0
user_00280,Michael Burns,seanwalker@gmail.com,2023-03-14,US,starter,3,4.6,3.19,1.0,0,85,955,1,1,20.0,1
user_00281,Michael Lee,kaneashley@yahoo.com,2024-04-01,AU,pro,6,11.3,4.54,2.6,2,64,571,0,0,0.0,0
user_00282,Krystal Fleming,rhill@hotmail.com,2022-05-01,IN,free,0,13.0,1.39,3.0,1,4,1272,0,1,0.0,0
user_00283,Peter Stephenson,castillolindsey@hotmail.com,2022-12-04,US,free,6,6.7,1.92,2.0,1,29,1055,0,0,0.0,0
user_00284,David Wells,nbrown@hotmail.com,2024-02-16,FR,free,3,8.6,2.91,0.0,1,165,616,1,0,0.0,0
user_00285,Amy Williams,danielsmith@hotmail.com,2022-01-05,IN,free,0,8.8,3.15,3.0,4,10,1388,0,0,0.0,0
user_00286,Beth Hicks,tara89@hotmail.com,2024-03-10,CA,free,6,6.9,2.48,1.0,1,30,593,0,0,0.0,0
user_00287,Katie Conley,cwalter@yahoo.com,2023-06-28,AU,free,3,10.7,5.01,1.0,2,71,849,0,0,0.0,0
user_00288,Melissa Owens,alopez@yahoo.com,2024-07-20,US,free,6,5.3,3.64,1.0,1,68,461,1,0,0.0,0
user_00289,Kristen Thomas,matthewspencer@gmail.com,2023-08-08,US,free,1,13.3,5.39,2.0,1,11,808,0,0,0.0,0
user_00290,Deborah Garcia,jamesgray@yahoo.com,2024-05-16,CA,free,5,10.5,2.71,1.0,0,2,526,1,0,0.0,0
user_00291,David Williams DDS,victor72@yahoo.com,2025-02-12,US,free,4,4.3,2.69,0.0,2,31,254,0,0,0.0,0
user_00292,John Sosa,phillipsapril@gmail.com,2025-09-17,US,free,4,14.8,4.69,3.0,0,88,37,0,0,0.0,0
user_00293,Lisa Simmons,benjamin35@gmail.com,2024-09-23,US,starter,4,8.7,1.06,0.0,2,21,396,0,0,0.0,0
user_00294,Patrick Mack,kennedywilliam@gmail.com,2022-11-14,US,free,1,5.1,13.15,3.0,1,18,1075,0,0,0.0,0
user_00295,Nicole Wells,wcochran@yahoo.com,2023-01-24,DE,free,1,12.4,1.38,1.0,1,59,1004,0,0,0.0,0
user_00296,Paul Farmer,ashley74@gmail.com,2023-08-31,US,free,9,10.0,1.26,2.0,1,16,785,0,0,0.0,0
user_00297,Cassandra Serrano,ypaul@gmail.com,2023-03-22,IN,starter,6,1.0,5.18,1.0,1,34,947,0,0,0.0,0
user_00298,Sabrina Ortega,debbie75@hotmail.com,2022-04-30,GB,free,4,5.9,3.82,2.0,1,14,1273,0,1,0.0,0
user_00299,Rodney Horn,carneycharles@gmail.com,2025-04-01,IN,starter,2,9.1,4.24,2.0,0,14,206,0,0,0.0,0
user_00300,Christopher Clark,rtaylor@gmail.com,2025-01-15,US,free,3,1.0,2.76,4.0,1,6,282,0,1,0.0,0
user_00301,Cassandra Martinez,regina31@gmail.com,2022-05-05,DE,free,4,8.3,1.11,2.0,2,2,1268,1,0,0.0,0
user_00302,Gabrielle Lee DDS,halldaniel@yahoo.com,2023-10-05,US,free,4,8.6,7.52,4.0,3,64,750,1,0,0.0,0
user_00303,Emily Price,martinreid@hotmail.com,2022-04-28,DE,free,2,3.3,5.03,0.0,2,5,1275,0,0,0.0,0
user_00304,Alan Barr,charris@gmail.com,2022-04-13,FR,starter,1,9.1,1.55,1.0,2,1,1290,0,0,0.0,0
user_00305,Gary Ramirez,brettbraun@gmail.com,2025-04-11,IN,starter,4,8.0,4.72,2.0,3,26,196,1,0,20.0,0
user_00306,Kimberly Pope,ywolf@yahoo.com,2024-09-03,IN,pro,4,5.2,2.49,1.3,1,23,416,0,0,0.0,0
user_00307,Bradley Knox,travis66@hotmail.com,2024-10-26,IN,free,4,11.7,1.86,3.0,1,25,363,0,0,0.0,0
user_00308,Martin Chapman,crystal02@yahoo.com,2024-12-23,US,free,5,11.4,1.98,2.0,0,18,305,1,0,0.0,0
user_00309,Charles Wright,fieldskimberly@yahoo.com,2022-11-19,FR,starter,2,6.8,1.43,2.0,3,4,1070,0,0,0.0,0
user_00310,Christine Goodman,waynerodriguez@hotmail.com,2022-04-27,FR,free,4,7.2,2.72,5.0,1,0,1276,0,0,0.0,0
user_00311,Amy White,smithjoseph@gmail.com,2024-11-06,US,free,2,10.9,5.06,1.0,2,1,352,0,0,0.0,0
user_00312,Kelly Smith,meltonjoshua@hotmail.com,2022-06-14,GB,free,3,7.2,3.54,2.0,2,86,1228,0,0,0.0,0
user_00313,Lisa Hopkins,andersonlaura@yahoo.com,2023-01-16,AU,free,4,1.0,4.21,2.0,1,22,1012,1,0,0.0,0
user_00314,Jeremy Wilson,sarahnguyen@yahoo.com,2022-05-21,AU,pro,7,11.9,4.62,1.3,2,15,1252,1,0,84.63,0
user_00315,David Alvarez,joy31@hotmail.com,2025-05-03,IN,starter,3,4.7,0.34,3.0,0,15,174,0,0,0.0,0
user_00316,Tiffany Ray,juliesweeney@hotmail.com,2022-05-20,IN,starter,5,6.4,10.76,2.0,2,31,1253,0,1,0.0,1
user_00317,William Martinez,ujones@yahoo.com,2023-04-27,US,free,3,13.8,5.68,2.0,2,14,911,0,0,0.0,0
user_00318,Kimberly Davis,bclements@hotmail.com,2024-04-06,AU,free,2,7.5,3.2,2.0,1,47,566,0,0,0.0,0
user_00319,Anne Mccann,stricklandmichelle@hotmail.com,2022-09-03,US,free,1,8.0,0.99,2.0,4,9,1147,0,0,0.0,0
user_00320,Jeremy Smith,nguyenjennifer@hotmail.com,2025-03-12,GB,free,4,10.0,4.1,2.0,4,13,226,0,0,0.0,0
user_00321,Alejandro Hawkins,millerdavid@yahoo.com,2023-05-20,US,free,2,10.0,2.56,1.0,1,81,888,0,0,0.0,0
user_00322,Theresa Smith,brittanyramirez@hotmail.com,2025-03-31,US,starter,4,4.3,2.96,2.0,3,9,207,0,0,0.0,0
user_00323,David James,mjohnson@gmail.com,2025-05-02,IN,starter,5,7.8,4.98,4.0,0,32,175,0,1,0.0,1
user_00324,Brian Kelley,thompsonjessica@yahoo.com,2022-03-23,AU,free,0,8.1,3.42,1.0,2,13,1311,0,0,0.0,0
user_00325,Gregory Armstrong,jonathonparks@hotmail.com,2025-06-22,US,pro,5,11.1,9.68,1.3,2,19,124,1,0,82.39,0
user_00326,Latoya Adams,shirleymartin@gmail.com,2022-06-17,GB,starter,2,9.2,1.8,2.0,3,1,1225,1,0,20.0,0
user_00327,Johnny Baxter,lawsontami@hotmail.com,2024-05-08,US,free,2,18.3,0.59,3.0,1,5,534,1,0,0.0,0
user_00328,Holly Anderson,fstafford@gmail.com,2025-09-08,US,starter,1,3.3,2.48,6.0,3,3,46,1,0,20.0,0
user_00329,Erin Gomez,kevin62@hotmail.com,2025-04-10,IN,free,2,11.9,1.84,1.0,3,55,197,0,0,0.0,0
user_00330,Jeffrey Franco,fisherandrea@hotmail.com,2025-03-03,IN,free,2,12.7,3.71,5.0,2,97,235,0,0,0.0,0
user_00331,Pamela Macias,christinadaniel@gmail.com,2024-12-06,US,free,7,10.0,1.25,1.0,1,2,322,0,0,0.0,0
user_00332,Sean Gamble,sarahsimmons@hotmail.com,2023-10-10,US,starter,2,5.4,1.8,6.0,2,2,745,0,0,0.0,0
user_00333,Jamie Warren,justinramirez@hotmail.com,2023-06-19,US,free,3,14.7,3.82,1.0,2,24,858,0,0,0.0,0
user_00334,Travis Cox,williamstanya@hotmail.com,2023-02-23,US,free,1,1.0,2.12,1.0,4,21,974,0,0,0.0,0
user_00335,Jill Garcia,carolhorton@gmail.com,2023-10-06,AU,free,4,5.3,5.25,5.0,0,31,749,0,0,0.0,0
user_00336,Amy Compton,suarezkrystal@yahoo.com,2023-05-04,AU,free,2,12.7,1.28,3.0,1,40,904,0,0,0.0,0
user_00337,Daniel Erickson,cynthia55@gmail.com,2023-06-28,US,pro,6,8.5,1.38,0.0,3,47,849,0,0,0.0,0
user_00338,Jason Carr,erichardson@gmail.com,2024-03-21,GB,starter,5,14.4,4.13,1.0,2,4,582,0,0,0.0,0
user_00339,Robyn Thompson,jessicamorton@hotmail.com,2022-09-26,AU,free,3,2.0,0.78,5.0,2,1,1124,1,0,0.0,0
user_00340,Brian Smith,brianholt@hotmail.com,2025-08-14,US,free,3,3.6,0.41,2.0,0,65,71,0,0,0.0,0
user_00341,Amanda Stephens,cristiansosa@yahoo.com,2023-09-07,DE,free,3,5.9,0.91,1.0,2,19,778,0,0,0.0,0
user_00342,Thomas Gillespie,hensleytiffany@hotmail.com,2024-07-25,AU,free,4,9.7,5.53,1.0,2,106,456,0,0,0.0,0
user_00343,Jeremy Robles,idunn@hotmail.com,2023-10-10,US,free,6,7.1,1.58,2.0,2,22,745,0,0,0.0,0
user_00344,Lauren Fisher,jasonwalker@hotmail.com,2022-05-29,US,free,5,6.0,1.88,3.0,2,21,1244,0,0,0.0,0
user_00345,Dr. Jamie Johnson,vmanning@hotmail.com,2022-01-20,AU,free,1,13.7,4.35,4.0,3,29,1373,1,0,0.0,0
user_00346,Nathan Wallace,jenna62@yahoo.com,2024-07-27,IN,starter,4,14.1,4.98,0.0,3,5,454,0,0,0.0,0
user_00347,Calvin Lewis DDS,glee@gmail.com,2025-06-26,US,starter,1,6.3,4.43,3.0,1,8,120,0,0,0.0,0
user_00348,Ryan Johnson,hardingalan@yahoo.com,2025-02-27,US,free,3,1.2,4.13,0.0,2,70,239,0,0,0.0,0
user_00349,Jonathan Edwards,omiller@gmail.com,2022-07-24,IN,free,4,1.0,1.49,1.0,1,7,1188,0,0,0.0,0
user_00350,Rhonda Pena,macdonaldkim@yahoo.com,2022-05-31,CA,starter,4,9.0,2.79,1.0,1,7,1242,1,0,20.0,0
user_00351,Miss Tina Bradley DVM,valerie47@hotmail.com,2025-01-06,CA,free,5,10.6,0.78,1.0,3,21,291,0,0,0.0,0
user_00352,Mrs. Heidi Mitchell,nicholas96@gmail.com,2023-03-13,AU,pro,6,10.3,2.96,3.9000000000000004,2,30,956,0,0,0.0,0
user_00353,Michael Bailey,dwilson@gmail.com,2024-11-02,US,starter,1,7.7,0.51,2.0,2,0,356,0,0,0.0,0
user_00354,Brianna Lewis,hsavage@gmail.com,2023-06-28,IN,free,1,4.8,5.25,2.0,2,18,849,1,0,0.0,0
user_00355,Anthony Jacobson,christiancontreras@hotmail.com,2022-09-29,IN,free,4,10.6,1.89,3.0,2,15,1121,0,0,0.0,0
user_00356,Rodney Navarro,jason39@gmail.com,2023-12-16,IN,starter,5,14.7,2.73,2.0,3,60,678,0,1,0.0,1
user_00357,Steven Shaw,swalters@hotmail.com,2022-05-21,US,free,2,1.0,1.67,3.0,0,54,1252,0,0,0.0,0
user_00358,Ashley Banks,melissasampson@yahoo.com,2023-05-16,AU,free,4,7.7,5.71,0.0,2,70,892,0,1,0.0,1
user_00359,Robert Padilla,matthew96@gmail.com,2024-01-27,FR,pro,9,6.1,1.08,0.0,1,55,636,1,0,90.06,0
user_00360,Matthew Poole,mary25@gmail.com,2023-08-07,IN,free,3,2.0,0.99,4.0,1,46,809,0,0,0.0,0
user_00361,Alexandra Carrillo,kennethnichols@gmail.com,2022-11-20,GB,free,3,3.5,2.68,1.0,0,58,1069,1,0,0.0,0
user_00362,Matthew Hill,henryandrew@gmail.com,2024-06-16,US,starter,3,9.5,2.79,4.0,1,5,495,0,0,0.0,0
user_00363,Jennifer Preston,sara39@gmail.com,2025-01-17,IN,free,2,9.6,5.29,5.0,2,12,280,1,0,0.0,0
user_00364,Paige Robinson,johngonzalez@hotmail.com,2023-09-12,CA,free,4,13.8,3.11,1.0,2,34,773,0,0,0.0,0
user_00365,Ricky Matthews,pcarter@hotmail.com,2025-06-06,IN,pro,5,10.0,4.16,2.6,1,76,140,0,0,0.0,0
user_00366,Christopher Morris,jennifer19@hotmail.com,2025-09-01,AU,free,1,1.0,1.38,1.0,1,32,53,0,0,0.0,0
user_00367,Francisco Gonzalez,meaganpowell@hotmail.com,2024-12-19,GB,pro,5,9.0,8.6,1.3,0,6,309,0,0,0.0,0
user_00368,Alexis Harrison,fperez@gmail.com,2022-01-17,US,pro,5,4.5,3.34,1.3,2,86,1376,0,0,0.0,0
user_00369,Joshua Smith,hbarnett@hotmail.com,2025-09-29,DE,free,4,3.2,1.45,0.0,1,42,25,0,0,0.0,0
user_00370,William Morris,ngarcia@hotmail.com,2025-02-09,US,free,4,10.3,1.28,1.0,0,37,257,0,0,0.0,0
user_00371,Eric Gibson,shannonjacob@gmail.com,2023-09-06,US,free,3,8.8,2.74,2.0,3,43,779,1,0,0.0,0
user_00372,Bryan Pierce,drodriguez@hotmail.com,2025-09-20,US,free,4,10.4,0.68,1.0,3,32,34,0,0,0.0,0
user_00373,Amy Johnson,sstevenson@gmail.com,2022-08-01,IN,free,4,6.6,0.73,2.0,0,0,1180,0,0,0.0,0
user_00374,Christopher Cook,mary88@gmail.com,2022-10-03,DE,starter,1,11.2,0.73,1.0,1,8,1117,0,0,0.0,0
user_00375,Ariel Lara,kjohnson@hotmail.com,2023-06-26,IN,free,5,6.3,7.9,6.0,2,94,851,0,1,0.0,1
user_00376,Patrick Lee,keith07@hotmail.com,2022-08-25,DE,free,4,12.5,6.65,2.0,3,10,1156,1,0,0.0,0
user_00377,Joseph Roberts,natasha88@gmail.com,2022-08-08,GB,starter,1,9.4,1.19,4.0,0,44,1173,0,0,0.0,0
user_00378,Nicholas Reynolds,gross@yahoo.com,2025-02-07,US,free,5,7.2,3.17,2.0,3,16,259,1,0,0.0,0
user_00379,Jeffrey Liu,taylor67@yahoo.com,2022-11-15,DE,starter,4,8.8,4.23,0.0,0,71,1074,0,0,0.0,0
user_00380,Justin Bernard,nelsonvalerie@gmail.com,2023-07-12,US,free,1,7.9,3.48,2.0,2,24,835,1,0,0.0,0
user_00381,Krystal Vaughn,dannysmith@hotmail.com,2023-08-01,US,free,2,14.4,0.9,3.0,0,29,815,0,0,0.0,0
user_00382,Ashley Johnson,qroberts@gmail.com,2025-05-23,IN,starter,4,9.0,1.34,1.0,4,8,154,0,0,0.0,0
user_00383,Donald Cruz,vincent83@yahoo.com,2023-03-08,US,starter,2,8.0,3.13,2.0,1,1,961,1,0,20.0,0
user_00384,Christopher Hernandez,jesseortega@yahoo.com,2023-12-04,US,pro,9,9.0,1.07,3.9000000000000004,2,42,690,0,0,0.0,0
user_00385,David Ingram,jameshenry@hotmail.com,2023-02-21,GB,starter,4,11.4,5.47,2.0,1,2,976,1,0,20.0,0
user_00386,Carla Cervantes,kim98@gmail.com,2025-07-22,IN,starter,6,10.8,0.88,1.0,1,38,94,0,0,0.0,0
user_00387,Tina Chandler,brettfernandez@gmail.com,2023-06-25,IN,free,4,6.9,2.89,1.0,2,24,852,0,0,0.0,0
user_00388,David Warner,robert35@gmail.com,2024-11-01,AU,free,4,3.4,4.67,2.0,4,51,357,0,0,0.0,0
user_00389,Morgan Glass,claytimothy@gmail.com,2024-09-27,GB,starter,2,4.4,5.07,1.0,5,6,392,1,0,20.0,0
user_00390,Kathleen Perez,darrellwilson@hotmail.com,2023-05-30,FR,starter,1,7.3,5.12,1.0,3,23,878,0,0,0.0,0
user_00391,Jeffrey Brown,hmendoza@hotmail.com,2022-04-15,US,pro,6,15.4,2.09,2.6,3,28,1288,0,1,0.0,0
user_00392,Kimberly Simpson,kevintran@gmail.com,2022-07-09,GB,free,2,7.0,1.54,3.0,4,2,1203,0,0,0.0,0
user_00393,Cynthia Alexander,jamielopez@yahoo.com,2025-07-23,FR,free,4,5.6,3.33,3.0,0,40,93,0,0,0.0,0
user_00394,Amanda Hines,francisco67@hotmail.com,2024-05-17,GB,starter,5,1.0,4.13,3.0,1,14,525,0,1,0.0,0
user_00395,Diana Fleming,jlittle@gmail.com,2023-07-21,CA,free,0,14.1,3.99,1.0,0,4,826,0,0,0.0,0
user_00396,Angela Prince,tranjeremy@hotmail.com,2022-04-01,US,pro,8,12.3,6.5,0.0,2,14,1302,1,0,90.46,0
user_00397,Ryan Atkinson,xmerritt@yahoo.com,2022-01-08,US,pro,6,13.2,5.47,0.0,4,3,1385,0,0,0.0,0
user_00398,Amanda Conrad,james94@gmail.com,2023-11-15,IN,free,3,11.8,3.19,2.0,2,65,709,1,0,0.0,0
user_00399,Vanessa Hall,catherineflynn@yahoo.com,2022-09-25,US,starter,5,7.3,1.5,5.0,2,18,1125,0,0,0.0,0
user_00400,Jennifer Lucero,vaughnveronica@gmail.com,2025-07-28,FR,starter,0,8.3,3.26,2.0,3,4,88,0,1,0.0,0
user_00401,Hector Morales,byang@yahoo.com,2023-06-21,US,free,3,14.0,7.33,1.0,3,8,856,0,0,0.0,0
user_00402,Nicholas Cummings,marcus52@gmail.com,2022-11-27,AU,pro,4,10.7,3.04,6.5,3,38,1062,0,0,0.0,0
user_00403,Diana Hobbs,moyeramber@gmail.com,2024-06-23,AU,free,2,10.4,1.88,4.0,3,46,488,0,0,0.0,0
user_00404,Alexander Harris,joshua81@hotmail.com,2025-02-03,US,starter,3,11.5,3.89,0.0,1,1,263,0,0,0.0,0
user_00405,Andrew Garcia,emilybaker@gmail.com,2024-05-25,US,free,1,10.6,0.88,2.0,1,1,517,0,0,0.0,0
user_00406,Diane Gonzalez,todd24@gmail.com,2025-02-22,FR,pro,4,9.5,4.29,2.6,1,74,244,1,0,91.49,0
user_00407,Mark Harper,anthonyadams@gmail.com,2022-01-20,AU,free,4,7.9,5.32,3.0,1,12,1373,1,0,0.0,0
user_00408,Raymond Green,david80@hotmail.com,2022-08-18,IN,free,5,11.1,2.88,2.0,1,6,1163,0,0,0.0,0
user_00409,Michael Barr,masonlacey@gmail.com,2022-06-04,US,pro,8,13.1,4.3,1.3,4,3,1238,0,0,0.0,0
user_00410,David Barton,kristen68@hotmail.com,2022-11-02,IN,free,2,12.7,0.3,1.0,1,19,1087,0,0,0.0,0
user_00411,Dale Baker,kwood@gmail.com,2025-01-22,CA,free,2,10.2,2.07,2.0,1,44,275,0,0,0.0,0
user_00412,Robert Daugherty,kmills@gmail.com,2022-03-15,US,pro,6,12.4,1.66,5.2,1,22,1319,1,0,88.55,0
user_00413,Eric Morgan,morseronald@gmail.com,2024-01-27,CA,pro,8,8.2,1.22,1.3,4,0,636,0,0,0.0,0
user_00414,Carla Goodman,kellycohen@hotmail.com,2025-04-07,US,free,6,5.7,2.36,0.0,2,19,200,1,0,0.0,0
user_00415,David Ford,carlfields@gmail.com,2025-02-05,US,starter,3,11.1,4.12,3.0,0,11,261,1,0,20.0,0
user_00416,Denise Hoover,barbara99@yahoo.com,2022-10-31,US,free,1,5.7,2.23,3.0,1,34,1089,0,0,0.0,0
user_00417,Aaron Hall,annbennett@yahoo.com,2024-05-30,US,free,2,7.9,4.77,1.0,6,22,512,0,0,0.0,0
user_00418,Ryan Stewart,yhenry@yahoo.com,2022-09-19,US,free,2,13.5,4.07,3.0,4,100,1131,0,0,0.0,0
user_00419,Jessica Bailey,wesley09@yahoo.com,2022-03-27,IN,starter,2,12.9,1.58,2.0,2,27,1307,0,0,0.0,0
user_00420,James Forbes,hflowers@gmail.com,2023-09-24,US,starter,2,9.2,1.76,0.0,2,30,761,1,0,20.0,0
user_00421,Shannon Ramirez,charlotte86@gmail.com,2024-01-17,US,starter,2,6.8,0.42,0.0,4,22,646,0,0,0.0,0
user_00422,Kristina Wilson,julierojas@yahoo.com,2022-03-23,US,starter,3,7.5,9.02,2.0,3,11,1311,1,0,20.0,0
user_00423,Christopher Taylor,benjamindavenport@yahoo.com,2024-01-03,AU,free,4,11.5,1.18,2.0,3,29,660,0,0,0.0,0
user_00424,Jessica Brewer DDS,jacqueline50@gmail.com,2023-03-07,IN,free,3,7.9,2.94,2.0,1,12,962,0,0,0.0,0
user_00425,Matthew Garcia,oevans@hotmail.com,2023-05-27,IN,free,2,5.8,2.31,1.0,4,37,881,0,0,0.0,0
user_00426,Derrick Ray,hopkinsjames@gmail.com,2025-09-27,GB,free,2,12.9,7.07,3.0,1,8,27,0,0,0.0,0
user_00427,David Harris,lori69@yahoo.com,2022-07-30,AU,free,5,8.7,3.24,1.0,2,13,1182,0,0,0.0,0
user_00428,Mckenzie Cordova,ronaldmitchell@yahoo.com,2023-12-26,US,pro,6,7.7,3.83,2.6,0,26,668,1,0,90.58,0
user_00429,Tyler Fisher,dhenderson@yahoo.com,2025-02-20,CA,free,2,9.9,6.0,2.0,2,29,246,0,0,0.0,0
user_00430,Brian Roman,bill77@yahoo.com,2024-04-12,CA,free,1,11.9,2.94,2.0,2,33,560,0,0,0.0,0
user_00431,George Phillips,cynthiajordan@yahoo.com,2025-06-25,GB,free,5,4.0,1.29,1.0,1,36,121,1,0,0.0,0
user_00432,David Petersen,copelandryan@gmail.com,2022-11-13,US,starter,2,7.2,3.74,2.0,2,11,1076,0,0,0.0,0
user_00433,Whitney Gilbert,joshuaford@hotmail.com,2023-04-30,CA,starter,2,7.0,0.78,4.0,2,66,908,1,0,20.0,0
user_00434,Alicia Nguyen,amandajackson@yahoo.com,2022-11-29,US,free,5,9.8,1.13,1.0,4,0,1060,0,0,0.0,0
user_00435,Samuel Faulkner,yfritz@hotmail.com,2022-12-29,GB,free,2,10.5,1.83,4.0,1,6,1030,0,0,0.0,0
user_00436,Samuel Davis,wayne86@gmail.com,2024-04-24,CA,starter,3,5.8,0.92,2.0,1,2,548,1,0,20.0,0
user_00437,Dustin Middleton,udougherty@hotmail.com,2022-02-20,US,free,0,2.0,2.0,1.0,0,33,1342,0,1,0.0,1
user_00438,Kaitlyn Davis,yfritz@gmail.com,2023-01-03,FR,starter,0,12.1,0.17,2.0,3,9,1025,0,0,0.0,0
user_00439,Sara Wiggins,gonzalesmaria@gmail.com,2023-11-12,US,starter,1,3.5,2.89,1.0,2,6,712,0,0,0.0,0
user_00440,Neil Williams,ellisjenna@gmail.com,2024-04-23,FR,free,4,9.1,3.6,2.0,0,19,549,0,0,0.0,0
user_00441,Michael Rivera,rmarquez@yahoo.com,2023-05-24,IN,free,6,7.5,1.63,2.0,1,28,884,1,0,0.0,0
user_00442,Ebony Cruz,nicholas72@hotmail.com,2023-07-01,US,pro,6,10.6,0.8,3.9000000000000004,4,28,846,1,0,88.56,0
user_00443,Jamie Barnett,nelsonsuzanne@hotmail.com,2022-11-23,US,free,1,14.6,2.5,4.0,3,24,1066,0,0,0.0,0
user_00444,Mrs. Lacey Wright,ygarcia@gmail.com,2022-08-10,AU,free,0,20.2,4.06,1.0,0,144,1171,1,0,0.0,0
user_00445,Audrey Miller,william84@hotmail.com,2024-02-23,US,starter,0,1.5,0.71,1.0,1,59,609,0,0,0.0,0
user_00446,David Hill,warren58@yahoo.com,2022-03-21,US,pro,3,13.9,19.63,0.0,0,8,1313,1,0,93.3,0
user_00447,Daniel Powers,jessica57@yahoo.com,2024-08-21,US,pro,4,9.4,4.44,0.0,3,42,429,0,0,0.0,0
user_00448,Aaron Case,jonesethan@hotmail.com,2023-04-01,GB,starter,3,12.2,4.2,2.0,0,25,937,0,0,0.0,0
user_00449,Travis Harrington,tiffany62@gmail.com,2023-02-13,IN,free,5,11.8,11.06,2.0,0,2,984,0,0,0.0,0
user_00450,Justin Gonzales,jonathan02@gmail.com,2024-07-31,US,free,7,13.6,3.43,0.0,1,1,450,0,0,0.0,0
user_00451,Robert Yates,mbishop@gmail.com,2023-12-18,US,starter,0,9.1,1.25,3.0,4,48,676,0,0,0.0,0
user_00452,John Preston,amanda39@yahoo.com,2023-09-18,US,free,4,4.4,1.49,2.0,2,23,767,0,0,0.0,0
user_00453,Brittany Parker,kelseyjohnson@yahoo.com,2023-04-12,US,free,2,11.7,5.13,1.0,2,25,926,0,0,0.0,0
user_00454,Sean Dickerson,jasondavis@hotmail.com,2023-04-02,IN,pro,5,10.5,6.82,6.5,3,12,936,0,0,0.0,0
user_00455,Brian Bryant,pbautista@yahoo.com,2022-02-18,CA,free,4,7.1,5.2,2.0,2,79,1344,0,0,0.0,0
user_00456,Rhonda Liu,amorrow@gmail.com,2025-09-13,US,free,0,6.1,3.9,1.0,2,37,41,1,0,0.0,0
user_00457,Rita White,ericsmith@gmail.com,2023-01-31,US,free,3,12.0,3.51,3.0,0,78,997,1,0,0.0,0
user_00458,Brian Alvarez DVM,lindathomas@hotmail.com,2024-03-27,US,free,1,14.4,4.3,5.0,2,3,576,1,0,0.0,0
user_00459,Diane Gilbert,alexiswalters@gmail.com,2023-11-04,AU,free,3,3.2,3.37,2.0,2,26,720,0,0,0.0,0
user_00460,Kenneth Webb,qalvarado@yahoo.com,2023-07-25,AU,free,6,10.5,1.02,1.0,2,30,822,1,0,0.0,0
user_00461,Jacob May,marywalker@gmail.com,2022-05-23,DE,free,3,6.5,1.5,2.0,0,4,1250,0,0,0.0,0
user_00462,Richard Hart,brandon64@yahoo.com,2023-07-26,US,starter,5,2.1,4.72,3.0,1,12,821,0,0,0.0,0
user_00463,John Taylor,debbiemyers@gmail.com,2023-12-21,US,starter,2,8.6,11.2,1.0,4,7,673,1,0,20.0,0
user_00464,Victor Hill,lynn89@yahoo.com,2025-08-06,US,free,1,4.7,5.34,1.0,2,124,79,0,0,0.0,0
user_00465,Nicole Cortez,gbrown@yahoo.com,2024-11-09,US,pro,7,3.7,11.25,0.0,3,23,349,1,0,83.22,0
user_00466,Mark Murphy,johnstondavid@gmail.com,2024-03-29,IN,free,7,4.9,0.66,3.0,2,11,574,0,0,0.0,0
user_00467,Nathan Williams,loretta55@gmail.com,2025-01-03,DE,free,2,3.9,5.58,1.0,0,32,294,0,0,0.0,0
user_00468,Frederick Lyons,fedwards@hotmail.com,2023-11-10,FR,pro,7,7.4,6.64,2.6,0,32,714,0,0,0.0,0
user_00469,Scott Washington,regina84@hotmail.com,2022-02-26,FR,free,4,2.7,3.22,2.0,1,12,1336,0,0,0.0,0
user_00470,Melissa Gonzalez,elizabethhill@yahoo.com,2022-08-25,US,pro,3,8.4,2.62,2.6,2,153,1156,0,0,0.0,0
user_00471,Courtney Wong,yburton@hotmail.com,2023-06-19,CA,free,5,5.1,3.61,3.0,2,49,858,0,0,0.0,0
user_00472,Dennis Wood,colinlowery@hotmail.com,2023-01-01,US,pro,10,11.5,7.34,2.6,1,15,1027,1,0,102.07,0
user_00473,Brian Mckenzie,thomas21@hotmail.com,2025-04-04,US,free,1,10.4,2.68,2.0,1,32,203,1,0,0.0,0
user_00474,Desiree King,arellanobrian@yahoo.com,2023-06-28,CA,pro,5,11.0,2.14,5.2,0,37,849,1,0,98.14,0
user_00475,Andrea Brown,isaac45@gmail.com,2022-03-20,US,free,3,7.1,6.74,0.0,1,5,1314,0,0,0.0,0
user_00476,Jonathan Lopez,flemingcody@gmail.com,2022-08-11,IN,pro,4,9.0,3.14,2.6,1,63,1170,1,1,84.77,1
user_00477,Janice Johnson,savannah15@hotmail.com,2025-05-06,US,free,2,4.7,3.3,1.0,1,52,171,0,0,0.0,0
user_00478,Kathleen Munoz,qcochran@hotmail.com,2024-06-08,CA,free,2,4.7,0.35,2.0,1,42,503,0,0,0.0,0
user_00479,Ann Pena,rosebobby@gmail.com,2023-12-09,DE,pro,4,12.8,1.98,3.9000000000000004,1,7,685,0,0,0.0,0
user_00480,Nancy Ferguson,charles37@gmail.com,2023-10-05,US,free,7,1.0,5.66,4.0,1,4,750,1,0,0.0,0
user_00481,Jane Mccullough,perryrobert@yahoo.com,2024-06-12,DE,starter,0,7.7,5.36,0.0,2,5,499,0,0,0.0,0
user_00482,Katherine Greene,melissa41@gmail.com,2025-05-26,US,starter,8,6.7,3.59,1.0,2,2,151,1,0,20.0,0
user_00483,Kristen Jimenez,kaylahardy@gmail.com,2024-11-13,IN,free,3,10.4,0.42,1.0,0,84,345,1,0,0.0,0
user_00484,Gloria Clements,amystewart@gmail.com,2022-08-25,CA,starter,3,2.3,1.49,1.0,2,57,1156,0,0,0.0,0
user_00485,Kimberly Montgomery,elliottcharles@hotmail.com,2024-02-28,CA,free,0,8.0,8.85,4.0,3,2,604,0,0,0.0,0
user_00486,Matthew Campbell,michealsmith@yahoo.com,2025-03-26,AU,pro,6,11.4,4.09,3.9000000000000004,0,33,212,0,0,0.0,0
user_00487,Michelle Weaver,johnmarquez@hotmail.com,2023-01-25,US,free,1,1.0,4.76,2.0,3,8,1003,0,0,0.0,0
user_00488,Joshua Gallagher,cwhite@gmail.com,2023-06-06,CA,free,3,3.7,1.44,3.0,1,0,871,0,0,0.0,0
user_00489,Mary Nelson,riverachristopher@yahoo.com,2022-04-01,GB,pro,4,9.6,3.96,3.9000000000000004,0,10,1302,1,0,88.0,0
user_00490,Elizabeth Jones,hannah31@hotmail.com,2024-06-12,AU,pro,4,12.1,2.19,3.9000000000000004,1,17,499,0,0,0.0,0
user_00491,Andrew Beard,haneykrystal@hotmail.com,2022-01-04,US,free,5,8.7,1.94,4.0,0,0,1389,0,0,0.0,0
user_00492,Ricky Buchanan,vhopkins@hotmail.com,2024-11-30,DE,starter,4,10.2,1.25,3.0,2,11,328,0,0,0.0,0
user_00493,Tammy Smith,trujillorobin@hotmail.com,2025-01-07,GB,free,9,3.7,2.23,3.0,1,36,290,0,0,0.0,0
user_00494,Renee Rodriguez,browndominic@hotmail.com,2023-02-08,US,free,2,1.6,2.32,3.0,2,7,989,0,0,0.0,0
user_00495,Tiffany Smith,douglas89@gmail.com,2024-01-16,IN,free,2,8.3,4.37,3.0,2,19,647,0,0,0.0,0
user_00496,Angela Lopez,ucooper@gmail.com,2024-06-02,US,free,2,3.1,0.52,0.0,1,65,509,0,0,0.0,0
user_00497,Phillip Moran,jeremyjackson@hotmail.com,2022-05-24,GB,free,2,4.5,0.85,3.0,2,0,1249,0,0,0.0,0
user_00498,Joel Mclean,edwardshah@gmail.com,2025-09-22,FR,free,4,11.7,2.67,4.0,2,46,32,0,0,0.0,0
user_00499,Brittany Rogers,alara@yahoo.com,2023-11-08,GB,pro,4,10.8,1.43,0.0,1,14,716,1,0,83.96,0
user_00500,George Collins,barbara53@gmail.com,2025-06-30,GB,pro,5,7.7,1.59,2.6,1,23,116,0,0,0.0,0
user_00501,Lisa Li,michaelstrickland@yahoo.com,2023-10-05,IN,starter,2,5.2,7.37,2.0,2,7,750,0,0,0.0,0
user_00502,Erin Summers,jose24@gmail.com,2025-09-20,US,free,3,10.5,4.17,4.0,0,25,34,1,0,0.0,0
user_00503,John Browning,uwood@hotmail.com,2022-09-13,US,free,1,8.8,2.24,1.0,1,39,1137,0,0,0.0,0
user_00504,Maria Foster,teresa51@yahoo.com,2023-09-08,IN,starter,1,3.1,1.39,1.0,2,6,777,0,0,0.0,0
user_00505,Kimberly Warren,katherinedodson@gmail.com,2024-11-04,US,starter,5,1.0,7.76,2.0,2,12,354,1,0,20.0,0
user_00506,Peter Santiago,hermanjulie@yahoo.com,2023-09-26,US,free,4,15.5,0.7,2.0,0,25,759,0,0,0.0,0
user_00507,Christopher Harris,oliviameyers@yahoo.com,2025-09-27,IN,pro,10,5.1,7.73,1.3,0,16,27,0,0,0.0,0
user_00508,Crystal Zamora,chrisrodriguez@gmail.com,2024-04-16,US,starter,1,10.1,8.08,0.0,0,10,556,0,0,0.0,0
user_00509,Theresa Conrad,beardsarah@gmail.com,2023-10-31,US,pro,5,16.0,4.02,0.0,0,18,724,0,1,0.0,0
user_00510,Cynthia Kane,chungnancy@hotmail.com,2024-04-04,IN,starter,5,8.6,3.45,1.0,2,10,568,1,0,20.0,0
user_00511,Derek Lambert,nathanielwinters@hotmail.com,2023-08-29,US,starter,4,5.6,3.6,2.0,2,10,787,0,0,0.0,0
user_00512,Margaret Russell,rmolina@gmail.com,2025-02-09,AU,free,5,2.3,4.32,2.0,1,28,257,0,0,0.0,0
user_00513,Scott Weber,jodisutton@yahoo.com,2022-09-18,FR,pro,7,4.2,4.71,1.3,1,19,1132,1,0,94.76,0
user_00514,Sara Brooks,nturner@hotmail.com,2023-01-28,CA,pro,6,11.5,5.09,1.3,2,33,1000,0,0,0.0,0
user_00515,Cheryl Smith,portermichael@yahoo.com,2024-05-11,US,free,4,13.8,1.35,4.0,0,54,531,0,0,0.0,0
user_00516,James Ryan,arobinson@gmail.com,2025-09-23,DE,free,6,6.4,0.4,1.0,1,85,31,1,0,0.0,0
user_00517,Megan Johnson,gonzaleztodd@gmail.com,2024-02-16,DE,free,4,5.8,4.93,3.0,1,4,616,1,0,0.0,0
user_00518,Amanda White,barnesarthur@yahoo.com,2022-12-23,DE,starter,6,10.8,0.88,4.0,0,29,1036,1,0,20.0,0
user_00519,Brandon Rich,angela71@hotmail.com,2025-06-14,US,pro,5,7.3,10.51,1.3,3,26,132,0,0,0.0,0
user_00520,Andrew Harris,nmendoza@gmail.com,2025-03-11,GB,free,4,9.1,2.35,0.0,2,60,227,0,0,0.0,0
user_00521,Mark Trevino,uwilliams@yahoo.com,2023-09-09,FR,free,0,8.2,9.43,2.0,1,67,776,0,0,0.0,0
user_00522,Tara Myers,joshua47@hotmail.com,2024-04-11,GB,free,3,6.4,3.37,0.0,0,42,561,0,1,0.0,1
user_00523,Joseph Murphy,ashleebailey@yahoo.com,2025-01-27,GB,pro,4,9.9,2.76,0.0,1,27,270,0,0,0.0,0
user_00524,Jason Baker,jamietyler@yahoo.com,2022-01-01,IN,starter,4,15.1,4.11,3.0,1,6,1392,1,0,20.0,0
user_00525,James Love,dgonzalez@yahoo.com,2023-09-15,IN,starter,2,10.4,8.69,3.0,1,9,770,0,0,0.0,0
user_00526,John Hughes,tiffany44@yahoo.com,2023-08-11,US,free,3,12.4,2.82,0.0,1,27,805,0,0,0.0,0
user_00527,Lindsey Walton,patricialowery@yahoo.com,2023-03-07,GB,free,4,4.3,2.71,4.0,1,4,962,0,0,0.0,0
user_00528,Elizabeth Riley,marc78@hotmail.com,2024-05-30,US,free,5,12.4,2.54,2.0,3,6,512,0,0,0.0,0
user_00529,Jake Warner,parker76@hotmail.com,2025-04-02,IN,free,2,10.6,1.81,1.0,4,72,205,0,0,0.0,0
user_00530,David Perez,gilbertangela@yahoo.com,2025-05-27,US,pro,7,4.0,4.74,1.3,3,93,150,0,0,0.0,0
user_00531,Edward Garrison,mortonjames@hotmail.com,2025-09-02,IN,starter,5,10.2,3.51,0.0,3,0,52,0,0,0.0,0
user_00532,Debra Logan,harrisonmeghan@gmail.com,2023-10-22,US,pro,7,7.9,13.99,2.6,1,59,733,0,0,0.0,0
user_00533,Douglas Sanchez,hwalton@yahoo.com,2024-08-10,CA,pro,8,3.8,2.76,2.6,2,83,440,0,0,0.0,0
user_00534,Andrew Jones,whampton@gmail.com,2024-06-23,DE,free,1,8.5,7.63,2.0,0,22,488,0,0,0.0,0
user_00535,Elizabeth Sanchez,smiller@yahoo.com,2024-06-24,US,starter,3,10.2,3.67,4.0,4,17,487,1,0,20.0,0
user_00536,William Boone,andrew65@hotmail.com,2023-03-14,US,pro,8,10.6,6.2,0.0,2,75,955,0,0,0.0,0
user_00537,Dustin Williams,douglas31@hotmail.com,2024-11-12,US,starter,1,7.6,1.63,3.0,1,0,346,0,0,0.0,0
user_00538,Andrew Turner,qwilson@yahoo.com,2024-08-27,FR,free,0,6.7,2.38,2.0,2,55,423,0,0,0.0,0
user_00539,William Jefferson,lwilliams@yahoo.com,2022-12-14,IN,free,1,17.9,2.04,0.0,0,10,1045,0,0,0.0,0
user_00540,Charles Walker,sanchezcindy@hotmail.com,2025-09-11,IN,free,2,3.3,4.42,2.0,1,30,43,0,0,0.0,0
user_00541,Anthony Sullivan,pjordan@yahoo.com,2022-06-23,US,pro,6,13.5,1.73,1.3,4,11,1219,1,0,91.1,0
user_00542,Linda Watkins,elizabeth10@gmail.com,2023-08-05,GB,starter,1,8.1,1.1,4.0,1,22,811,0,0,0.0,0
user_00543,Zachary Miller,eric81@yahoo.com,2024-11-21,FR,free,2,4.6,0.3,0.0,2,49,337,0,0,0.0,0
user_00544,Amanda Phelps,jennifercampbell@yahoo.com,2025-09-21,DE,starter,2,7.8,4.15,2.0,1,5,33,0,0,0.0,0
user_00545,Nathan Graham,shannon56@hotmail.com,2025-07-20,GB,starter,5,2.4,0.87,0.0,2,32,96,0,0,0.0,0
user_00546,Rachel Best,aaron78@gmail.com,2025-06-22,US,free,1,5.6,2.62,2.0,2,68,124,0,0,0.0,0
user_00547,Mary Doyle,wellsnatalie@yahoo.com,2023-11-18,US,free,3,7.8,0.73,2.0,3,69,706,0,0,0.0,0
user_00548,Sandy Walker,usmith@hotmail.com,2022-07-11,US,starter,2,1.8,2.67,2.0,1,67,1201,0,0,0.0,0
user_00549,Matthew Crawford,gary44@yahoo.com,2023-04-27,US,free,4,10.0,2.55,4.0,1,21,911,0,0,0.0,0
user_00550,Christopher Davis,rcontreras@gmail.com,2023-09-28,US,starter,5,4.1,1.69,1.0,2,43,757,0,0,0.0,0
user_00551,Jasmine Lopez,petersonpaul@yahoo.com,2023-04-06,US,free,3,2.2,3.53,2.0,2,17,932,0,0,0.0,0
user_00552,Connor Walsh,montesmichelle@gmail.com,2023-02-12,US,pro,6,5.7,2.41,2.6,2,18,985,1,0,87.74,0
user_00553,Kristina Wilson,hestermichael@yahoo.com,2022-10-29,AU,free,3,16.7,4.85,0.0,2,10,1091,0,0,0.0,0
user_00554,Alexander Mitchell,lucas12@hotmail.com,2022-02-20,GB,free,2,1.0,5.66,0.0,2,10,1342,0,0,0.0,0
user_00555,Destiny Skinner,harrisonmichael@hotmail.com,2022-04-05,FR,pro,6,11.7,8.85,1.3,2,1,1298,0,0,0.0,0
user_00556,Todd Jacobson,travisyoung@yahoo.com,2023-05-17,CA,free,6,5.0,2.65,4.0,0,22,891,0,0,0.0,0
user_00557,Joseph Cooper,sullivanjames@yahoo.com,2024-08-31,US,free,2,6.6,4.01,1.0,0,11,419,0,0,0.0,0
user_00558,Robin Carpenter,jennifergreer@gmail.com,2025-06-05,CA,free,1,10.4,2.64,1.0,1,6,141,0,1,0.0,0
user_00559,Jillian Thomas,harringtonmartha@hotmail.com,2022-05-30,US,starter,3,10.2,3.68,1.0,4,3,1243,0,1,0.0,0
user_00560,Brian Mitchell,samuelanderson@gmail.com,2024-07-21,GB,starter,1,5.3,2.75,1.0,2,12,460,0,0,0.0,0
user_00561,William Arnold,courtneymadden@gmail.com,2024-04-28,US,starter,4,2.6,2.96,2.0,2,68,544,0,0,0.0,0
user_00562,Melissa Spencer,iblake@yahoo.com,2025-07-13,AU,free,5,10.5,7.24,3.0,2,21,103,1,0,0.0,0
user_00563,Kristina Norris,rmartinez@hotmail.com,2025-03-24,US,free,2,10.2,0.42,2.0,0,24,214,0,0,0.0,0
user_00564,Brandon Mclean,sandyramirez@yahoo.com,2023-02-03,US,free,3,6.9,3.06,0.0,0,1,994,0,0,0.0,0
user_00565,Paul Hawkins,cbrown@gmail.com,2024-02-26,AU,free,0,9.8,3.04,1.0,1,22,606,1,0,0.0,0
user_00566,Molly Ramsey,orodriguez@hotmail.com,2024-10-09,US,free,1,6.2,1.57,4.0,5,33,380,0,0,0.0,0
user_00567,Kelly Peters,xphillips@hotmail.com,2024-03-29,CA,free,7,4.7,3.93,2.0,3,4,574,0,0,0.0,0
user_00568,Ashley Neal,brianwhite@gmail.com,2023-05-15,CA,free,6,8.0,2.54,2.0,2,123,893,0,0,0.0,0
user_00569,Amber Garrison,holmescolleen@gmail.com,2022-10-30,FR,pro,5,12.1,2.59,1.3,2,73,1090,0,0,0.0,0
user_00570,Erica Martin,brian90@hotmail.com,2025-09-05,AU,free,2,9.2,2.94,0.0,2,149,49,0,1,0.0,1
user_00571,Michael Norton,nicolas08@yahoo.com,2022-01-12,AU,free,3,10.0,7.52,1.0,1,13,1381,0,0,0.0,0
user_00572,Amber Stanley,jblair@hotmail.com,2022-08-07,US,starter,4,5.0,11.49,1.0,2,51,1174,0,0,0.0,0
user_00573,Daniel Ortiz,mary18@hotmail.com,2024-05-20,DE,free,3,14.3,2.23,3.0,1,11,522,0,0,0.0,0
user_00574,Morgan Hayden,jessica89@hotmail.com,2023-03-25,GB,starter,4,6.6,2.04,0.0,1,41,944,0,0,0.0,0
user_00575,Christopher Sanchez,matthew24@gmail.com,2022-12-27,GB,pro,4,9.5,3.78,3.9000000000000004,1,88,1032,1,0,92.7,0
user_00576,Julie Parker,john88@gmail.com,2024-11-26,US,pro,7,4.7,0.89,5.2,2,5,332,1,0,91.34,0
user_00577,William Owens,lindadavis@hotmail.com,2024-08-09,CA,free,3,7.2,2.32,3.0,2,4,441,0,0,0.0,0
user_00578,Nathan Cobb,uchang@yahoo.com,2022-04-13,AU,pro,7,12.1,0.61,2.6,0,3,1290,0,0,0.0,0
user_00579,Dr. Richard Cortez,sbaker@hotmail.com,2025-02-15,AU,free,4,11.1,1.32,1.0,2,48,251,1,0,0.0,0
user_00580,Stephen Frazier,katherinerussell@gmail.com,2023-05-26,IN,free,4,14.2,3.7,0.0,3,32,882,0,0,0.0,0
user_00581,Lisa Wagner,ygraham@hotmail.com,2022-09-06,US,free,3,10.1,1.15,2.0,2,22,1144,0,1,0.0,0
user_00582,Betty Deleon,corythompson@gmail.com,2024-07-23,US,pro,3,11.1,4.83,1.3,3,44,458,0,0,0.0,0
user_00583,Robert Hicks,john88@gmail.com,2022-10-01,DE,free,4,6.2,2.06,1.0,1,56,1119,0,0,0.0,0
user_00584,Maria Mendez,richardharper@hotmail.com,2024-08-09,CA,free,3,5.4,1.58,1.0,3,89,441,0,0,0.0,0
user_00585,Kenneth Bennett,stephaniezamora@gmail.com,2025-09-29,IN,starter,6,11.9,5.02,2.0,1,6,25,0,0,0.0,0
user_00586,Brenda Costa,abigailrobinson@hotmail.com,2024-12-23,US,free,1,11.8,2.82,1.0,0,17,305,0,0,0.0,0
user_00587,Steven Meyer,wberry@yahoo.com,2025-02-18,IN,free,3,3.7,3.57,3.0,2,76,248,0,0,0.0,0
user_00588,Claire Hoffman,connie00@gmail.com,2025-05-04,IN,free,3,10.9,2.04,7.0,1,18,173,0,1,0.0,0
user_00589,Mary Palmer,christopher91@hotmail.com,2023-10-12,AU,free,3,10.6,4.55,2.0,3,20,743,0,0,0.0,0
user_00590,Patricia Roy,ahines@hotmail.com,2024-06-25,GB,free,3,3.5,0.94,2.0,1,85,486,0,0,0.0,0
user_00591,Kristi Davis,carlos33@gmail.com,2025-06-08,US,free,2,10.2,5.83,2.0,0,39,138,0,0,0.0,0
user_00592,Brandi Velazquez,david78@hotmail.com,2024-10-30,IN,starter,3,3.8,0.2,3.0,4,24,359,0,0,0.0,0
user_00593,Daniel Jones,marilyn67@hotmail.com,2024-05-23,US,free,3,1.0,0.25,4.0,1,13,519,1,0,0.0,0
user_00594,Natalie Porter,bhall@gmail.com,2025-01-27,AU,free,3,7.4,1.7,2.0,1,74,270,0,0,0.0,0
user_00595,Sarah Thompson,diazaaron@hotmail.com,2024-07-02,US,pro,5,11.0,3.04,5.2,2,0,479,0,0,0.0,0
user_00596,Carolyn Walker,millskayla@gmail.com,2022-11-22,IN,free,2,7.5,1.97,4.0,3,11,1067,0,0,0.0,0
user_00597,Jennifer Bryant,eileendaniels@hotmail.com,2024-08-30,US,starter,2,19.5,1.15,2.0,1,87,420,0,0,0.0,0
user_00598,Edgar Anderson,kellyharold@hotmail.com,2024-07-10,CA,free,5,9.5,7.82,2.0,0,20,471,0,0,0.0,0
user_00599,Craig Hammond,troybrady@hotmail.com,2023-06-15,CA,free,2,8.6,2.44,1.0,1,29,862,0,0,0.0,0
user_00600,Aaron Schneider,zmurray@gmail.com,2023-05-22,CA,free,6,9.7,5.91,0.0,3,22,886,0,1,0.0,0
user_00601,Logan Lopez,tanyajackson@hotmail.com,2025-07-29,US,free,4,6.2,0.45,4.0,1,15,87,0,0,0.0,0
user_00602,Lisa Parks,leecourtney@gmail.com,2023-07-22,US,free,3,11.7,1.21,0.0,1,32,825,0,0,0.0,0
user_00603,Ashley Olson,robinsonglenn@hotmail.com,2024-12-03,US,free,3,9.4,0.94,3.0,2,43,325,0,0,0.0,0
user_00604,Ryan Warren,hortonalexandra@hotmail.com,2024-09-19,CA,free,0,9.3,0.36,1.0,2,13,400,0,0,0.0,0
user_00605,Adriana Ward,william48@hotmail.com,2025-07-07,US,free,5,5.5,3.0,1.0,1,26,109,0,0,0.0,0
user_00606,Dr. Evan Marquez,anthony00@gmail.com,2023-05-05,GB,free,2,1.7,1.66,1.0,3,2,903,0,0,0.0,0
user_00607,David Holland,campbelljustin@hotmail.com,2023-07-17,FR,free,3,6.0,0.72,1.0,0,23,830,0,0,0.0,0
user_00608,Manuel Moran,samantharoberts@gmail.com,2024-06-19,FR,free,3,9.1,1.31,0.0,1,41,492,0,0,0.0,0
user_00609,Carrie Daniels,jenniferford@gmail.com,2022-06-08,IN,free,4,6.2,4.05,3.0,1,26,1234,0,0,0.0,0
user_00610,Jennifer Mccarthy,michellemcmahon@yahoo.com,2023-08-09,IN,starter,2,9.2,6.65,0.0,1,63,807,0,0,0.0,0
user_00611,Patricia Santiago,sararios@gmail.com,2023-04-26,US,free,5,7.1,1.71,3.0,1,10,912,0,0,0.0,0
user_00612,Carrie Ray,bowmanjoel@hotmail.com,2023-07-11,CA,starter,1,9.7,1.45,5.0,1,20,836,0,0,0.0,0
user_00613,Erika Cox,becky79@hotmail.com,2023-11-19,DE,starter,4,4.1,1.8,1.0,0,2,705,0,0,0.0,0
user_00614,Jillian Summers,davidjohnson@hotmail.com,2023-10-17,US,free,0,8.8,1.38,3.0,2,36,738,0,0,0.0,0
user_00615,Helen Daniel,andrespence@gmail.com,2025-01-11,IN,pro,9,7.4,2.19,2.6,3,17,286,0,0,0.0,0
user_00616,Sarah Berry,desiree83@gmail.com,2022-06-15,FR,pro,5,3.8,10.66,0.0,2,22,1227,1,0,82.53,0
user_00617,Laura Gay,wilsonpatrick@gmail.com,2022-10-11,FR,free,2,7.3,4.2,4.0,1,4,1109,0,0,0.0,0
user_00618,Lisa Johnson,irogers@gmail.com,2022-11-05,US,free,1,14.1,4.67,0.0,1,178,1084,0,0,0.0,0
user_00619,Sherri Shepherd,landerson@gmail.com,2023-04-19,GB,starter,4,2.2,1.14,3.0,4,44,919,0,0,0.0,0
user_00620,Gregory James DDS,meghangreen@gmail.com,2024-02-24,US,starter,1,8.5,4.02,2.0,2,15,608,0,0,0.0,0
user_00621,Wanda Conrad,gutierrezdavid@yahoo.com,2022-11-09,US,free,4,11.2,2.12,1.0,2,25,1080,0,0,0.0,0
user_00622,Debbie Shields,xlawrence@yahoo.com,2023-03-15,AU,free,3,17.2,1.0,1.0,1,28,954,0,0,0.0,0
user_00623,Christopher Sanchez,burnsrodney@gmail.com,2022-05-12,DE,free,2,6.0,10.24,3.0,0,97,1261,0,0,0.0,0
user_00624,Robin Santiago,hesskeith@hotmail.com,2024-04-29,DE,free,3,5.5,3.44,2.0,0,43,543,0,0,0.0,0
user_00625,Robert Thompson,fmorrow@yahoo.com,2024-04-14,US,starter,3,3.3,6.98,2.0,2,12,558,1,0,20.0,0
user_00626,Sandra Lyons,griffintodd@yahoo.com,2023-11-09,FR,free,3,12.6,5.39,1.0,2,114,715,0,0,0.0,0
user_00627,Paul Baker,pfowler@gmail.com,2025-01-16,IN,free,1,4.5,0.42,3.0,2,10,281,0,0,0.0,0
user_00628,Michael Cervantes,jillianrasmussen@hotmail.com,2024-08-12,US,starter,2,6.5,1.16,2.0,3,25,438,0,1,0.0,0
user_00629,Thomas Forbes,cody81@gmail.com,2024-05-01,IN,free,4,1.0,4.02,0.0,3,36,541,0,0,0.0,0
user_00630,Steven Miller,samuel08@gmail.com,2022-05-08,US,free,2,11.5,1.96,0.0,0,9,1265,1,0,0.0,0
user_00631,Amber Wells,zbarber@hotmail.com,2023-02-28,DE,starter,5,12.6,3.49,0.0,3,93,969,1,0,20.0,0
user_00632,Anthony Williams,gregorymitchell@hotmail.com,2024-05-10,GB,pro,7,13.4,7.92,1.3,2,7,532,1,0,84.25,0
user_00633,Jamie Rodriguez,hernandezmatthew@yahoo.com,2024-03-08,US,free,4,1.6,0.4,0.0,0,17,595,0,0,0.0,0
user_00634,Heather Wolf DVM,eguzman@yahoo.com,2025-04-11,US,free,3,10.4,3.29,2.0,2,5,196,0,0,0.0,0
user_00635,Angela Lutz,moraleskimberly@hotmail.com,2022-02-10,US,free,1,1.3,1.65,2.0,1,62,1352,0,0,0.0,0
user_00636,Tina Christensen,paynestephanie@hotmail.com,2025-03-25,US,free,0,8.2,4.33,1.0,1,7,213,0,0,0.0,0
user_00637,Juan Davis,gcollins@yahoo.com,2024-02-19,GB,free,2,8.8,5.91,4.0,1,1,613,1,0,0.0,0
user_00638,Sean Murphy,rmiller@hotmail.com,2024-09-03,FR,free,1,9.2,2.43,2.0,1,1,416,0,0,0.0,0
user_00639,Kimberly Wise,harold46@yahoo.com,2022-01-13,US,free,1,10.1,2.19,1.0,1,16,1380,0,0,0.0,0
user_00640,Patrick Hawkins,kimberlytrujillo@gmail.com,2023-12-22,US,free,4,8.0,3.44,1.0,0,22,672,0,0,0.0,0
user_00641,Rachael Scott,lmartin@gmail.com,2023-09-04,GB,free,1,1.0,4.28,2.0,3,1,781,1,0,0.0,0
user_00642,Tracey Yates,aholder@hotmail.com,2024-03-09,DE,free,3,10.1,8.95,3.0,2,2,594,0,0,0.0,0
user_00643,Kelli Foster,jessicacalhoun@gmail.com,2024-05-08,US,free,5,8.4,8.61,3.0,1,3,534,0,0,0.0,0
user_00644,Peter Mendoza,natalie54@gmail.com,2025-01-07,US,free,4,4.4,5.49,1.0,1,33,290,0,0,0.0,0
user_00645,Matthew Mitchell,deanna27@gmail.com,2025-01-23,GB,free,5,1.7,6.92,0.0,3,10,274,0,0,0.0,0
user_00646,Kristen Gray,markgardner@gmail.com,2025-05-20,US,pro,7,16.2,3.6,2.6,1,24,157,1,0,97.58,0
user_00647,Crystal Torres,jose60@hotmail.com,2023-03-28,US,free,4,12.9,1.87,2.0,1,2,941,0,0,0.0,0
user_00648,John Harvey,torrestricia@yahoo.com,2024-09-26,CA,starter,2,10.8,0.49,0.0,3,66,393,0,0,0.0,0
user_00649,Ashley Franco,kjohnson@hotmail.com,2023-03-26,GB,starter,0,5.3,1.46,0.0,1,10,943,0,0,0.0,0
user_00650,Kayla Williams,hespinoza@gmail.com,2023-07-13,GB,free,2,1.0,4.04,3.0,2,45,834,0,0,0.0,0
user_00651,Chelsey Reyes,smithjessica@gmail.com,2024-06-11,CA,free,5,11.1,1.43,2.0,1,52,500,1,0,0.0,0
user_00652,Aaron Roth,fletcherjanet@gmail.com,2024-09-21,CA,free,6,9.5,2.78,4.0,1,132,398,1,0,0.0,0
user_00653,Kimberly Garcia,paulstevens@gmail.com,2022-03-01,US,free,1,6.5,3.64,2.0,2,40,1333,1,0,0.0,0
user_00654,Kristin Meyer,andrewmiller@yahoo.com,2024-03-07,US,starter,0,12.5,4.41,1.0,5,17,596,0,1,0.0,0
user_00655,Victor Boyd,janice27@yahoo.com,2023-11-20,US,free,4,11.4,9.91,3.0,3,4,704,0,0,0.0,0
user_00656,Anne Chambers,sabrina18@yahoo.com,2025-10-01,US,free,4,8.7,2.75,1.0,0,1,23,1,0,0.0,0
user_00657,Roy Williams,ijackson@yahoo.com,2024-04-08,CA,free,5,8.1,4.21,2.0,1,65,564,1,0,0.0,0
user_00658,Jonathan Calhoun DDS,davisautumn@gmail.com,2022-12-05,FR,free,3,8.2,2.01,3.0,1,17,1054,1,0,0.0,0
user_00659,Stacey Rodriguez,erin07@yahoo.com,2024-08-15,AU,starter,1,10.7,1.0,0.0,3,41,435,0,0,0.0,0
user_00660,Laura Collins,tiffanyharris@yahoo.com,2022-09-19,GB,free,5,4.6,1.6,3.0,1,20,1131,0,0,0.0,0
user_00661,Patricia Ayala,lwest@hotmail.com,2025-06-28,US,free,2,9.7,2.3,2.0,3,63,118,0,0,0.0,0
user_00662,Timothy Gordon,kmoore@gmail.com,2024-12-29,US,pro,7,6.3,5.44,3.9000000000000004,0,41,299,1,0,94.67,0
user_00663,Kimberly Cook,sbrown@gmail.com,2022-02-25,DE,starter,1,13.3,8.72,0.0,1,2,1337,0,0,0.0,0
user_00664,Lisa Calhoun,jason25@hotmail.com,2024-03-17,GB,free,4,10.1,2.57,1.0,1,41,586,1,0,0.0,0
user_00665,Steven Morgan,kendra03@hotmail.com,2025-04-27,GB,free,6,5.2,1.75,4.0,2,9,180,0,0,0.0,0
user_00666,Hannah Pace,paul00@yahoo.com,2025-03-01,DE,free,1,8.3,1.74,0.0,1,44,237,0,0,0.0,0
user_00667,Jennifer Patterson,matthewsmith@gmail.com,2025-09-19,CA,free,3,4.6,3.26,4.0,0,88,35,0,0,0.0,0
user_00668,Benjamin Lewis,dorisarmstrong@gmail.com,2022-02-25,FR,free,2,14.0,3.2,1.0,2,79,1337,0,0,0.0,0
user_00669,Savannah Jones,irobinson@hotmail.com,2022-06-21,US,free,2,14.5,3.02,3.0,1,4,1221,0,0,0.0,0
user_00670,George Hester,michael21@yahoo.com,2025-08-09,CA,free,4,10.8,2.39,1.0,1,1,76,0,0,0.0,0
user_00671,Michael Martinez,rsharp@yahoo.com,2024-05-27,FR,free,5,14.2,4.56,2.0,0,45,515,0,0,0.0,0
user_00672,Patricia Gordon,williamperkins@gmail.com,2022-10-05,US,pro,4,10.6,0.54,5.2,4,37,1115,0,0,0.0,0
user_00673,Stephen Cline,jessicamiddleton@hotmail.com,2024-08-03,GB,free,2,11.1,4.0,3.0,3,5,447,0,0,0.0,0
user_00674,Valerie Frye,jennifer02@hotmail.com,2023-01-08,US,free,4,12.9,1.87,2.0,0,34,1020,0,0,0.0,0
user_00675,Anthony King,perrynicole@hotmail.com,2022-04-13,AU,free,4,8.0,3.51,4.0,1,0,1290,0,0,0.0,0
user_00676,Jamie Franklin,richardsonangela@yahoo.com,2023-06-17,US,pro,7,10.3,5.89,3.9000000000000004,2,29,860,1,0,87.98,0
user_00677,Terry Stevens,bruce94@yahoo.com,2024-02-16,GB,free,6,11.7,1.71,1.0,2,53,616,1,0,0.0,0
user_00678,Jessica Petty,samantharodgers@hotmail.com,2023-11-02,US,free,3,10.6,10.85,3.0,1,30,722,0,0,0.0,0
user_00679,Christian Shelton,mbaker@hotmail.com,2023-03-10,CA,pro,7,7.0,1.72,3.9000000000000004,2,2,959,0,0,0.0,0
user_00680,Michelle Rivers,tina45@yahoo.com,2024-07-20,US,pro,7,1.3,9.63,2.6,3,141,461,1,0,84.34,0
user_00681,Justin Adams,christiancooper@yahoo.com,2023-11-01,US,starter,1,7.3,2.37,4.0,4,13,723,0,0,0.0,0
user_00682,Tammy Giles,micheallove@gmail.com,2023-11-23,IN,free,2,1.0,5.07,2.0,2,14,701,0,0,0.0,0
user_00683,Taylor Mitchell,damonsolomon@gmail.com,2024-02-16,AU,free,1,4.0,0.54,2.0,0,2,616,1,0,0.0,0
user_00684,Kiara Kelly,dawnmartin@hotmail.com,2023-07-24,US,starter,2,4.5,3.79,3.0,3,5,823,0,0,0.0,0
user_00685,Jennifer Peterson,johnsonsamantha@yahoo.com,2024-05-13,US,pro,4,7.7,3.78,3.9000000000000004,0,9,529,0,0,0.0,0
user_00686,Ana Lopez,davidgray@yahoo.com,2023-06-01,DE,free,8,11.3,4.04,3.0,1,48,876,0,0,0.0,0
user_00687,Jeanette Knox,melissa35@gmail.com,2022-06-17,IN,free,2,12.2,4.03,2.0,1,35,1225,0,0,0.0,0
user_00688,Anita Bell,patriciagrant@hotmail.com,2024-08-21,AU,free,2,10.0,4.81,2.0,2,26,429,1,0,0.0,0
user_00689,Tracey Vasquez,jenniferortega@hotmail.com,2022-02-09,US,starter,6,10.5,6.33,2.0,0,59,1353,0,0,0.0,0
user_00690,Tina Sullivan,schmidtjoseph@hotmail.com,2025-01-09,GB,free,2,10.6,7.52,4.0,3,183,288,0,0,0.0,0
user_00691,Ronald Smith,krystal05@yahoo.com,2022-04-17,US,free,2,1.0,0.7,2.0,2,14,1286,1,0,0.0,0
user_00692,Taylor Keller,andrewjackson@gmail.com,2023-12-18,US,free,0,8.0,0.47,1.0,0,14,676,0,1,0.0,0
user_00693,Sharon Crawford,martintracy@yahoo.com,2023-04-05,CA,free,1,1.0,1.83,1.0,0,39,933,0,0,0.0,0
user_00694,Victoria Lopez,kyle08@hotmail.com,2025-08-24,GB,free,1,10.0,3.08,0.0,0,31,61,0,0,0.0,0
user_00695,Caleb Williams,amy67@yahoo.com,2022-05-21,DE,free,4,1.0,1.89,3.0,2,0,1252,0,0,0.0,0
user_00696,Thomas Dyer,djensen@yahoo.com,2025-08-27,US,starter,2,7.3,5.12,2.0,1,31,58,1,0,20.0,0
user_00697,Krystal Howard,sabrina98@hotmail.com,2022-03-24,IN,free,5,10.2,7.07,7.0,0,38,1310,0,0,0.0,0
user_00698,Gregory Campbell,beth43@hotmail.com,2022-03-05,IN,free,3,3.5,4.61,2.0,0,127,1329,0,0,0.0,0
user_00699,Joseph Lowe,hmurphy@yahoo.com,2023-05-22,AU,free,3,11.8,0.79,1.0,2,26,886,1,0,0.0,0
user_00700,Richard Wood,phyllisbaxter@gmail.com,2023-02-13,US,free,5,10.0,6.47,1.0,1,34,984,0,0,0.0,0
user_00701,Sharon Cook,jonessarah@hotmail.com,2022-02-11,US,free,3,9.5,1.65,2.0,1,46,1351,0,0,0.0,0
user_00702,Elizabeth White,iharrington@gmail.com,2025-06-26,US,free,3,10.8,0.29,1.0,3,3,120,0,0,0.0,0
user_00703,Steven Carroll,stacey22@hotmail.com,2022-11-09,GB,free,5,6.6,0.96,2.0,3,39,1080,0,0,0.0,0
user_00704,George West,jonmcdonald@gmail.com,2023-05-04,US,free,4,8.6,5.05,3.0,1,23,904,1,0,0.0,0
user_00705,Jessica Bryant,jennifer20@gmail.com,2022-09-16,AU,free,1,8.0,4.1,1.0,1,3,1134,0,0,0.0,0
user_00706,Travis Marsh,uolsen@yahoo.com,2024-08-27,US,pro,7,9.9,3.98,2.6,2,33,423,0,0,0.0,0
user_00707,Joshua Blair,whitelevi@gmail.com,2022-08-23,FR,free,3,5.3,2.03,2.0,2,8,1158,0,0,0.0,0
user_00708,Peter Campbell,toni86@hotmail.com,2025-03-01,US,starter,1,3.0,0.87,2.0,2,23,237,0,0,0.0,0
user_00709,Stephanie Roach,snydergerald@gmail.com,2023-03-23,CA,free,3,6.7,1.8,2.0,2,9,946,1,0,0.0,0
user_00710,David Grant,theresaphillips@yahoo.com,2024-08-10,AU,starter,2,6.4,0.67,2.0,2,3,440,0,0,0.0,0
user_00711,Sara Porter,raywalters@gmail.com,2023-06-09,US,starter,3,5.1,4.08,3.0,3,8,868,0,0,0.0,0
user_00712,Derrick Chavez,jonessandra@yahoo.com,2024-01-26,AU,free,1,11.4,4.98,2.0,2,17,637,0,0,0.0,0
user_00713,Emily Todd,lucasandrea@gmail.com,2022-12-10,IN,free,1,3.3,4.23,1.0,3,20,1049,0,0,0.0,0
user_00714,Courtney Medina,dawsonamanda@yahoo.com,2025-05-25,AU,free,2,7.3,5.28,1.0,0,4,152,1,0,0.0,0
user_00715,William Evans,usanchez@hotmail.com,2025-05-28,CA,free,4,12.7,2.98,4.0,3,11,149,0,1,0.0,0
user_00716,Douglas Berg,frank48@gmail.com,2022-08-23,US,pro,5,13.6,7.68,2.6,3,58,1158,0,0,0.0,0
user_00717,Karla Dixon,ssmith@hotmail.com,2022-12-02,US,starter,2,12.9,0.14,2.0,3,72,1057,0,0,0.0,0
user_00718,Hannah Gonzalez,brownraymond@hotmail.com,2023-09-30,US,pro,7,7.6,3.68,0.0,1,22,755,0,0,0.0,0
user_00719,Nicole Mahoney,tammy10@gmail.com,2022-08-10,US,free,2,11.1,4.15,2.0,1,20,1171,0,0,0.0,0
user_00720,Raven Harris,hendersoncrystal@yahoo.com,2025-03-31,US,starter,3,3.7,1.61,0.0,5,26,207,0,0,0.0,0
user_00721,Stephanie Medina,amberevans@hotmail.com,2022-02-22,US,pro,7,8.9,3.48,1.3,4,7,1340,0,0,0.0,0
user_00722,Alice Moran,jeffrey46@hotmail.com,2023-10-01,IN,free,5,7.3,2.37,2.0,1,151,754,0,0,0.0,0
user_00723,Nancy Tanner,richard18@gmail.com,2025-03-25,DE,free,3,5.7,2.74,2.0,1,41,213,0,0,0.0,0
user_00724,Joel Roberts,tammie10@gmail.com,2024-02-08,US,starter,2,6.6,1.23,3.0,1,8,624,0,0,0.0,0
user_00725,Mrs. Jennifer Tran,tranrobert@gmail.com,2024-03-23,US,free,5,6.0,2.38,3.0,1,9,580,0,0,0.0,0
user_00726,Jillian Wood,ryan90@hotmail.com,2023-02-11,GB,starter,4,4.1,4.97,1.0,1,31,986,1,0,20.0,0
user_00727,Thomas Valdez,longjoshua@yahoo.com,2022-06-05,US,free,1,11.4,0.85,1.0,0,11,1237,1,0,0.0,0
user_00728,James Turner,victor76@yahoo.com,2025-04-27,US,starter,5,7.3,1.29,2.0,2,13,180,0,0,0.0,0
user_00729,Gabriel Harper,smithjohn@gmail.com,2025-07-08,US,free,2,8.8,2.56,5.0,1,45,108,1,0,0.0,0
user_00730,Tara Jones,donald51@yahoo.com,2023-05-13,AU,free,3,8.7,4.09,0.0,5,9,895,0,0,0.0,0
user_00731,Lucas West,kennethrusso@hotmail.com,2022-07-28,DE,free,2,8.2,0.85,3.0,1,36,1184,0,0,0.0,0
user_00732,Richard Murray,johnnewman@hotmail.com,2023-09-10,US,starter,10,8.4,1.58,1.0,1,81,775,1,0,20.0,0
user_00733,Jose Hunter,aholt@yahoo.com,2025-05-14,CA,starter,4,6.8,7.42,4.0,4,3,163,0,0,0.0,0
user_00734,Monica Webb,jasonfoster@hotmail.com,2022-09-05,IN,free,3,13.7,2.8,0.0,2,4,1145,0,0,0.0,0
user_00735,Mark Jordan,fernandezrobert@hotmail.com,2025-03-05,CA,free,4,11.0,3.9,2.0,0,85,233,1,0,0.0,0
user_00736,Edward Hill,wilkinskevin@hotmail.com,2022-03-26,CA,pro,8,10.1,7.97,0.0,2,6,1308,1,0,114.57,0
user_00737,Joel Howe,chelseaodom@hotmail.com,2023-12-13,GB,free,3,6.2,2.82,1.0,1,0,681,0,1,0.0,0
user_00738,George Smith,lmiddleton@gmail.com,2024-12-27,US,starter,1,7.5,0.88,1.0,3,60,301,0,0,0.0,0
user_00739,Ronald Edwards,dwilliams@hotmail.com,2024-05-27,US,free,2,9.7,2.17,0.0,2,9,515,0,0,0.0,0
user_00740,Robert Foley,jasonallen@hotmail.com,2025-09-16,IN,free,3,14.0,4.08,2.0,1,10,38,0,0,0.0,0
user_00741,Kimberly Cantrell,michelle63@hotmail.com,2024-01-29,FR,free,2,2.5,4.38,2.0,1,7,634,0,0,0.0,0
user_00742,Rachel Wilson,dtucker@gmail.com,2022-05-22,GB,free,4,10.6,1.66,3.0,1,74,1251,0,0,0.0,0
user_00743,Mr. Jason Cooper II,robert40@yahoo.com,2024-11-02,FR,starter,5,12.5,1.51,0.0,2,44,356,0,0,0.0,0
user_00744,Kristina Smith,candrews@yahoo.com,2025-08-19,AU,free,0,2.1,1.51,2.0,0,27,66,0,1,0.0,0
user_00745,Peter Lowery,andrewfaulkner@hotmail.com,2023-11-30,US,free,2,7.3,4.42,3.0,3,18,694,0,0,0.0,0
user_00746,Nina Combs,jasoncampbell@yahoo.com,2022-01-26,CA,pro,6,5.7,2.65,2.6,2,4,1367,1,0,87.72,0
user_00747,Anna Love,lopezdavid@gmail.com,2024-05-10,CA,free,4,9.7,0.39,1.0,1,78,532,0,0,0.0,0
user_00748,Wayne Bradshaw,cory32@yahoo.com,2024-09-30,AU,free,2,6.6,2.01,2.0,2,41,389,0,0,0.0,0
user_00749,Maria Brown,nathanielbraun@yahoo.com,2022-08-05,AU,pro,3,9.5,6.03,2.6,1,9,1176,1,0,84.08,0
user_00750,Alexis Collier,brianconrad@gmail.com,2024-06-06,CA,starter,2,6.4,5.08,2.0,2,88,505,1,0,20.0,0
user_00751,David Barry,stephanie90@gmail.com,2024-01-12,US,free,1,10.9,1.61,1.0,2,82,651,0,1,0.0,1
user_00752,Joel Lopez,molly46@gmail.com,2025-07-25,DE,pro,7,10.9,3.81,3.9000000000000004,2,32,91,0,0,0.0,0
user_00753,Kimberly Haney,matthewlewis@hotmail.com,2024-07-30,US,starter,1,8.9,2.44,5.0,2,125,451,0,1,0.0,1
user_00754,Morgan Zuniga,wallererica@yahoo.com,2022-11-10,DE,free,2,8.6,2.19,3.0,1,6,1079,0,0,0.0,0
user_00755,Gregory Reyes,stevenkidd@gmail.com,2024-06-10,AU,free,1,10.3,2.18,3.0,2,39,501,0,0,0.0,0
user_00756,David Dixon,dturner@yahoo.com,2022-12-27,US,starter,4,7.0,3.64,1.0,3,4,1032,0,0,0.0,0
user_00757,Tonya Garrett,cameronjackson@hotmail.com,2024-12-04,GB,starter,1,14.8,5.19,2.0,3,35,324,1,0,20.0,0
user_00758,Patrick Cline,blackashley@hotmail.com,2025-08-25,IN,free,2,3.1,2.23,3.0,1,75,60,0,0,0.0,0
user_00759,Jennifer Smith,qcastillo@yahoo.com,2023-07-08,IN,pro,7,3.1,1.62,3.9000000000000004,2,23,839,0,0,0.0,0
user_00760,Tammy Cabrera,mark29@yahoo.com,2025-06-15,US,starter,3,1.0,3.43,2.0,3,43,131,0,0,0.0,0
user_00761,Debbie Abbott,piercejoseph@hotmail.com,2025-01-07,DE,free,9,1.0,8.69,3.0,2,4,290,1,0,0.0,0
user_00762,Michelle Ryan,haley27@gmail.com,2024-09-17,AU,free,1,10.7,3.34,3.0,2,30,402,0,0,0.0,0
user_00763,Corey Collins,anne46@gmail.com,2024-08-10,AU,free,0,10.2,2.93,5.0,3,1,440,0,0,0.0,0
user_00764,Carrie Brown,fjones@gmail.com,2024-06-11,US,starter,1,12.8,1.17,1.0,1,1,500,0,0,0.0,0
user_00765,Mike Smith,tamaraparker@gmail.com,2025-04-28,FR,free,2,3.8,0.44,6.0,1,30,179,0,0,0.0,0
user_00766,Tonya Miller,philliphatfield@hotmail.com,2023-07-04,CA,free,1,11.0,2.36,3.0,2,25,843,0,0,0.0,0
user_00767,James Bell,belindafowler@yahoo.com,2023-10-23,US,starter,0,8.2,3.36,2.0,1,11,732,0,0,0.0,0
user_00768,Tara Drake,hkelley@gmail.com,2023-05-18,US,pro,8,10.7,9.61,0.0,4,21,890,0,0,0.0,0
user_00769,Jeffrey King,stevensmith@hotmail.com,2022-06-27,US,free,5,10.5,2.84,1.0,0,34,1215,0,0,0.0,0
user_00770,Gail Willis,christopher23@gmail.com,2023-07-26,AU,starter,7,5.0,0.56,3.0,1,31,821,1,0,20.0,0
user_00771,Logan Tapia,millerlindsey@gmail.com,2024-07-12,GB,free,2,18.3,1.19,2.0,5,2,469,0,0,0.0,0
user_00772,Taylor Li,vunderwood@yahoo.com,2023-05-15,CA,starter,4,13.3,3.01,0.0,1,34,893,0,0,0.0,0
user_00773,Tina Peterson,doughertydaniel@gmail.com,2024-08-09,US,free,6,5.9,3.0,2.0,1,32,441,1,0,0.0,0
user_00774,Julie Davenport,kristen78@gmail.com,2025-03-13,CA,free,3,3.6,4.33,1.0,1,33,225,1,0,0.0,0
user_00775,Maureen Carter,carl91@gmail.com,2025-06-03,US,starter,7,7.6,1.34,1.0,3,56,143,1,0,20.0,0
user_00776,Todd Harding,wesley30@gmail.com,2025-09-30,US,free,3,8.7,6.54,1.0,1,25,24,0,0,0.0,0
user_00777,Lindsay Pacheco,wilkinsnicole@yahoo.com,2024-02-16,GB,free,4,12.3,3.59,2.0,0,83,616,0,0,0.0,0
user_00778,Wyatt Henry,brittanyhubbard@yahoo.com,2023-11-20,US,starter,2,3.3,1.3,1.0,4,117,704,1,0,20.0,0
user_00779,Debbie Bennett,benjaminbrown@gmail.com,2022-02-28,DE,starter,3,9.1,2.12,3.0,1,41,1334,0,0,0.0,0
user_00780,Ronald Marshall,janice26@gmail.com,2024-10-09,US,starter,2,1.9,0.88,1.0,3,13,380,0,0,0.0,0
user_00781,Patricia Foster,wholt@hotmail.com,2023-10-28,CA,starter,2,9.7,4.3,1.0,1,4,727,0,0,0.0,0
user_00782,Jessica Gordon,kimberly34@gmail.com,2023-01-08,IN,free,5,7.6,5.64,4.0,0,51,1020,0,0,0.0,0
user_00783,Terri Munoz,jonathan61@hotmail.com,2024-09-25,GB,free,2,15.7,8.02,1.0,2,4,394,1,0,0.0,0
user_00784,Rachael Green,hsimmons@yahoo.com,2023-03-11,US,free,3,1.8,2.48,1.0,0,4,958,0,0,0.0,0
user_00785,Richard Moore,davistiffany@yahoo.com,2023-12-28,US,free,4,13.5,3.1,1.0,1,75,666,0,0,0.0,0
user_00786,Ronald Brown,jonramirez@hotmail.com,2023-06-14,AU,pro,4,3.2,4.36,1.3,3,24,863,0,0,0.0,0
user_00787,Jessica Hart,christina98@yahoo.com,2023-11-29,US,free,1,2.7,5.42,2.0,1,10,695,0,0,0.0,0
user_00788,Courtney Murray,kbrewer@yahoo.com,2023-07-27,DE,free,3,1.3,1.44,3.0,2,98,820,0,1,0.0,1
user_00789,Daniel Burns,kelseystrong@yahoo.com,2025-05-05,AU,free,3,9.0,2.12,1.0,0,36,172,1,0,0.0,0
user_00790,Diana Daniels,veronicacampbell@hotmail.com,2023-07-20,US,pro,6,5.3,4.8,2.6,3,22,827,1,0,87.73,0
user_00791,Jennifer Gordon,mariekramer@yahoo.com,2025-02-12,US,free,3,2.6,5.19,3.0,0,11,254,0,0,0.0,0
user_00792,Amy Deleon,xwhite@yahoo.com,2022-01-21,CA,free,1,8.8,6.13,2.0,2,33,1372,0,0,0.0,0
user_00793,Stephanie Peterson,jgarcia@hotmail.com,2024-11-24,AU,free,3,9.8,4.83,4.0,2,39,334,1,0,0.0,0
user_00794,Robert Perez,perkinsdaniel@gmail.com,2023-01-27,AU,starter,3,8.2,2.27,1.0,3,37,1001,0,0,0.0,0
user_00795,Jessica Lowery,jillcosta@yahoo.com,2022-06-25,IN,free,0,7.4,3.89,0.0,1,6,1217,0,1,0.0,0
user_00796,Jeffrey Walters,mariaweaver@yahoo.com,2023-05-10,DE,pro,5,17.3,3.95,1.3,2,35,898,0,0,0.0,0
user_00797,John Sullivan,angelathompson@yahoo.com,2024-04-12,US,pro,4,10.6,2.63,1.3,3,26,560,0,0,0.0,0
user_00798,Heather Flynn,sfoster@yahoo.com,2024-09-27,AU,free,3,11.2,2.89,2.0,3,56,392,0,0,0.0,0
user_00799,April Sellers,dennisevans@yahoo.com,2025-02-11,AU,starter,2,8.6,12.26,0.0,1,29,255,1,0,20.0,0
user_00800,Courtney Phelps,alex95@gmail.com,2023-05-08,US,pro,4,5.6,2.12,0.0,3,4,900,0,0,0.0,0
user_00801,Jessica Wallace,joshua41@hotmail.com,2024-09-02,US,starter,3,10.2,1.56,0.0,1,11,417,0,0,0.0,0
user_00802,John Jacobson,fsmith@yahoo.com,2025-08-15,US,free,3,5.4,2.49,1.0,1,40,70,0,0,0.0,0
user_00803,Melissa Williams,julie62@yahoo.com,2024-10-02,US,free,4,7.6,5.06,3.0,3,40,387,0,0,0.0,0
user_00804,Julie Gonzalez,conleyantonio@gmail.com,2024-07-06,DE,starter,1,9.2,0.55,3.0,4,7,475,1,0,20.0,0
user_00805,Jessica Torres,richardmiddleton@gmail.com,2022-02-05,US,free,1,1.0,4.48,1.0,1,13,1357,0,0,0.0,0
user_00806,Brandon Watson,michaelmullins@yahoo.com,2022-07-10,US,starter,7,1.6,1.7,2.0,1,0,1202,1,0,20.0,0
user_00807,Darren Wright,ebarron@hotmail.com,2023-08-26,US,pro,4,13.6,6.36,2.6,1,12,790,0,1,0.0,0
user_00808,Lucas Wise,barcher@hotmail.com,2023-03-30,AU,pro,8,7.3,4.86,3.9000000000000004,2,0,939,1,0,80.08,0
user_00809,Mark Charles,khines@hotmail.com,2024-04-08,GB,free,0,5.5,2.07,3.0,0,61,564,0,1,0.0,1
user_00810,Robert Perkins,fergusonlynn@yahoo.com,2023-05-14,IN,free,7,8.7,0.8,0.0,1,32,894,0,0,0.0,0
user_00811,Kevin Moore,lori73@gmail.com,2023-09-20,US,pro,6,8.5,7.79,2.6,0,104,765,0,0,0.0,0
user_00812,Mr. Tyler Nelson MD,garciadebra@yahoo.com,2025-09-21,AU,starter,1,9.7,2.43,2.0,1,66,33,0,0,0.0,0
user_00813,Martha Davis,ppierce@yahoo.com,2025-04-06,DE,free,4,7.8,2.06,4.0,3,27,201,0,0,0.0,0
user_00814,Gabriel Potts,janderson@gmail.com,2024-01-26,US,pro,8,10.8,2.23,0.0,2,20,637,1,0,89.52,0
user_00815,Cynthia Wilson,dawncook@hotmail.com,2024-08-27,US,pro,5,7.2,5.17,2.6,0,64,423,0,0,0.0,0
user_00816,Brad Smith,chelseabanks@yahoo.com,2025-02-07,US,free,1,8.8,5.1,4.0,2,10,259,0,0,0.0,0
user_00817,Elaine Bennett,davidsawyer@hotmail.com,2024-12-23,US,free,2,12.4,2.65,0.0,4,7,305,0,0,0.0,0
user_00818,Jacob Crosby,nmunoz@hotmail.com,2023-12-06,GB,free,6,5.7,1.48,1.0,1,15,688,0,0,0.0,0
user_00819,Carl Perkins,alexbutler@gmail.com,2024-05-21,AU,free,1,11.7,5.95,0.0,2,1,521,0,0,0.0,0
user_00820,Steven Bennett,wrightalicia@gmail.com,2025-02-01,IN,free,4,7.8,1.1,4.0,3,10,265,1,0,0.0,0
user_00821,Robert Davis,brandon76@gmail.com,2023-11-09,FR,starter,4,10.9,2.32,1.0,2,2,715,0,0,0.0,0
user_00822,Elizabeth Pearson,marissa64@gmail.com,2023-12-22,IN,free,2,8.5,5.44,1.0,2,1,672,0,0,0.0,0
user_00823,Alexandra Oliver,banksmeredith@yahoo.com,2024-07-18,CA,free,1,7.9,2.17,1.0,1,24,463,0,0,0.0,0
user_00824,Angela Hopkins,tamaradouglas@yahoo.com,2023-07-09,CA,free,0,9.4,0.75,0.0,4,36,838,0,0,0.0,0
user_00825,Brent Williams,leejessica@yahoo.com,2023-09-20,US,free,2,12.9,3.08,2.0,1,23,765,0,0,0.0,0
user_00826,Jerry Pierce,christian56@gmail.com,2023-05-30,US,pro,7,10.9,9.09,1.3,4,2,878,0,0,0.0,0
user_00827,Angel Norton,mitchellbriana@gmail.com,2023-04-18,GB,free,4,9.9,1.72,0.0,1,15,920,1,0,0.0,0
user_00828,Eric Ryan,katierodgers@gmail.com,2022-09-05,US,free,3,6.5,1.9,1.0,2,3,1145,0,0,0.0,0
user_00829,Joshua Ross,matthewbutler@gmail.com,2023-01-30,US,starter,5,14.3,5.15,3.0,2,31,998,0,0,0.0,0
user_00830,Julie Baker,gonzalezmelissa@gmail.com,2023-10-09,IN,free,5,10.6,0.12,0.0,3,52,746,0,0,0.0,0
user_00831,Brent Medina,alvarezstephanie@yahoo.com,2022-09-02,AU,free,2,8.3,6.17,4.0,2,3,1148,0,0,0.0,0
user_00832,Nicholas Benjamin,robert76@yahoo.com,2025-01-02,IN,free,2,7.5,1.61,4.0,0,2,295,0,0,0.0,0
user_00833,Gabriel Blake,sarah06@gmail.com,2023-01-15,DE,free,4,11.9,0.58,3.0,0,15,1013,1,0,0.0,0
user_00834,Jeffrey Smith,franklinmatthew@hotmail.com,2023-01-28,IN,free,1,5.6,2.24,1.0,2,10,1000,0,0,0.0,0
user_00835,Keith Horton,lisa92@gmail.com,2023-03-20,DE,free,4,1.0,4.05,0.0,0,9,949,0,0,0.0,0
user_00836,Victor Campbell,kbaird@gmail.com,2024-09-18,GB,free,5,8.3,2.08,0.0,2,7,401,1,0,0.0,0
user_00837,Johnny Simpson,jonesstephanie@hotmail.com,2023-07-21,FR,pro,6,14.8,1.46,5.2,1,11,826,0,0,0.0,0
user_00838,Meghan Walters,dbradley@hotmail.com,2025-04-22,IN,free,3,14.4,5.1,2.0,1,100,185,1,0,0.0,0
user_00839,Jacob Davis,jennifer74@hotmail.com,2024-12-10,GB,free,4,7.6,2.37,1.0,0,58,318,0,0,0.0,0
user_00840,Troy Brooks,anthonyward@yahoo.com,2025-05-07,GB,starter,1,8.2,0.55,1.0,1,27,170,0,0,0.0,0
user_00841,Ruth Vaughn,jeffreynichols@yahoo.com,2023-08-03,IN,free,3,10.1,3.45,2.0,1,48,813,0,0,0.0,0
user_00842,Cynthia White,urivera@gmail.com,2022-07-25,US,starter,4,6.9,0.75,1.0,2,0,1187,0,0,0.0,0
user_00843,Cameron Price,robinvasquez@yahoo.com,2023-02-02,US,free,3,10.1,8.11,1.0,0,3,995,1,0,0.0,0
user_00844,Angela Tanner,christopher07@hotmail.com,2023-08-30,US,pro,4,9.7,4.23,10.4,1,10,786,0,0,0.0,0
user_00845,Kathleen Smith,lindabates@yahoo.com,2023-04-11,FR,free,4,12.0,1.34,4.0,1,30,927,0,0,0.0,0
user_00846,Robert Bautista,lisa04@hotmail.com,2024-01-10,US,free,2,10.9,1.31,0.0,3,64,653,0,0,0.0,0
user_00847,Jennifer Brennan,guerrerorenee@yahoo.com,2023-01-03,US,free,4,11.2,2.73,3.0,2,7,1025,0,0,0.0,0
user_00848,Gerald King,gbrown@hotmail.com,2023-09-12,CA,pro,4,9.2,10.36,2.6,2,4,773,1,0,91.71,0
user_00849,Betty Cole,khanson@yahoo.com,2022-01-29,US,free,4,15.7,1.58,3.0,3,56,1364,0,0,0.0,0
user_00850,Dr. Shannon Wallace,vtapia@yahoo.com,2024-12-29,IN,free,2,9.9,2.14,6.0,2,15,299,1,0,0.0,0
user_00851,Paul Howard,moorepatricia@yahoo.com,2022-09-17,US,free,4,9.0,3.38,1.0,3,36,1133,0,0,0.0,0
user_00852,Leah Kennedy,cbrown@hotmail.com,2023-07-16,AU,starter,2,5.0,2.17,1.0,2,23,831,0,0,0.0,0
user_00853,Nancy Walker,daniel56@hotmail.com,2022-04-04,FR,free,7,7.6,0.73,1.0,0,5,1299,0,0,0.0,0
user_00854,Suzanne Marshall,joseph03@gmail.com,2022-04-22,FR,pro,6,10.5,4.12,2.6,2,36,1281,1,0,86.1,0
user_00855,Diana Skinner,rrojas@hotmail.com,2025-02-07,IN,free,2,4.8,1.55,5.0,1,16,259,0,1,0.0,0
user_00856,Kathryn Fischer,gabriel67@yahoo.com,2023-08-22,DE,free,2,6.8,2.08,2.0,1,10,794,1,0,0.0,0
user_00857,Vickie Lee,mahoneysarah@gmail.com,2022-09-16,US,free,3,7.3,7.55,3.0,1,69,1134,0,0,0.0,0
user_00858,Daniel Wells,jacqueline17@yahoo.com,2025-07-30,US,free,2,8.2,2.17,2.0,0,0,86,0,0,0.0,0
user_00859,Kevin Jones,williampierce@yahoo.com,2024-10-02,US,free,0,1.0,0.27,4.0,0,15,387,0,0,0.0,0
user_00860,Shannon Chung,yboone@gmail.com,2022-07-30,GB,free,0,7.5,2.0,6.0,1,10,1182,0,0,0.0,0
user_00861,Alyssa Carey,rebecca86@hotmail.com,2022-01-26,IN,starter,4,6.5,2.44,0.0,3,1,1367,1,0,20.0,0
user_00862,David Stewart,mark05@yahoo.com,2025-03-21,IN,free,3,7.9,4.0,3.0,0,2,217,1,0,0.0,0
user_00863,Maria Warren,sharonlevine@yahoo.com,2023-08-06,US,free,2,12.1,3.07,0.0,0,5,810,0,0,0.0,0
user_00864,Kimberly Wallace,michael84@yahoo.com,2024-08-19,IN,free,0,16.2,3.03,2.0,2,21,431,1,0,0.0,0
user_00865,Edward Herman,carolynwarner@gmail.com,2024-09-07,CA,free,3,10.7,3.23,0.0,1,9,412,1,0,0.0,0
user_00866,Jordan Nixon,brobles@yahoo.com,2024-06-21,IN,free,9,3.1,4.4,1.0,3,54,490,0,0,0.0,0
user_00867,James Ruiz,sullivanandrea@hotmail.com,2023-11-29,CA,free,3,6.6,0.72,1.0,1,8,695,0,0,0.0,0
user_00868,Brett French,oroberts@gmail.com,2023-01-13,US,free,5,10.4,9.41,1.0,2,38,1015,0,0,0.0,0
user_00869,Jessica Farrell,rherman@gmail.com,2022-04-16,DE,pro,10,11.9,2.87,5.2,1,7,1287,0,0,0.0,0
user_00870,Sarah Anderson,murphycynthia@yahoo.com,2023-06-02,GB,pro,7,13.9,1.56,2.6,0,1,875,0,0,0.0,0
user_00871,Edward Jensen,jill69@hotmail.com,2024-09-05,US,free,4,7.6,3.45,2.0,3,9,414,1,0,0.0,0
user_00872,Christopher White,itaylor@hotmail.com,2022-08-22,US,free,1,6.5,2.1,6.0,3,54,1159,0,0,0.0,0
user_00873,Nicole Frye,ulawrence@gmail.com,2022-05-14,GB,starter,2,15.0,4.82,1.0,3,2,1259,0,0,0.0,0
user_00874,Aimee Smith,ryannichols@gmail.com,2024-03-31,DE,free,3,8.2,1.62,1.0,2,12,572,0,0,0.0,0
user_00875,Alexis Lindsey,watsonjose@hotmail.com,2024-10-04,IN,free,4,3.9,5.27,3.0,0,0,385,0,1,0.0,0
user_00876,Amanda Lopez,luis99@gmail.com,2022-06-01,US,free,2,13.9,1.06,4.0,2,29,1241,0,0,0.0,0
user_00877,Jennifer Orozco MD,jeffersondaniel@gmail.com,2025-03-27,FR,starter,2,2.0,8.17,1.0,2,85,211,1,0,20.0,0
user_00878,Kenneth Lee,matthew64@yahoo.com,2025-07-13,CA,starter,0,1.0,2.52,4.0,2,14,103,0,0,0.0,0
user_00879,Kathryn Evans,fdavenport@yahoo.com,2022-04-20,IN,free,2,11.1,6.71,1.0,1,25,1283,0,0,0.0,0
user_00880,Dr. Jennifer Cervantes DDS,erik74@yahoo.com,2022-11-07,IN,free,2,11.6,0.91,1.0,1,18,1082,0,0,0.0,0
user_00881,George Hoffman,sboyer@yahoo.com,2022-11-02,US,free,2,9.7,4.26,4.0,2,108,1087,1,0,0.0,0
user_00882,Christy Hopkins,perrymichael@gmail.com,2025-02-26,GB,starter,4,2.8,4.19,2.0,1,39,240,0,0,0.0,0
user_00883,Stephanie Robertson,paulhill@gmail.com,2023-09-15,US,free,2,7.8,2.23,0.0,2,1,770,1,0,0.0,0
user_00884,Veronica Sanders MD,alexander69@yahoo.com,2022-06-24,AU,free,4,6.9,0.29,3.0,0,3,1218,0,0,0.0,0
user_00885,Ashley May DDS,ashleynelson@hotmail.com,2023-05-24,IN,starter,3,5.9,4.29,5.0,2,19,884,1,0,20.0,0
user_00886,Crystal Stanton,benjaminmcknight@hotmail.com,2022-08-31,IN,free,1,13.6,1.98,3.0,0,29,1150,1,0,0.0,0
user_00887,Vanessa Lane,blevinskayla@yahoo.com,2025-02-16,GB,starter,3,3.8,5.99,1.0,1,10,250,0,0,0.0,0
user_00888,Dean Moore,nataliepatton@gmail.com,2024-05-02,AU,free,6,9.3,4.94,2.0,0,33,540,1,0,0.0,0
user_00889,Robert Davies,logan71@hotmail.com,2025-05-26,DE,free,4,12.8,5.97,3.0,0,25,151,1,0,0.0,0
user_00890,Jordan Henry,jonesjohn@yahoo.com,2025-05-05,IN,free,2,9.5,3.79,2.0,1,17,172,0,0,0.0,0
user_00891,Kyle Hamilton,abigail56@yahoo.com,2025-06-20,CA,starter,6,13.0,2.8,0.0,1,26,126,1,0,20.0,0
user_00892,William Harper,melissalopez@hotmail.com,2023-04-08,GB,pro,6,12.3,10.3,3.9000000000000004,1,74,930,1,0,86.94,0
user_00893,Jean Anderson,cobbwilliam@gmail.com,2024-12-06,IN,starter,2,9.7,11.72,3.0,0,8,322,0,0,0.0,0
user_00894,Dr. Jennifer Weaver,henryhawkins@yahoo.com,2024-02-19,US,free,5,9.5,2.61,2.0,3,46,613,0,0,0.0,0
user_00895,Sean Fox,michaeljohnson@yahoo.com,2024-07-11,IN,starter,4,10.5,5.9,2.0,1,0,470,0,0,0.0,0
user_00896,Dr. Timothy Martin,sue80@hotmail.com,2024-06-25,US,free,2,6.5,1.49,3.0,2,2,486,0,0,0.0,0
user_00897,Allen House,andreathompson@hotmail.com,2023-09-01,AU,free,4,2.8,1.01,1.0,1,89,784,0,1,0.0,1
user_00898,Courtney Cooper,susan75@hotmail.com,2025-04-20,US,pro,5,13.8,2.27,7.800000000000001,2,35,187,1,0,88.6,0
user_00899,Alex Malone,nathan01@yahoo.com,2024-05-28,AU,free,1,12.6,1.41,0.0,0,30,514,0,0,0.0,0
user_00900,Anna Walker,schmidtemma@gmail.com,2023-09-18,IN,free,3,9.0,4.39,3.0,1,12,767,0,0,0.0,0
user_00901,Carrie Turner,fthompson@hotmail.com,2025-03-10,GB,free,2,5.8,1.76,2.0,2,6,228,0,0,0.0,0
user_00902,Donald Wood,ramirezrhonda@gmail.com,2025-06-25,IN,free,3,1.8,1.09,4.0,1,14,121,0,0,0.0,0
user_00903,Taylor Vaughn,nreyes@yahoo.com,2022-05-04,US,free,5,8.3,1.1,5.0,1,27,1269,0,0,0.0,0
user_00904,Victoria Weiss,dawnlewis@hotmail.com,2025-06-02,US,free,3,2.6,3.73,0.0,2,30,144,1,0,0.0,0
user_00905,Bradley Brown,jeremymitchell@yahoo.com,2022-07-23,US,free,2,2.0,4.37,1.0,1,5,1189,0,0,0.0,0
user_00906,Cynthia Rivers,moraelizabeth@yahoo.com,2023-03-02,GB,pro,3,9.9,5.89,3.9000000000000004,3,17,967,0,0,0.0,0
user_00907,Gerald Cooper,leonardpeter@hotmail.com,2025-07-05,IN,starter,2,4.9,4.25,0.0,3,25,111,1,0,20.0,0
user_00908,Mark Woods,robert71@gmail.com,2023-03-09,DE,free,2,9.4,1.99,2.0,1,96,960,1,0,0.0,0
user_00909,Cheryl Williams,carol86@yahoo.com,2023-06-26,US,free,5,7.4,9.21,5.0,2,23,851,1,0,0.0,0
user_00910,Karen Brandt,bcarter@yahoo.com,2025-09-14,US,free,1,5.6,2.02,0.0,1,26,40,0,0,0.0,0
user_00911,Jackie Trujillo,jean10@yahoo.com,2022-06-16,IN,free,1,1.2,1.68,0.0,2,43,1226,0,0,0.0,0
user_00912,Tina Lane,wcannon@yahoo.com,2022-11-18,AU,free,2,4.6,4.3,1.0,3,16,1071,0,0,0.0,0
user_00913,Tony Singh,mitchellmichael@yahoo.com,2023-05-07,CA,starter,2,4.7,1.96,7.0,2,14,901,1,0,20.0,0
user_00914,Chad Wilson,heatherhouse@hotmail.com,2022-12-22,IN,free,3,3.1,1.65,8.0,2,26,1037,0,0,0.0,0
user_00915,Mitchell Foster,wesley42@yahoo.com,2025-02-04,IN,free,1,6.7,2.09,4.0,2,45,262,0,0,0.0,0
user_00916,Sergio Harris,catherine46@hotmail.com,2022-06-03,US,free,2,3.4,2.99,3.0,1,30,1239,0,0,0.0,0
user_00917,Jacqueline Barnes,fernandezbrandon@hotmail.com,2022-11-17,AU,free,1,7.3,5.28,0.0,2,6,1072,0,0,0.0,0
user_00918,Margaret Brown,garciarichard@yahoo.com,2022-01-06,CA,pro,3,11.0,0.8,2.6,0,15,1387,0,0,0.0,0
user_00919,John Ochoa,yserrano@yahoo.com,2024-04-16,US,starter,4,4.7,5.3,3.0,2,21,556,0,0,0.0,0
user_00920,Caitlin Jones,stephanie39@hotmail.com,2024-07-11,GB,free,2,9.7,0.71,3.0,0,22,470,0,0,0.0,0
user_00921,Jasmine Hopkins,james72@yahoo.com,2025-05-01,US,pro,6,4.6,1.21,5.2,1,12,176,0,0,0.0,0
user_00922,Justin Holland,normakirby@hotmail.com,2024-08-20,AU,free,4,3.6,3.11,2.0,2,22,430,0,0,0.0,0
user_00923,Michelle Jackson,thomasbrandon@gmail.com,2023-08-20,US,pro,7,9.5,0.87,2.6,1,33,796,0,0,0.0,0
user_00924,Edward Roberts,mphillips@hotmail.com,2022-03-08,GB,starter,6,10.7,1.62,1.0,1,18,1326,0,0,0.0,0
user_00925,David Roberts,timothy36@gmail.com,2023-04-20,US,free,3,11.5,4.89,3.0,4,18,918,0,0,0.0,0
user_00926,Rachel Willis,megan59@yahoo.com,2023-08-14,CA,free,4,14.4,4.29,1.0,1,48,802,0,0,0.0,0
user_00927,Donna Mason,erika32@gmail.com,2023-08-03,DE,free,1,6.5,5.27,0.0,2,42,813,0,0,0.0,0
user_00928,Tiffany Schwartz,andrewmyers@gmail.com,2024-07-18,CA,free,4,7.5,1.53,0.0,1,16,463,0,0,0.0,0
user_00929,James Smith,lisadavis@gmail.com,2022-05-26,GB,starter,5,3.9,2.03,1.0,0,165,1247,1,1,20.0,1
user_00930,Kelsey Larson,brandonbaker@gmail.com,2023-04-24,FR,free,0,3.0,0.74,1.0,2,2,914,0,0,0.0,0
user_00931,Brandon Townsend,charlesclayton@gmail.com,2023-06-26,US,free,1,8.9,2.09,1.0,1,11,851,0,0,0.0,0
user_00932,Travis Craig,wquinn@hotmail.com,2025-07-04,US,starter,5,4.9,0.78,1.0,2,1,112,1,0,20.0,0
user_00933,Katelyn Mendoza,stevemorales@hotmail.com,2025-04-22,US,pro,8,14.9,18.01,2.6,0,54,185,1,0,94.88,0
user_00934,Jessica Robertson,mmorris@yahoo.com,2025-09-16,AU,free,5,2.2,3.51,5.0,1,42,38,0,0,0.0,0
user_00935,Ryan Barr,ashleydon@yahoo.com,2023-02-10,US,free,3,9.9,2.97,2.0,3,34,987,1,0,0.0,0
user_00936,Joseph Alexander,oriddle@gmail.com,2024-05-20,CA,free,3,4.0,1.45,0.0,0,7,522,0,0,0.0,0
user_00937,Leah Smith,melissarussell@gmail.com,2022-08-24,CA,free,5,4.7,1.34,4.0,1,36,1157,0,0,0.0,0
user_00938,Alexis Jackson,virginia57@hotmail.com,2025-01-20,US,pro,7,12.2,2.71,3.9000000000000004,1,13,277,1,0,84.82,0
user_00939,Tracy Woodward,ggomez@gmail.com,2023-04-06,US,free,2,5.3,3.25,1.0,3,60,932,1,0,0.0,0
user_00940,Richard Hoffman,alice08@hotmail.com,2025-08-19,US,free,1,5.9,1.02,4.0,2,6,66,0,0,0.0,0
user_00941,Stacey Ortiz,williamsjames@gmail.com,2022-11-02,IN,free,3,4.8,0.76,0.0,3,7,1087,0,0,0.0,0
user_00942,Melissa Griffin,evansmatthew@hotmail.com,2023-06-29,US,free,3,15.1,0.12,1.0,3,97,848,0,1,0.0,1
user_00943,Gwendolyn Dyer,jack74@gmail.com,2022-10-19,US,starter,5,5.5,3.58,1.0,4,21,1101,0,0,0.0,0
user_00944,James White,richardsmario@gmail.com,2022-05-27,FR,starter,5,8.2,2.29,2.0,2,17,1246,0,0,0.0,0
user_00945,Hunter Campos,gwright@gmail.com,2022-05-03,AU,free,4,7.2,1.8,4.0,1,13,1270,0,0,0.0,0
user_00946,Sandra Brooks,colemanjim@hotmail.com,2022-12-06,US,free,2,8.9,1.01,3.0,3,53,1053,0,0,0.0,0
user_00947,Richard Young,samanthamartinez@hotmail.com,2023-09-22,US,free,1,5.5,1.8,5.0,1,13,763,1,0,0.0,0
user_00948,Michael Garcia,kristenyoung@gmail.com,2025-05-03,US,pro,7,9.2,9.1,0.0,0,13,174,0,0,0.0,0
user_00949,Pamela Alexander,elizabethrichards@yahoo.com,2025-03-11,CA,pro,5,11.6,1.93,2.6,1,3,227,0,0,0.0,0
user_00950,Jennifer Vega,randyyoder@yahoo.com,2023-08-15,DE,free,2,4.5,3.88,5.0,2,22,801,1,0,0.0,0
user_00951,Jessica Webb,hnewton@gmail.com,2024-06-18,US,starter,3,12.4,4.29,2.0,1,77,493,0,0,0.0,0
user_00952,Andrew Lewis,johncoleman@hotmail.com,2022-09-12,US,starter,1,12.7,0.94,1.0,3,94,1138,0,0,0.0,0
user_00953,Dana Dunn,ginajones@hotmail.com,2024-08-17,DE,free,3,10.4,1.1,2.0,2,162,433,0,0,0.0,0
user_00954,Mandy Walker,johnsondavid@yahoo.com,2023-09-15,GB,pro,6,10.3,3.59,1.3,0,19,770,0,0,0.0,0
user_00955,Tracy Gentry,jjacobs@hotmail.com,2024-04-04,US,free,10,1.0,8.9,1.0,0,44,568,1,0,0.0,0
user_00956,Rodney Greene,shelbywatson@yahoo.com,2023-07-12,GB,free,2,9.7,4.92,0.0,1,24,835,0,0,0.0,0
user_00957,Joshua Christian,jonesstephen@gmail.com,2024-10-21,US,free,2,6.4,2.39,1.0,1,23,368,0,0,0.0,0
user_00958,Michael Brooks,ramirezjeffrey@hotmail.com,2025-01-10,US,free,3,7.0,5.04,2.0,1,49,287,1,0,0.0,0
user_00959,Crystal Cameron,bethmiller@yahoo.com,2024-10-08,DE,free,9,1.0,0.26,0.0,1,54,381,0,0,0.0,0
user_00960,Diana Martinez,henrydaniel@hotmail.com,2024-06-15,DE,starter,3,10.0,2.24,2.0,3,0,496,0,0,0.0,0
user_00961,Henry Rojas MD,juliemullins@gmail.com,2022-06-14,IN,free,2,2.2,0.25,5.0,0,85,1228,1,0,0.0,0
user_00962,Daniel Sloan,dannywalker@hotmail.com,2025-05-09,AU,starter,2,8.5,2.83,2.0,3,51,168,1,0,20.0,0
user_00963,Robert Allen,pmckee@hotmail.com,2022-03-23,IN,free,2,11.6,4.15,3.0,2,38,1311,0,0,0.0,0
user_00964,Sarah Kidd,marilyn62@gmail.com,2024-06-03,DE,free,2,6.1,1.61,1.0,2,57,508,0,0,0.0,0
user_00965,Jennifer Johnson,curtisroy@hotmail.com,2023-10-23,IN,free,2,12.9,1.55,4.0,1,23,732,0,0,0.0,0
user_00966,Kerry Marshall,emorales@gmail.com,2025-05-21,FR,free,4,5.0,2.44,1.0,1,44,156,0,0,0.0,0
user_00967,Mrs. Taylor Chavez,lisabrown@hotmail.com,2023-05-28,AU,starter,1,10.4,1.73,2.0,0,27,880,0,0,0.0,0
user_00968,Jessica Parker,wilsonjill@yahoo.com,2022-02-22,US,free,0,2.8,1.95,0.0,0,23,1340,0,0,0.0,0
user_00969,Jennifer Hill DDS,johnsonjames@yahoo.com,2022-07-07,AU,free,2,12.1,5.4,2.0,1,7,1205,0,0,0.0,0
user_00970,Kenneth Branch,chelseasmith@hotmail.com,2023-04-14,DE,free,7,11.5,4.3,3.0,1,56,924,1,0,0.0,0
user_00971,Elizabeth Ramirez,qorr@hotmail.com,2025-03-24,DE,starter,2,9.9,3.28,3.0,0,64,214,0,0,0.0,0
user_00972,Ivan Roberts,chelsea70@gmail.com,2025-04-17,US,pro,5,8.4,0.92,2.6,3,106,190,1,0,85.29,0
user_00973,Larry Choi,valerie96@hotmail.com,2022-02-12,DE,starter,3,2.4,3.71,3.0,4,3,1350,1,0,20.0,0
user_00974,Kevin Carr,zgarcia@yahoo.com,2023-07-06,FR,free,3,6.4,2.37,4.0,2,10,841,0,0,0.0,0
user_00975,Nicholas Smith,anna23@yahoo.com,2025-03-26,US,free,2,12.4,1.75,2.0,0,34,212,0,0,0.0,0
user_00976,Mrs. Stacy Lucero,sjones@hotmail.com,2022-03-24,AU,free,4,8.5,1.96,3.0,2,57,1310,1,0,0.0,0
user_00977,Rebecca Martinez,phodges@hotmail.com,2022-12-25,US,free,5,1.8,6.15,2.0,1,41,1034,0,0,0.0,0
user_00978,Peter Russell,rebeccamckee@yahoo.com,2024-08-21,US,free,4,3.5,4.79,1.0,2,18,429,0,0,0.0,0
user_00979,Peter Williams,jessemedina@hotmail.com,2024-11-28,IN,free,2,13.0,1.93,1.0,1,38,330,0,0,0.0,0
user_00980,Jessica Fisher,emmazamora@yahoo.com,2025-08-27,GB,free,5,10.0,7.1,0.0,0,2,58,0,0,0.0,0
user_00981,Erik Williams,thomasowens@hotmail.com,2024-06-24,GB,free,2,3.1,4.54,1.0,1,32,487,0,0,0.0,0
user_00982,Shane Johnson,hogannathan@yahoo.com,2023-07-24,US,starter,2,1.0,1.33,0.0,2,0,823,0,0,0.0,0
user_00983,Donna Baker,fitzgeraldlisa@hotmail.com,2023-01-07,AU,free,4,5.5,1.3,0.0,2,1,1021,0,0,0.0,0
user_00984,Blake Greene,fcoleman@hotmail.com,2025-04-13,US,free,4,1.0,2.79,3.0,0,42,194,1,0,0.0,0
user_00985,Michael Ramirez,heathersmith@gmail.com,2024-06-11,US,starter,2,7.4,1.08,2.0,1,19,500,0,0,0.0,0
user_00986,Susan Wyatt,kingjessica@hotmail.com,2025-07-24,US,free,6,17.8,7.67,4.0,0,1,92,0,0,0.0,0
user_00987,Elizabeth Turner,christopherharris@yahoo.com,2024-10-04,GB,starter,3,1.6,2.85,1.0,2,19,385,0,0,0.0,0
user_00988,Heather Brooks,lambalexandra@hotmail.com,2022-07-06,AU,free,7,7.3,1.15,3.0,1,1,1206,1,0,0.0,0
user_00989,Tricia Spencer,oconnorvictoria@hotmail.com,2024-08-20,CA,free,1,13.2,6.46,2.0,3,12,430,1,0,0.0,0
user_00990,Colin Martinez,gonzalezchristopher@hotmail.com,2023-12-14,DE,starter,1,11.0,0.23,2.0,3,5,680,0,0,0.0,0
user_00991,Anthony Brown,stephen63@hotmail.com,2024-04-16,US,starter,2,7.4,2.87,2.0,3,7,556,1,0,20.0,0
user_00992,Stephen Wilson,brownkaren@hotmail.com,2023-11-14,IN,starter,0,7.4,2.29,4.0,1,6,710,1,0,20.0,0
user_00993,Danielle Marsh,tyler10@gmail.com,2023-10-20,IN,free,4,3.4,0.74,2.0,1,13,735,0,0,0.0,0
user_00994,Rebecca Schultz,qmoss@gmail.com,2022-08-03,IN,free,5,6.9,6.83,4.0,1,3,1178,1,0,0.0,0
user_00995,Charles Bailey,barnesmichael@yahoo.com,2022-11-26,US,free,2,9.0,1.67,2.0,0,22,1063,1,0,0.0,0
user_00996,Robert Schwartz,ryan23@hotmail.com,2023-11-07,CA,free,1,12.4,1.5,4.0,3,15,717,0,0,0.0,0
user_00997,Timothy Ramos,meganjohnson@gmail.com,2024-04-23,IN,pro,5,7.5,6.5,2.6,3,54,549,1,0,93.4,0
user_00998,Alexa Ramirez,kyle91@yahoo.com,2024-10-11,DE,free,9,7.2,2.78,3.0,0,52,378,0,0,0.0,0
user_00999,Cynthia Alexander,jessica26@yahoo.com,2023-08-14,IN,pro,6,6.2,1.78,3.9000000000000004,3,52,802,1,0,105.89,0
user_01000,Peter Powell,ericbrooks@gmail.com,2025-09-18,US,free,2,8.9,1.65,3.0,0,19,36,0,0,0.0,0
user_01001,Nicholas Maldonado,halldaisy@gmail.com,2024-03-31,GB,free,6,11.1,6.23,5.0,0,10,572,0,0,0.0,0
user_01002,Michael Fletcher,josephsullivan@yahoo.com,2025-01-31,US,free,5,10.5,2.08,1.0,0,16,266,1,0,0.0,0
user_01003,Jeffrey Tanner,jpearson@gmail.com,2022-03-17,FR,pro,4,5.3,13.15,5.2,2,34,1317,1,0,84.02,0
user_01004,Diana Weaver,jonesmelissa@gmail.com,2024-07-20,GB,starter,1,8.6,1.07,2.0,3,22,461,0,0,0.0,0
user_01005,Sierra Ross,randallhorton@yahoo.com,2022-06-30,US,starter,4,5.3,1.87,2.0,1,29,1212,0,0,0.0,0
user_01006,Melissa Page,paulbutler@gmail.com,2023-10-07,AU,starter,0,12.0,1.37,4.0,3,35,748,0,0,0.0,0
user_01007,Martin Adams,kerry49@gmail.com,2023-06-01,IN,starter,1,7.4,4.1,0.0,1,75,876,1,0,20.0,0
user_01008,Jessica Hill,deborah34@gmail.com,2023-10-25,US,starter,1,1.9,9.05,1.0,5,86,730,0,0,0.0,0
user_01009,Matthew Garcia,tuckerstacey@hotmail.com,2022-08-26,GB,free,2,7.1,2.63,2.0,3,55,1155,1,0,0.0,0
user_01010,Gregory Ward,wanderson@yahoo.com,2024-04-07,US,free,6,9.8,3.0,1.0,2,2,565,1,0,0.0,0
user_01011,Brian Cooper,marissa58@gmail.com,2024-11-19,DE,free,2,9.0,1.79,2.0,2,116,339,0,1,0.0,1
user_01012,Christopher Hurst,zle@hotmail.com,2022-01-03,DE,pro,11,8.0,1.01,5.2,1,36,1390,0,0,0.0,0
user_01013,Gregory Flores,gonzalesaustin@yahoo.com,2025-09-08,AU,pro,5,7.7,3.14,5.2,1,35,46,0,0,0.0,0
user_01014,John Reynolds,jacqueline96@gmail.com,2025-01-16,IN,free,1,4.0,3.48,1.0,1,0,281,0,0,0.0,0
user_01015,Brandi Medina,orosales@yahoo.com,2024-08-04,IN,starter,3,6.4,1.58,2.0,2,19,446,0,0,0.0,0
user_01016,Robert Brown,terricooper@hotmail.com,2024-04-26,DE,pro,5,6.6,1.12,2.6,2,29,546,0,0,0.0,0
user_01017,Kaitlin Garza,iclarke@hotmail.com,2022-04-22,US,free,2,11.9,0.14,2.0,0,9,1281,0,0,0.0,0
user_01018,Rhonda Grimes,christopher67@gmail.com,2023-01-20,IN,free,1,4.4,7.09,2.0,2,2,1008,0,0,0.0,0
user_01019,Brianna Harris,joseph01@gmail.com,2024-11-27,IN,pro,7,10.5,2.65,1.3,3,22,331,0,0,0.0,0
user_01020,Daniel Price,ebarker@hotmail.com,2024-01-11,US,free,3,8.2,3.37,3.0,1,17,652,1,0,0.0,0
user_01021,Kathryn Williams,tjohnson@hotmail.com,2025-06-29,IN,starter,1,11.8,5.19,0.0,3,1,117,0,0,0.0,0
user_01022,Alicia Mueller,martinezchad@yahoo.com,2024-10-17,FR,free,2,12.4,5.94,5.0,1,21,372,0,0,0.0,0
user_01023,Wendy Thomas,danielduncan@gmail.com,2025-07-04,FR,pro,5,12.8,2.32,2.6,1,3,112,0,0,0.0,0
user_01024,Donald Smith,david21@yahoo.com,2024-06-24,US,pro,5,11.4,4.9,2.6,1,16,487,1,0,91.73,0
user_01025,Kimberly Lopez,charles46@gmail.com,2022-04-16,US,pro,7,5.8,5.31,1.3,1,9,1287,0,0,0.0,0
user_01026,Mrs. Rhonda Hodges,qrhodes@gmail.com,2023-02-21,US,free,8,3.7,4.68,4.0,0,105,976,0,0,0.0,0
user_01027,Kaitlyn Young,gatesmegan@gmail.com,2023-07-01,FR,pro,8,6.6,5.26,3.9000000000000004,2,1,846,0,0,0.0,0
user_01028,Penny Silva,williamtyler@gmail.com,2025-01-29,US,starter,2,11.0,3.0,2.0,4,24,268,1,0,20.0,0
user_01029,Daniel Hunter,xjohnson@yahoo.com,2022-09-26,CA,free,4,8.3,1.08,1.0,3,4,1124,1,0,0.0,0
user_01030,James Williams,russelltammy@hotmail.com,2023-08-13,US,starter,2,11.5,4.03,1.0,1,11,803,0,0,0.0,0
user_01031,David Cohen,jameskim@yahoo.com,2024-06-16,GB,free,3,12.0,2.44,2.0,3,6,495,1,0,0.0,0
user_01032,Ann Wagner,nguyenterri@yahoo.com,2024-09-19,US,free,3,5.1,6.51,1.0,4,159,400,1,0,0.0,0
user_01033,Mr. Robert Castillo,jennifertapia@gmail.com,2022-09-06,DE,free,6,8.1,4.05,1.0,1,0,1144,0,0,0.0,0
user_01034,Sylvia Johnson,ashley62@hotmail.com,2022-03-01,US,free,7,7.9,0.37,1.0,3,23,1333,0,0,0.0,0
user_01035,Mary Long,hernandezandrew@hotmail.com,2025-07-14,GB,free,3,6.7,1.01,3.0,5,28,102,0,0,0.0,0
user_01036,Stacy Ward,marciahall@hotmail.com,2025-05-31,US,starter,3,5.9,1.8,4.0,3,44,146,0,0,0.0,0
user_01037,Susan Peterson,vincent19@hotmail.com,2023-05-06,CA,free,2,12.7,2.39,1.0,1,29,902,0,0,0.0,0
user_01038,Amanda Rodriguez,janetmontes@yahoo.com,2022-11-21,FR,starter,2,8.2,9.77,3.0,2,7,1068,0,0,0.0,0
user_01039,Laura Rosales,maria74@hotmail.com,2023-09-29,US,free,1,8.1,4.38,1.0,1,27,756,0,0,0.0,0
user_01040,Edwin Cochran,wcastillo@yahoo.com,2025-02-02,FR,free,4,4.8,1.38,3.0,5,110,264,0,0,0.0,0
user_01041,Christina Ware,david79@yahoo.com,2022-01-29,GB,free,3,10.7,4.47,0.0,0,56,1364,1,0,0.0,0
user_01042,Latoya Smith,gaineserika@gmail.com,2025-02-05,US,starter,1,4.0,2.9,5.0,4,18,261,1,0,20.0,0
user_01043,Michelle Goodwin,samantharobles@gmail.com,2024-04-15,IN,free,4,9.8,4.5,0.0,0,19,557,0,0,0.0,0
user_01044,Eric Moore,steven36@yahoo.com,2022-07-10,US,starter,1,9.9,1.94,4.0,0,4,1202,0,0,0.0,0
user_01045,Briana Hart,ugeorge@hotmail.com,2023-04-06,CA,pro,8,8.3,15.53,1.3,4,25,932,0,0,0.0,0
user_01046,Jessica Cox,greg78@hotmail.com,2022-08-21,DE,starter,4,9.3,7.07,4.0,3,9,1160,1,0,20.0,0
user_01047,David Yates,brentodom@yahoo.com,2024-08-03,US,free,3,8.7,3.94,5.0,1,3,447,1,0,0.0,0
user_01048,Brittany Chang,stacey58@yahoo.com,2022-08-29,IN,free,5,7.8,1.76,2.0,4,19,1152,0,0,0.0,0
user_01049,Michael Hill,rebecca53@hotmail.com,2025-08-19,DE,pro,3,10.1,6.75,2.6,3,1,66,0,0,0.0,0
user_01050,David Gill,powersmonique@hotmail.com,2022-11-12,AU,free,1,8.2,0.68,1.0,3,3,1077,1,0,0.0,0
user_01051,Carlos Sawyer,mcgeebrittany@gmail.com,2024-10-17,IN,pro,4,10.5,11.13,1.3,2,7,372,1,0,82.23,0
user_01052,Pamela Butler,uzimmerman@yahoo.com,2023-08-21,AU,free,4,8.2,6.36,4.0,4,140,795,1,0,0.0,0
user_01053,Timothy Williams,seth37@gmail.com,2024-11-08,IN,pro,5,5.6,5.42,3.9000000000000004,3,49,350,1,0,88.2,0
user_01054,John Walker,cbaker@yahoo.com,2023-07-14,US,starter,6,7.4,1.12,1.0,4,23,833,0,0,0.0,0
user_01055,Barry Hoffman,michaeldavenport@yahoo.com,2024-04-30,FR,pro,4,11.1,2.89,3.9000000000000004,1,7,542,0,0,0.0,0
user_01056,Daniel Townsend,thomaselizabeth@gmail.com,2024-09-15,IN,free,4,8.4,0.27,4.0,1,21,404,0,0,0.0,0
user_01057,Alexander Brown,abigailmendoza@yahoo.com,2024-08-25,IN,starter,4,11.8,2.15,1.0,3,31,425,0,0,0.0,0
user_01058,Alexis Yates,redwards@yahoo.com,2023-05-15,IN,free,1,10.5,1.02,1.0,2,0,893,0,1,0.0,0
user_01059,Manuel Steele,christian58@hotmail.com,2024-07-24,FR,free,2,4.5,0.39,2.0,2,132,457,0,0,0.0,0
user_01060,Ashley Black,tonytran@yahoo.com,2025-02-02,FR,starter,3,7.3,1.75,2.0,5,29,264,0,0,0.0,0
user_01061,Jane Lee,xjones@gmail.com,2022-10-24,IN,pro,11,8.8,2.82,1.3,3,133,1096,0,0,0.0,0
user_01062,Shelby Gentry,rivaslisa@hotmail.com,2024-02-25,US,pro,3,10.0,1.2,1.3,1,18,607,1,0,89.25,0
user_01063,James Barrett,rushmatthew@gmail.com,2023-01-26,IN,starter,1,8.0,3.16,1.0,1,29,1002,0,0,0.0,0
user_01064,Makayla Wallace,thomas27@yahoo.com,2025-05-12,GB,free,3,10.4,5.01,4.0,1,18,165,1,0,0.0,0
user_01065,Richard Gibson,cblake@yahoo.com,2024-11-06,US,free,1,8.7,3.3,2.0,2,0,352,0,0,0.0,0
user_01066,Kristie Bailey,campbellkelly@hotmail.com,2022-10-07,DE,starter,4,12.9,2.39,1.0,0,56,1113,0,0,0.0,0
user_01067,Shawn Gray,caitlin30@yahoo.com,2022-05-23,IN,free,4,9.0,2.54,3.0,0,17,1250,0,0,0.0,0
user_01068,Stacey Ramos,elizabeth65@yahoo.com,2023-07-20,US,free,0,4.7,2.02,0.0,1,19,827,0,0,0.0,0
user_01069,Ashley Parsons,dholland@gmail.com,2024-04-29,US,free,1,6.1,1.74,1.0,3,13,543,0,0,0.0,0
user_01070,Keith Turner,greenchristian@gmail.com,2023-11-28,US,free,6,10.4,3.25,1.0,0,17,696,0,0,0.0,0
user_01071,Stephanie Olson,karen64@yahoo.com,2024-11-05,AU,free,5,1.5,3.38,4.0,0,38,353,0,0,0.0,0
user_01072,Todd Bates,andrew26@gmail.com,2023-07-02,US,free,2,2.6,2.56,2.0,2,36,845,0,0,0.0,0
user_01073,Rachel Hogan,dianalee@yahoo.com,2022-01-06,US,free,3,8.0,1.79,0.0,0,49,1387,1,0,0.0,0
user_01074,Marcus Duran,ijones@gmail.com,2023-08-03,IN,free,7,11.8,1.1,0.0,1,110,813,0,0,0.0,0
user_01075,Alisha Lewis,robin99@gmail.com,2023-09-04,US,pro,4,15.2,0.81,1.3,1,14,781,0,0,0.0,0
user_01076,Adrian Sanchez,stevengreen@hotmail.com,2025-04-17,US,free,4,7.1,1.1,1.0,2,12,190,1,0,0.0,0
user_01077,Christopher Lopez,andrew80@yahoo.com,2025-04-02,US,free,3,12.2,1.78,2.0,0,20,205,0,0,0.0,0
user_01078,Ryan Stewart,darrenwhite@hotmail.com,2025-09-13,IN,starter,2,8.3,1.92,2.0,4,5,41,0,0,0.0,0
user_01079,Daniel Lee,elliottdawn@gmail.com,2024-09-29,GB,free,2,1.9,11.85,4.0,0,42,390,0,0,0.0,0
user_01080,Bradley Brown,jessica23@gmail.com,2022-11-01,US,pro,6,10.0,6.99,0.0,4,26,1088,0,0,0.0,0
user_01081,Heather Huber,christopherfields@gmail.com,2024-07-03,IN,starter,6,5.5,3.27,0.0,3,7,478,0,0,0.0,0
user_01082,Phillip Roberts MD,moorejessica@yahoo.com,2025-01-08,AU,free,4,11.7,3.94,2.0,3,59,289,0,0,0.0,0
user_01083,Michael Smith,benjamin83@gmail.com,2024-09-18,US,free,1,7.9,10.21,2.0,0,28,401,0,0,0.0,0
user_01084,Melanie Wiley,ehuff@hotmail.com,2023-12-08,US,pro,6,4.9,2.11,1.3,2,1,686,0,0,0.0,0
user_01085,Daniel Smith,rsmith@hotmail.com,2023-11-12,US,pro,6,4.0,11.49,1.3,3,6,712,0,0,0.0,0
user_01086,Gary Johnson,tgilbert@yahoo.com,2025-02-04,IN,free,1,7.9,0.15,1.0,2,66,262,0,1,0.0,1
user_01087,Sara Erickson,lcarney@yahoo.com,2025-01-17,DE,starter,2,1.0,2.12,5.0,2,14,280,0,0,0.0,0
user_01088,Amber Rodriguez,rebekah58@hotmail.com,2024-02-12,US,free,1,5.9,0.96,7.0,0,124,620,1,0,0.0,0
user_01089,Joshua Jones,rodriguezjacob@yahoo.com,2024-07-21,CA,pro,5,10.9,0.75,3.9000000000000004,2,22,460,0,0,0.0,0
user_01090,Elizabeth Rivera,frankjames@hotmail.com,2023-10-22,US,free,4,3.8,6.35,2.0,0,6,733,0,0,0.0,0
user_01091,Thomas Gonzalez,heather03@gmail.com,2023-01-22,IN,pro,3,14.0,3.14,1.3,5,27,1006,1,0,88.05,0
user_01092,Stephen Rhodes,kimberly97@yahoo.com,2023-05-05,DE,starter,2,12.8,1.82,3.0,3,3,903,0,0,0.0,0
user_01093,Susan Carroll,kayla59@gmail.com,2025-03-17,US,starter,0,3.9,2.12,1.0,0,49,221,1,0,20.0,0
user_01094,Robert Green,shannon37@yahoo.com,2024-02-24,GB,free,5,6.8,2.79,2.0,1,29,608,1,0,0.0,0
user_01095,Kelsey Ferrell,nromero@yahoo.com,2023-04-24,US,free,1,12.0,1.23,4.0,2,99,914,0,0,0.0,0
user_01096,Christina Dawson,mmoore@hotmail.com,2024-04-21,CA,free,1,8.0,0.49,2.0,0,35,551,0,0,0.0,0
user_01097,Bethany Adams,anne76@gmail.com,2022-03-31,US,free,1,2.4,2.4,1.0,2,1,1303,1,0,0.0,0
user_01098,Kristy Ho,diazkenneth@yahoo.com,2023-10-14,FR,free,5,7.4,2.81,1.0,0,19,741,1,0,0.0,0
user_01099,Aaron Scott,mortiz@hotmail.com,2024-08-26,US,starter,2,4.6,6.7,2.0,2,22,424,0,0,0.0,0
user_01100,Samantha Johnson,elliscatherine@yahoo.com,2024-02-20,FR,free,2,12.4,2.33,3.0,2,74,612,0,0,0.0,0
user_01101,Nathan Blanchard,karimeyers@hotmail.com,2024-03-01,US,free,2,10.4,2.67,0.0,1,16,602,0,0,0.0,0
user_01102,Brooke Gillespie,travis88@yahoo.com,2025-09-21,CA,pro,4,8.7,1.54,3.9000000000000004,2,27,33,1,0,87.32,0
user_01103,Taylor Brown,travis09@yahoo.com,2025-08-28,US,pro,5,10.6,1.55,1.3,3,6,57,1,0,91.96,0
user_01104,Stacey Tapia,dellis@yahoo.com,2022-11-08,AU,pro,4,4.8,4.92,0.0,1,8,1081,0,0,0.0,0
user_01105,Kayla Lawson,yjohnson@hotmail.com,2024-10-11,US,pro,11,7.0,6.41,2.6,2,23,378,1,0,94.6,0
user_01106,Adam Harris,dennis53@yahoo.com,2022-03-17,US,free,10,14.2,5.27,2.0,3,35,1317,1,0,0.0,0
user_01107,James Smith,gmcdonald@hotmail.com,2022-09-16,IN,free,3,8.2,3.14,0.0,0,17,1134,0,0,0.0,0
user_01108,Anthony Perez,ochoatyler@hotmail.com,2024-10-25,US,starter,3,11.7,1.23,3.0,0,17,364,0,0,0.0,0
user_01109,Alexandra Williams,dadams@hotmail.com,2025-04-23,US,starter,5,8.9,0.56,0.0,3,8,184,0,0,0.0,0
user_01110,Sean Henderson,ycarter@hotmail.com,2023-11-11,AU,free,0,13.3,0.95,3.0,2,35,713,0,0,0.0,0
user_01111,Steven Lopez,carol05@hotmail.com,2022-07-25,AU,starter,2,1.0,3.14,2.0,3,0,1187,0,0,0.0,0
user_01112,Blake Nelson,dustin79@gmail.com,2024-06-20,US,free,3,7.2,0.63,0.0,1,21,491,0,0,0.0,0
user_01113,Tonya Bartlett,debrasteele@hotmail.com,2022-07-24,AU,free,1,14.6,0.97,2.0,3,0,1188,0,0,0.0,0
user_01114,Brittany Garrison,qbonilla@hotmail.com,2024-12-13,IN,free,0,11.8,1.36,2.0,0,27,315,0,1,0.0,0
user_01115,James Phillips,blin@hotmail.com,2024-07-24,US,free,1,13.3,3.7,4.0,3,0,457,0,0,0.0,0
user_01116,Joshua Murray,elizabeth19@gmail.com,2022-02-01,CA,free,2,8.0,6.03,3.0,3,84,1361,0,0,0.0,0
user_01117,Jose Johnson,ajohnson@yahoo.com,2022-10-23,CA,free,0,5.9,2.59,1.0,2,19,1097,0,0,0.0,0
user_01118,Sean Faulkner,clarkholly@yahoo.com,2024-04-19,AU,pro,9,5.9,4.48,1.3,2,34,553,0,1,0.0,1
user_01119,Katherine Chang,donald28@hotmail.com,2025-09-02,US,free,5,3.6,2.38,3.0,1,57,52,1,0,0.0,0
user_01120,Andrew Schaefer,lisafernandez@yahoo.com,2022-11-13,CA,free,3,11.2,2.14,2.0,1,8,1076,1,0,0.0,0
user_01121,Caitlin Smith,wagnerroberta@yahoo.com,2022-06-03,US,pro,6,12.1,5.18,3.9000000000000004,2,23,1239,0,0,0.0,0
user_01122,Jessica Miller,brownmark@yahoo.com,2024-08-19,US,pro,4,9.7,3.23,0.0,2,59,431,0,0,0.0,0
user_01123,John Brown,tinaflynn@yahoo.com,2023-06-27,US,pro,5,12.0,10.99,3.9000000000000004,6,23,850,0,0,0.0,0
user_01124,Ashley Woods,cindyjones@hotmail.com,2023-11-25,AU,starter,6,8.6,2.86,2.0,3,14,699,1,0,20.0,0
user_01125,Gary Nichols,jamie12@hotmail.com,2025-06-30,DE,starter,2,11.8,3.1,5.0,2,13,116,0,0,0.0,0
user_01126,Danielle Hunt,richard02@hotmail.com,2024-03-25,DE,free,5,11.8,2.43,1.0,2,14,578,0,0,0.0,0
user_01127,Jorge Murray,annawelch@yahoo.com,2025-08-23,IN,free,5,3.7,4.44,2.0,0,28,62,0,0,0.0,0
user_01128,Shaun Krueger,fosterlawrence@gmail.com,2022-06-14,US,free,2,9.1,1.33,3.0,1,1,1228,0,0,0.0,0
user_01129,Sandra Brooks,geraldpineda@gmail.com,2023-11-04,US,free,5,1.3,1.02,3.0,1,16,720,0,0,0.0,0
user_01130,Dustin Doyle,zimmermanjustin@yahoo.com,2024-12-28,US,free,5,8.5,4.02,7.0,6,24,300,1,0,0.0,0
user_01131,Robert Rios,patriciapatterson@yahoo.com,2024-02-18,US,starter,4,10.4,2.85,0.0,2,46,614,0,0,0.0,0
user_01132,Donna Anderson,hawkinsdeanna@hotmail.com,2023-10-11,DE,free,4,2.7,4.06,4.0,0,22,744,0,0,0.0,0
user_01133,Eric Ward,tburns@hotmail.com,2025-07-07,IN,free,1,6.3,1.9,3.0,0,78,109,0,0,0.0,0
user_01134,Angela Garrison,stephanie49@yahoo.com,2024-09-26,US,free,0,8.0,2.71,4.0,2,17,393,1,0,0.0,0
user_01135,Angela Kline,davisteresa@hotmail.com,2025-01-13,US,starter,1,8.9,1.71,2.0,1,31,284,0,0,0.0,0
user_01136,Stacy Fischer,jefferymurray@gmail.com,2022-03-15,US,free,1,6.9,2.34,1.0,3,0,1319,0,1,0.0,0
user_01137,Emily Fuentes,justin88@hotmail.com,2025-06-18,IN,pro,7,5.3,0.86,2.6,2,8,128,1,0,94.85,0
user_01138,Frances Oconnor,kimberlyyoung@yahoo.com,2022-05-21,AU,free,1,7.8,0.26,1.0,1,50,1252,0,0,0.0,0
user_01139,Katherine Sanders,iwang@gmail.com,2023-04-26,GB,free,4,1.4,0.67,0.0,2,26,912,0,0,0.0,0
user_01140,Faith Zamora,jacquelinesnow@gmail.com,2025-07-16,DE,free,3,7.1,4.36,2.0,1,87,100,0,0,0.0,0
user_01141,Eric Lowery,sara37@yahoo.com,2023-08-12,IN,starter,1,6.2,4.26,2.0,3,41,804,0,0,0.0,0
user_01142,Craig Wiley,ischneider@gmail.com,2023-04-11,US,free,7,7.5,7.54,2.0,2,17,927,0,0,0.0,0
user_01143,Tracy Bennett,jonathannorman@hotmail.com,2022-07-05,US,starter,2,5.8,4.11,5.0,3,45,1207,1,0,20.0,0
user_01144,Tamara Ward,nancy14@gmail.com,2024-06-07,FR,free,7,2.0,1.8,4.0,3,18,504,0,0,0.0,0
user_01145,Louis Hughes,brenda35@hotmail.com,2022-07-21,DE,free,3,6.5,2.39,2.0,3,12,1191,0,1,0.0,0
user_01146,Juan Morrow,gatesmorgan@hotmail.com,2025-07-21,US,pro,7,13.7,0.37,0.0,2,1,95,0,0,0.0,0
user_01147,Thomas Roberts,brandontaylor@yahoo.com,2022-07-25,IN,starter,3,13.0,1.82,4.0,4,60,1187,0,0,0.0,0
user_01148,Trevor Kennedy,turnerrichard@yahoo.com,2024-06-27,IN,starter,3,17.8,2.71,2.0,0,16,484,0,0,0.0,0
user_01149,Dr. Selena Allen,matthewthompson@gmail.com,2022-12-07,GB,pro,5,16.8,7.46,3.9000000000000004,4,34,1052,1,0,90.78,0
user_01150,Monica Peters,stephen64@yahoo.com,2023-09-06,AU,pro,6,5.2,3.82,1.3,1,4,779,0,0,0.0,0
user_01151,Dr. April Smith,benjaminmcbride@hotmail.com,2022-03-01,GB,starter,3,6.4,0.88,4.0,1,52,1333,1,0,20.0,0
user_01152,Denise Moore,christopher98@gmail.com,2022-04-05,IN,starter,4,7.9,4.76,4.0,3,52,1298,1,0,20.0,0
user_01153,Laurie Jimenez,awalker@hotmail.com,2023-10-27,US,starter,2,7.7,1.64,3.0,2,19,728,0,0,0.0,0
user_01154,Mrs. Patricia Scott PhD,nburke@gmail.com,2022-04-25,US,starter,1,8.3,1.22,2.0,2,33,1278,0,0,0.0,0
user_01155,Daniel Scott,usummers@hotmail.com,2023-08-24,US,starter,3,17.6,2.29,0.0,1,22,792,0,0,0.0,0
user_01156,Melissa Collins,omacdonald@gmail.com,2024-01-05,US,starter,5,3.7,1.62,4.0,1,24,658,0,0,0.0,0
user_01157,Brian Mills,tphillips@yahoo.com,2024-02-07,CA,free,5,5.1,2.71,2.0,0,65,625,0,0,0.0,0
user_01158,Michael Davis,aliciahawkins@hotmail.com,2024-06-01,CA,pro,4,16.6,5.84,2.6,1,102,510,0,0,0.0,0
user_01159,Joyce Kent,andersonalexander@yahoo.com,2022-10-26,US,pro,4,7.5,2.74,2.6,2,13,1094,0,0,0.0,0
user_01160,Randall Powell,gjackson@yahoo.com,2023-05-16,FR,free,5,9.6,1.86,4.0,2,12,892,0,0,0.0,0
user_01161,Michael Phillips,anthonyhernandez@gmail.com,2024-12-23,US,starter,2,12.1,3.91,2.0,3,10,305,0,0,0.0,0
user_01162,Theresa Case,simmonspeter@gmail.com,2024-04-23,US,free,9,9.9,3.91,3.0,1,44,549,0,0,0.0,0
user_01163,Alexandra Dunn,greenetyler@yahoo.com,2025-03-05,US,free,1,8.8,2.9,2.0,3,38,233,0,0,0.0,0
user_01164,Justin Smith,scottlindsey@yahoo.com,2023-01-04,US,starter,5,11.8,2.19,2.0,1,1,1024,0,0,0.0,0
user_01165,Kevin Nielsen,zramirez@hotmail.com,2022-12-15,US,free,7,4.4,5.58,5.0,0,2,1044,1,0,0.0,0
user_01166,Courtney Hampton,patrick04@hotmail.com,2022-12-25,IN,starter,4,6.0,1.37,1.0,4,31,1034,0,0,0.0,0
user_01167,Jennifer Alexander,tiffany86@hotmail.com,2022-06-11,IN,starter,4,10.1,3.94,3.0,2,9,1231,1,0,20.0,0
user_01168,Stephanie Williams,kristen73@hotmail.com,2025-06-02,AU,free,2,1.0,1.32,1.0,4,2,144,0,0,0.0,0
user_01169,Stacey Jones DVM,martharay@hotmail.com,2024-02-23,US,free,5,13.7,2.66,2.0,1,16,609,1,0,0.0,0
user_01170,Rebecca Vasquez,charleslee@hotmail.com,2025-06-23,US,free,4,9.2,0.76,1.0,2,62,123,0,0,0.0,0
user_01171,Mrs. Shelby Heath,vaughnpaula@gmail.com,2023-05-09,US,starter,7,8.6,2.72,2.0,1,13,899,1,0,20.0,0
user_01172,Marie Rangel,danielspencer@gmail.com,2024-10-16,GB,pro,6,3.5,8.72,3.9000000000000004,3,35,373,0,0,0.0,0
user_01173,Stephanie Contreras,carol88@hotmail.com,2025-04-09,US,starter,5,2.9,4.58,6.0,1,69,198,1,0,20.0,0
user_01174,Sierra Padilla,jonathan60@hotmail.com,2022-10-21,FR,free,5,6.4,0.36,0.0,0,5,1099,0,0,0.0,0
user_01175,Kathryn Garcia,owheeler@hotmail.com,2023-04-21,IN,starter,2,11.2,5.65,2.0,0,28,917,1,0,20.0,0
user_01176,Andrew Scott,bradymyers@yahoo.com,2024-08-02,IN,free,4,1.0,1.58,1.0,2,71,448,0,1,0.0,1
user_01177,Lorraine Martinez,kyleboyd@yahoo.com,2025-07-30,GB,starter,2,11.2,3.49,6.0,1,6,86,0,0,0.0,0
user_01178,Kristopher Welch,matthewnewton@gmail.com,2023-06-05,US,free,4,6.6,2.4,2.0,4,134,872,0,0,0.0,0
user_01179,Joseph Harvey,keithhernandez@gmail.com,2024-07-30,US,starter,0,7.1,1.47,2.0,3,13,451,0,0,0.0,0
user_01180,Angela Thomas,reillyronald@hotmail.com,2023-06-07,US,free,3,9.0,3.21,1.0,2,7,870,0,1,0.0,0
user_01181,Katherine Bentley,dcooper@hotmail.com,2025-09-27,GB,pro,8,11.1,2.28,5.2,3,54,27,0,0,0.0,0
user_01182,Michael Ward,darryl78@hotmail.com,2022-01-20,US,free,3,5.2,4.06,0.0,3,18,1373,1,0,0.0,0
user_01183,Erin Mercer,amberbooker@yahoo.com,2024-08-10,US,starter,2,10.5,1.5,3.0,3,33,440,0,0,0.0,0
user_01184,Maurice Brown,tskinner@gmail.com,2023-08-13,AU,pro,5,1.0,2.04,2.6,4,20,803,0,0,0.0,0
user_01185,Mark Martinez,bmartin@hotmail.com,2025-01-24,US,free,5,6.2,4.13,3.0,3,30,273,1,0,0.0,0
user_01186,Nicole Francis,victorscott@yahoo.com,2022-11-20,DE,pro,4,10.6,14.43,2.6,1,1,1069,0,0,0.0,0
user_01187,Katherine Roberts,laurenpeters@yahoo.com,2022-06-01,DE,starter,1,6.6,4.91,4.0,1,12,1241,1,0,20.0,0
user_01188,Jon Smith,timothytyler@yahoo.com,2024-06-23,US,free,3,1.0,4.42,1.0,2,32,488,0,0,0.0,0
user_01189,Richard George,denise43@yahoo.com,2023-12-09,US,free,4,11.0,2.48,0.0,0,12,685,0,0,0.0,0
user_01190,Zachary Davis,lbarber@yahoo.com,2025-04-18,US,starter,1,3.0,3.89,3.0,1,44,189,0,0,0.0,0
user_01191,David Jones,fpatterson@yahoo.com,2023-09-05,CA,free,7,7.7,1.82,2.0,2,97,780,1,1,0.0,1
user_01192,Isaac Hansen,cathysmith@yahoo.com,2025-08-01,GB,free,1,8.6,6.45,0.0,2,1,84,1,0,0.0,0
user_01193,Sean Johnson,ydavis@yahoo.com,2024-05-18,DE,free,2,8.1,0.5,1.0,2,57,524,0,0,0.0,0
user_01194,Albert Combs,williamshoward@gmail.com,2023-05-28,AU,starter,2,12.7,2.39,1.0,4,5,880,0,0,0.0,0
user_01195,Courtney Thompson,wilsonerin@yahoo.com,2024-07-24,CA,free,5,7.8,1.97,3.0,2,74,457,1,0,0.0,0
user_01196,Julie Porter,stacymoon@yahoo.com,2023-09-11,US,pro,6,11.7,3.73,2.6,2,88,774,1,0,98.44,0
user_01197,Anthony Reyes,joshuaramos@yahoo.com,2023-02-12,US,pro,5,9.8,2.13,2.6,1,25,985,0,0,0.0,0
user_01198,Beverly Johnson,angela07@hotmail.com,2024-02-27,FR,pro,7,12.5,4.22,1.3,1,19,605,0,0,0.0,0
user_01199,Daniel Daniel,aaron63@gmail.com,2024-09-16,US,starter,2,13.6,1.38,1.0,1,42,403,1,0,20.0,0
user_01200,Ernest Williams,ygonzalez@hotmail.com,2022-08-07,US,free,2,8.6,1.73,2.0,0,75,1174,0,0,0.0,0
user_01201,George Thomas,brittany77@hotmail.com,2023-05-01,CA,starter,5,11.1,3.58,1.0,1,7,907,0,0,0.0,0
user_01202,Craig Young,wcook@yahoo.com,2024-02-21,IN,free,2,13.8,11.74,0.0,3,14,611,0,0,0.0,0
user_01203,Ryan Lyons,burnscarl@gmail.com,2025-03-17,AU,free,4,13.4,1.7,4.0,2,16,221,0,1,0.0,0
user_01204,Jack Tanner,hannah04@yahoo.com,2024-01-06,CA,free,0,6.5,3.21,4.0,2,56,657,0,0,0.0,0
user_01205,Kayla Mendez,pamela88@hotmail.com,2025-03-23,US,free,8,12.1,5.41,4.0,3,4,215,0,0,0.0,0
user_01206,Mr. Alexander Forbes DVM,michaelbrandt@yahoo.com,2023-08-29,AU,starter,1,9.0,3.35,2.0,1,29,787,0,0,0.0,0
user_01207,Alyssa Harper DDS,hollychang@hotmail.com,2023-08-28,US,starter,5,12.5,2.14,2.0,2,12,788,0,0,0.0,0
user_01208,Amy Rice,josephmoran@hotmail.com,2022-02-14,US,free,2,10.3,2.11,1.0,0,65,1348,0,0,0.0,0
user_01209,Ronald Brooks,yschroeder@hotmail.com,2025-09-10,IN,free,5,9.1,5.68,4.0,3,12,44,1,0,0.0,0
user_01210,Gina Williams,dixonderek@yahoo.com,2024-03-21,US,pro,4,11.7,0.52,2.6,2,114,582,0,1,0.0,1
user_01211,Andrew Lowery,rpeck@yahoo.com,2023-07-17,IN,free,4,9.0,2.79,4.0,0,0,830,0,0,0.0,0
user_01212,Sherry Wilson,ashley67@yahoo.com,2022-01-17,US,free,3,9.2,1.91,2.0,1,8,1376,0,0,0.0,0
user_01213,Brandi Byrd,ehernandez@yahoo.com,2025-03-05,IN,free,3,7.4,0.56,1.0,3,18,233,0,0,0.0,0
user_01214,Teresa Montoya,susancoleman@hotmail.com,2022-04-11,US,starter,2,7.0,2.59,6.0,1,8,1292,0,0,0.0,0
user_01215,Rebecca Reilly,vdavis@hotmail.com,2025-05-26,DE,starter,2,15.1,1.51,3.0,4,40,151,0,0,0.0,0
user_01216,Brandon Robbins,bradleysullivan@gmail.com,2024-10-14,DE,free,2,9.9,0.98,4.0,1,50,375,0,0,0.0,0
user_01217,Morgan Zimmerman,wstone@yahoo.com,2023-08-10,US,free,5,5.7,6.14,0.0,1,35,806,1,0,0.0,0
user_01218,David Macias,katiehubbard@yahoo.com,2023-04-17,US,starter,4,6.9,1.14,5.0,1,105,921,0,0,0.0,0
user_01219,Jeremy Glover,patrickmark@yahoo.com,2025-05-28,US,starter,2,12.2,0.9,2.0,2,18,149,0,0,0.0,0
user_01220,Craig Ramirez,johnbarton@hotmail.com,2023-12-23,US,free,4,5.1,0.67,1.0,2,117,671,0,0,0.0,0
user_01221,Kristin Taylor,emma76@hotmail.com,2023-03-25,DE,pro,9,4.1,4.65,6.5,2,3,944,0,0,0.0,0
user_01222,Joe Cruz,suzanne53@yahoo.com,2025-07-27,CA,free,6,2.4,3.36,2.0,1,56,89,0,0,0.0,0
user_01223,Antonio Hernandez,brandon14@gmail.com,2023-01-25,US,free,2,1.1,9.51,0.0,1,1,1003,0,0,0.0,0
user_01224,Kathryn Hickman,carrierice@yahoo.com,2025-06-25,US,pro,4,4.8,2.91,2.6,1,22,121,1,0,94.29,0
user_01225,Randall Cox,sheri07@yahoo.com,2023-05-29,US,free,2,3.3,1.69,0.0,1,19,879,0,0,0.0,0
user_01226,Andrew Jones,wcoleman@yahoo.com,2025-09-12,GB,starter,2,13.5,0.86,3.0,2,58,42,0,0,0.0,0
user_01227,Jennifer Strong,rebecca68@yahoo.com,2022-10-08,US,free,4,7.8,3.5,1.0,2,36,1112,0,0,0.0,0
user_01228,Francisco Krueger,drivera@yahoo.com,2025-07-10,AU,free,2,6.5,0.65,0.0,0,17,106,0,0,0.0,0
user_01229,Scott Mccarthy,lawsonjames@yahoo.com,2022-07-18,DE,pro,6,4.2,2.23,2.6,3,67,1194,0,0,0.0,0
user_01230,Danny Butler,scott12@yahoo.com,2025-07-09,US,free,3,7.4,2.97,0.0,2,65,107,0,0,0.0,0
user_01231,Melanie Ballard,anthonymiles@gmail.com,2025-08-16,GB,pro,7,3.1,2.31,0.0,1,0,69,0,0,0.0,0
user_01232,Steven Lawrence,sarah52@hotmail.com,2022-03-22,AU,free,2,6.5,1.5,2.0,1,61,1312,0,0,0.0,0
user_01233,Isabella Smith,robertwolf@hotmail.com,2023-09-25,GB,free,2,16.3,1.28,0.0,3,22,760,0,0,0.0,0
user_01234,Robert Brown,victorsullivan@gmail.com,2024-06-21,US,free,2,10.7,6.38,4.0,0,54,490,0,0,0.0,0
user_01235,Sarah Barnett,ocole@yahoo.com,2022-03-10,US,starter,1,7.2,1.43,2.0,3,6,1324,1,0,20.0,0
user_01236,Robert Jennings,rowens@hotmail.com,2025-04-01,FR,free,4,10.8,3.54,3.0,1,4,206,0,0,0.0,0
user_01237,Colin Weaver,thompsonduane@gmail.com,2024-01-18,GB,pro,4,7.9,2.03,5.2,2,38,645,1,0,112.15,0
user_01238,Amy James,zacharyrojas@yahoo.com,2022-09-27,CA,free,4,4.8,1.67,4.0,2,9,1123,1,0,0.0,0
user_01239,Sarah Thompson,christophernewman@hotmail.com,2022-07-04,FR,pro,10,16.8,3.76,5.2,2,24,1208,0,0,0.0,0
user_01240,Adam Sanchez,michaelshaw@hotmail.com,2023-08-28,FR,free,4,3.4,5.99,1.0,0,35,788,0,0,0.0,0
user_01241,Kathleen Johnson,zbray@hotmail.com,2023-11-01,AU,pro,5,8.6,0.38,2.6,4,28,723,1,0,92.45,0
user_01242,James Blake,mgreen@yahoo.com,2024-04-30,US,starter,2,9.2,5.51,0.0,3,36,542,0,0,0.0,0
user_01243,Tina Rodriguez,dwood@hotmail.com,2022-12-26,IN,starter,6,4.3,1.13,1.0,2,29,1033,0,0,0.0,0
user_01244,Timothy Mcdaniel,sdean@gmail.com,2023-02-16,CA,starter,1,10.6,2.76,3.0,2,14,981,1,0,20.0,0
user_01245,April Copeland,dennis41@hotmail.com,2022-09-28,DE,starter,2,6.8,2.3,0.0,2,2,1122,1,0,20.0,0
user_01246,Carol Schultz,zward@gmail.com,2025-01-09,GB,starter,3,10.7,0.78,1.0,3,58,288,0,0,0.0,0
user_01247,Kyle Mccall MD,santosernest@hotmail.com,2024-01-20,US,free,2,10.3,1.51,3.0,0,56,643,1,0,0.0,0
user_01248,Dylan Mitchell,hernandezchristine@hotmail.com,2024-12-23,DE,free,6,7.0,2.31,2.0,3,0,305,1,0,0.0,0
user_01249,Jeffrey Petty,gentrylarry@yahoo.com,2024-10-24,CA,pro,6,16.8,1.07,1.3,0,55,365,0,0,0.0,0
user_01250,Dr. Cheryl Hernandez MD,obass@gmail.com,2023-07-13,US,starter,3,5.3,4.73,1.0,2,4,834,0,0,0.0,0
user_01251,Brenda Wright,bbowman@hotmail.com,2022-12-03,IN,starter,4,13.4,2.52,1.0,1,12,1056,0,0,0.0,0
user_01252,Wesley Haynes,ibrock@yahoo.com,2023-06-11,US,free,0,12.7,1.57,0.0,2,15,866,0,0,0.0,0
user_01253,Donna Brown,tarasims@yahoo.com,2024-09-13,US,free,3,15.1,1.86,1.0,0,34,406,0,0,0.0,0
user_01254,John Terrell,jasmine05@gmail.com,2023-08-28,US,free,4,8.7,4.71,2.0,2,2,788,0,0,0.0,0
user_01255,Zachary Smith MD,rhonda51@hotmail.com,2023-11-25,IN,starter,8,4.8,5.48,0.0,3,52,699,0,0,0.0,0
user_01256,Patrick Ramirez,johnsonrobert@yahoo.com,2022-08-24,IN,free,3,16.3,1.21,2.0,1,85,1157,0,0,0.0,0
user_01257,Vanessa Roman,coneill@hotmail.com,2024-08-17,GB,free,1,6.7,0.86,2.0,0,91,433,0,0,0.0,0
user_01258,Samantha Rodriguez,nvance@gmail.com,2022-06-04,CA,free,4,4.7,3.87,1.0,0,2,1238,0,0,0.0,0
user_01259,Troy Allen,jennifer00@gmail.com,2022-10-16,FR,free,1,7.2,0.97,2.0,2,75,1104,0,0,0.0,0
user_01260,Michelle Johnson,ramirezdawn@hotmail.com,2023-04-08,US,free,3,4.1,3.36,4.0,0,25,930,0,1,0.0,0
user_01261,Daniel Torres,dean72@hotmail.com,2024-03-24,US,free,1,10.1,1.09,0.0,0,38,579,0,0,0.0,0
user_01262,Linda Howard,robinsontimothy@hotmail.com,2025-02-15,FR,starter,6,5.6,1.08,3.0,2,80,251,0,0,0.0,0
user_01263,Lisa Miller,oclayton@yahoo.com,2024-01-20,US,free,3,6.9,0.56,2.0,1,32,643,0,0,0.0,0
user_01264,Vanessa Sandoval,rachel49@gmail.com,2022-07-04,AU,free,3,11.9,7.95,2.0,1,18,1208,1,0,0.0,0
user_01265,Joan Craig,katelyn54@yahoo.com,2024-03-19,FR,free,5,10.5,5.5,4.0,1,22,584,0,0,0.0,0
user_01266,Teresa Black,frostandrew@hotmail.com,2022-01-29,IN,free,6,8.1,1.93,3.0,1,34,1364,0,0,0.0,0
user_01267,Barry Martinez,kevin70@hotmail.com,2023-06-26,AU,free,1,8.7,2.87,2.0,1,86,851,0,0,0.0,0
user_01268,Brian Smith,kbarton@hotmail.com,2025-01-03,US,free,3,8.0,2.81,5.0,1,66,294,1,0,0.0,0
user_01269,Robert Brown,hickmanerin@gmail.com,2022-09-11,US,starter,2,6.3,8.04,1.0,1,25,1139,0,0,0.0,0
user_01270,Dylan Taylor,pamela74@gmail.com,2024-07-20,GB,free,3,8.0,3.24,0.0,0,7,461,0,0,0.0,0
user_01271,Charles Davis,brianjohnson@gmail.com,2024-01-25,US,starter,3,10.0,4.4,1.0,3,12,638,0,0,0.0,0
user_01272,Ellen Martin DVM,fergusonmelissa@yahoo.com,2023-06-21,AU,pro,6,9.5,9.17,3.9000000000000004,2,13,856,0,0,0.0,0
user_01273,Patricia Humphrey,stacydoyle@hotmail.com,2025-04-12,US,starter,1,9.7,1.18,0.0,1,10,195,0,0,0.0,0
user_01274,Amanda Johnson,evasquez@yahoo.com,2024-02-20,IN,free,1,4.7,1.35,0.0,2,41,612,0,0,0.0,0
user_01275,Dennis Matthews,rebecca46@gmail.com,2025-07-31,GB,free,1,5.6,5.49,1.0,4,54,85,0,0,0.0,0
user_01276,Alison Mathis,zelliott@gmail.com,2024-01-31,CA,free,4,5.1,1.87,1.0,4,11,632,1,0,0.0,0
user_01277,Elizabeth Martinez,eric36@gmail.com,2022-08-10,US,free,1,5.7,1.04,1.0,1,56,1171,0,1,0.0,1
user_01278,Dennis Perry,sarahramirez@gmail.com,2023-04-24,US,pro,5,15.1,4.03,0.0,0,39,914,0,0,0.0,0
user_01279,Christine Huffman,bellsharon@hotmail.com,2024-08-23,FR,free,1,10.9,5.37,1.0,1,17,427,0,0,0.0,0
user_01280,Lindsey Johnson,ylee@gmail.com,2022-02-21,US,free,3,3.7,8.6,1.0,0,35,1341,0,0,0.0,0
user_01281,Daniel Barnes,vmata@gmail.com,2025-06-22,DE,starter,1,9.7,6.99,3.0,2,44,124,0,0,0.0,0
user_01282,Heather Wright,cherylzhang@yahoo.com,2025-02-23,GB,starter,2,6.4,0.18,1.0,4,24,243,0,0,0.0,0
user_01283,Anthony Irwin,kennedygerald@hotmail.com,2023-11-03,DE,free,2,5.3,1.92,3.0,1,17,721,0,0,0.0,0
user_01284,Christopher Mullins,hshah@yahoo.com,2025-06-03,CA,free,4,2.1,0.81,1.0,2,3,143,0,0,0.0,0
user_01285,Allen Jackson,zachary75@yahoo.com,2023-03-30,US,free,3,11.9,1.23,0.0,0,0,939,1,0,0.0,0
user_01286,Aaron Morgan,kathy50@hotmail.com,2025-08-19,GB,free,1,2.5,2.76,0.0,0,83,66,0,0,0.0,0
user_01287,Charles Tucker,tmueller@yahoo.com,2022-05-10,FR,free,4,7.8,2.75,3.0,5,9,1263,1,0,0.0,0
user_01288,Mr. Steven Castro,denisecole@hotmail.com,2025-07-25,IN,free,2,4.2,0.19,1.0,1,32,91,0,0,0.0,0
user_01289,Amy Rasmussen,phammary@yahoo.com,2024-08-08,AU,free,3,11.1,1.24,3.0,1,86,442,0,1,0.0,1
user_01290,Stephanie Orr MD,vbenton@yahoo.com,2023-09-11,IN,free,4,6.7,7.32,2.0,2,51,774,1,0,0.0,0
user_01291,Stephanie Branch,hutchinsonmatthew@yahoo.com,2025-08-22,US,free,2,7.5,0.65,3.0,2,3,63,0,0,0.0,0
user_01292,Lisa Wolfe,zglenn@yahoo.com,2024-04-16,US,free,3,7.6,5.39,2.0,1,48,556,1,0,0.0,0
user_01293,Rebecca Simmons,sallen@yahoo.com,2022-08-27,AU,free,4,9.2,1.58,1.0,1,38,1154,1,0,0.0,0
user_01294,Susan Mcclain,kingjessica@hotmail.com,2022-10-14,US,starter,2,8.1,2.4,1.0,1,11,1106,0,0,0.0,0
user_01295,Daniel Scott,robertsjoshua@hotmail.com,2022-04-03,FR,starter,2,7.8,5.87,4.0,2,35,1300,1,0,20.0,0
user_01296,Thomas Webb,yvasquez@hotmail.com,2022-03-18,FR,free,3,5.9,2.0,2.0,0,52,1316,0,0,0.0,0
user_01297,Robert Ball,lmoreno@hotmail.com,2023-09-16,US,free,8,1.7,7.62,6.0,1,10,769,0,0,0.0,0
user_01298,Mr. Edwin Hill Jr.,ataylor@yahoo.com,2024-10-05,US,free,5,3.5,0.62,3.0,0,60,384,0,0,0.0,0
user_01299,Rebecca Miller,iflores@hotmail.com,2022-08-26,CA,starter,2,10.9,4.65,4.0,3,2,1155,0,0,0.0,0
user_01300,James Cooper,charles79@hotmail.com,2022-07-19,US,starter,3,6.8,4.25,2.0,2,22,1193,1,0,20.0,0
user_01301,Brandon Allen,markfleming@gmail.com,2023-04-26,DE,free,2,5.3,7.05,5.0,3,7,912,0,0,0.0,0
user_01302,Nicole Kaiser,brittanylong@hotmail.com,2025-01-05,IN,pro,3,4.4,5.61,2.6,2,39,292,0,0,0.0,0
user_01303,Joseph Cox,imoore@gmail.com,2022-10-05,IN,free,3,1.1,2.17,3.0,0,5,1115,0,0,0.0,0
user_01304,Kenneth Walters,patrickmorris@hotmail.com,2024-03-06,DE,free,2,5.2,1.16,4.0,1,12,597,1,0,0.0,0
user_01305,Alexis Brown,wyattdanielle@hotmail.com,2024-07-18,US,starter,4,11.6,1.87,2.0,2,4,463,0,0,0.0,0
user_01306,Derek Smith,scottalvarez@gmail.com,2024-01-30,IN,pro,4,7.8,0.82,0.0,1,50,633,0,0,0.0,0
user_01307,Timothy Roberts,ashleykim@yahoo.com,2025-01-11,US,starter,3,9.6,4.48,0.0,2,4,286,1,0,20.0,0
user_01308,Steven Burnett,leslie14@gmail.com,2024-05-08,US,starter,3,5.6,2.38,2.0,1,38,534,0,0,0.0,0
user_01309,Megan Bird,qchapman@gmail.com,2025-04-17,IN,free,2,10.6,2.13,2.0,2,36,190,0,0,0.0,0
user_01310,Julie Hernandez,benjaminwilliams@gmail.com,2022-11-13,DE,starter,2,6.6,1.75,1.0,4,4,1076,0,0,0.0,0
user_01311,William Peterson,kmartinez@hotmail.com,2024-04-29,US,free,4,3.1,4.08,3.0,1,25,543,0,0,0.0,0
user_01312,Mr. David Hill,daniel76@hotmail.com,2025-09-03,IN,pro,6,8.9,3.17,2.6,3,20,51,0,0,0.0,0
user_01313,Robert Ward,smithernest@gmail.com,2022-07-22,CA,free,4,15.3,2.57,1.0,0,27,1190,0,0,0.0,0
user_01314,Gina Castillo,walkertommy@gmail.com,2024-09-29,US,starter,2,15.2,2.54,4.0,1,83,390,1,0,20.0,0
user_01315,Lisa Gonzalez,james08@yahoo.com,2025-06-14,US,free,2,9.9,3.7,0.0,1,2,132,1,0,0.0,0
user_01316,Mary Walton,jason68@gmail.com,2024-04-15,AU,starter,2,7.5,3.5,0.0,2,51,557,0,0,0.0,0
user_01317,Alan Murphy,taylor33@yahoo.com,2023-07-27,CA,free,6,9.2,5.86,1.0,2,59,820,1,0,0.0,0
user_01318,William Butler,jjackson@yahoo.com,2022-03-09,GB,starter,0,9.3,5.35,4.0,2,4,1325,0,0,0.0,0
user_01319,Luis Jackson,amymartinez@hotmail.com,2024-01-29,GB,free,2,7.8,1.73,1.0,0,32,634,0,0,0.0,0
user_01320,Jennifer Jones,smitheric@hotmail.com,2023-03-21,US,free,4,9.8,8.38,3.0,0,36,948,0,0,0.0,0
user_01321,Benjamin Lee,austinrodriguez@hotmail.com,2024-06-27,GB,free,1,8.8,3.47,0.0,0,23,484,0,0,0.0,0
user_01322,Tiffany Davis,jonathanrobinson@hotmail.com,2024-06-29,IN,free,3,6.7,9.61,4.0,4,20,482,0,0,0.0,0
user_01323,Thomas Edwards,justinreeves@hotmail.com,2023-04-29,IN,pro,7,5.2,4.7,0.0,2,11,909,0,0,0.0,0
user_01324,Carol James,robinsoncorey@yahoo.com,2024-01-13,US,free,2,6.2,1.87,3.0,3,35,650,1,0,0.0,0
user_01325,Christopher Blevins,whitecody@gmail.com,2022-07-23,US,pro,5,13.2,2.32,2.6,2,10,1189,0,0,0.0,0
user_01326,Paul Reynolds,rosewarren@gmail.com,2024-01-23,US,free,3,7.9,0.5,1.0,0,18,640,0,0,0.0,0
user_01327,John Brown,pjackson@hotmail.com,2025-01-20,AU,free,5,9.2,2.94,0.0,2,58,277,0,0,0.0,0
user_01328,Brenda Lopez,ywoodard@hotmail.com,2025-08-13,IN,starter,4,6.9,3.05,1.0,2,2,72,0,0,0.0,0
user_01329,Linda Cox,martinstephanie@yahoo.com,2024-01-05,IN,starter,2,3.8,2.42,2.0,2,22,658,0,0,0.0,0
user_01330,Mary Johnson,silvamatthew@yahoo.com,2022-05-05,US,free,1,7.0,3.28,2.0,1,19,1268,0,0,0.0,0
user_01331,Brent Williams,istevens@yahoo.com,2024-03-26,US,free,4,3.9,0.73,5.0,2,14,577,0,0,0.0,0
user_01332,Sylvia Fields,martinrachel@gmail.com,2023-07-20,CA,starter,7,3.7,2.26,3.0,2,27,827,1,0,20.0,0
user_01333,Jennifer Henderson,tranangela@hotmail.com,2023-01-24,IN,free,8,12.8,0.92,3.0,0,0,1004,0,1,0.0,0
user_01334,Wesley Kennedy,jonathanbarker@yahoo.com,2022-09-08,IN,pro,7,8.3,5.02,1.3,3,20,1142,0,0,0.0,0
user_01335,Christopher Melton,kelly95@yahoo.com,2024-07-20,US,pro,7,7.0,4.17,1.3,2,19,461,0,0,0.0,0
user_01336,Robert Welch,lroberts@hotmail.com,2022-07-07,CA,starter,2,14.5,5.32,0.0,2,21,1205,0,0,0.0,0
user_01337,Jeremy Harris,brandonrosario@hotmail.com,2025-09-19,US,free,3,11.3,1.92,5.0,2,7,35,0,0,0.0,0
user_01338,Craig Jones,vfisher@hotmail.com,2023-03-11,US,starter,3,6.5,5.3,2.0,1,6,958,0,0,0.0,0
user_01339,Jamie Hancock,colemanmelissa@yahoo.com,2025-08-07,IN,free,2,9.7,2.25,1.0,3,31,78,0,0,0.0,0
user_01340,Alexa Rodriguez,gmccormick@gmail.com,2025-08-02,US,free,5,7.1,4.03,1.0,1,2,83,0,0,0.0,0
user_01341,Carrie Spencer,mitchelljoshua@yahoo.com,2025-05-07,US,free,4,5.2,1.29,5.0,1,10,170,1,0,0.0,0
user_01342,Martin Walker,brittanyjohnson@yahoo.com,2022-02-13,GB,free,2,9.9,2.54,2.0,2,53,1349,0,0,0.0,0
user_01343,Matthew Burke,teresa60@gmail.com,2022-04-14,CA,pro,8,8.7,3.51,3.9000000000000004,1,3,1289,0,0,0.0,0
user_01344,Mark Montgomery,mary41@hotmail.com,2023-11-15,DE,starter,2,8.3,5.54,1.0,3,18,709,0,0,0.0,0
user_01345,Haley Carter,ann52@yahoo.com,2023-05-14,IN,starter,3,12.1,2.34,3.0,1,33,894,1,0,20.0,0
user_01346,Erin Meyers,brianwalker@hotmail.com,2022-09-15,US,free,4,11.6,2.36,6.0,2,4,1135,0,0,0.0,0
user_01347,Aaron Castro,terry53@hotmail.com,2025-03-02,US,free,1,5.8,9.14,5.0,1,11,236,1,0,0.0,0
user_01348,Willie Lowe,mfox@yahoo.com,2023-02-25,AU,free,6,9.9,4.5,2.0,2,24,972,0,0,0.0,0
user_01349,Stephanie Barajas,bruceochoa@yahoo.com,2022-05-21,GB,pro,6,5.5,2.98,3.9000000000000004,1,11,1252,1,0,84.74,0
user_01350,Elizabeth Barnes,djimenez@yahoo.com,2025-02-09,CA,free,1,9.8,3.75,1.0,3,3,257,1,0,0.0,0
user_01351,Gloria Finley,nathan30@hotmail.com,2023-03-01,US,pro,4,10.6,7.22,3.9000000000000004,1,7,968,0,0,0.0,0
user_01352,Danielle Delgado,reynoldslauren@yahoo.com,2025-04-15,IN,free,2,9.5,2.71,4.0,1,3,192,0,0,0.0,0
user_01353,Mitchell Flores,mandy25@gmail.com,2023-03-19,US,free,2,6.8,4.38,2.0,0,123,950,0,0,0.0,0
user_01354,Natalie Hampton,colleen19@yahoo.com,2023-04-23,GB,starter,2,16.3,2.54,0.0,5,8,915,0,1,0.0,0
user_01355,Edward Evans,cobbwayne@yahoo.com,2023-11-04,AU,free,6,4.4,5.56,2.0,2,22,720,0,0,0.0,0
user_01356,Gregory Williams,cmccullough@hotmail.com,2022-10-30,AU,pro,3,13.9,0.62,0.0,2,16,1090,1,0,82.22,0
user_01357,Sarah Williams,preed@gmail.com,2025-05-05,IN,pro,7,5.9,1.68,2.6,4,25,172,1,0,81.89,0
user_01358,Paige Webster,amiller@yahoo.com,2022-01-06,IN,free,4,10.0,1.79,1.0,3,20,1387,1,0,0.0,0
user_01359,Keith Fisher DDS,elawson@hotmail.com,2023-07-22,AU,free,5,10.3,4.38,3.0,1,38,825,1,0,0.0,0
user_01360,Margaret Jordan,greenjamie@hotmail.com,2022-10-24,CA,free,4,8.2,3.25,1.0,1,61,1096,0,0,0.0,0
user_01361,Hannah Elliott,stevenfleming@gmail.com,2022-09-24,US,pro,6,8.0,2.0,7.800000000000001,2,10,1126,0,0,0.0,0
user_01362,Darrell Price,robinsonjulie@yahoo.com,2025-01-11,IN,free,3,8.6,2.79,1.0,1,6,286,0,1,0.0,0
user_01363,Bethany Wang,qlevy@gmail.com,2023-05-29,US,starter,4,9.1,0.44,3.0,2,124,879,0,0,0.0,0
user_01364,Matthew Ortega,danacoleman@yahoo.com,2022-12-24,IN,starter,3,15.2,0.65,5.0,4,60,1035,0,0,0.0,0
user_01365,Todd Torres,jeffery31@hotmail.com,2022-08-14,IN,starter,5,4.5,0.56,1.0,1,13,1167,0,0,0.0,0
user_01366,Nancy Martinez,srivera@hotmail.com,2025-09-15,GB,free,2,5.8,0.95,0.0,3,67,39,0,0,0.0,0
user_01367,Caitlin Cummings,sanchezjessica@yahoo.com,2022-02-22,US,starter,5,9.1,4.24,1.0,4,33,1340,1,0,20.0,0
user_01368,Gregory Romero,pjones@hotmail.com,2022-09-27,US,pro,4,9.0,5.01,1.3,3,17,1123,0,0,0.0,0
user_01369,Gerald Waters,yjohnson@gmail.com,2022-01-31,IN,free,1,7.6,2.03,2.0,1,62,1362,1,0,0.0,0
user_01370,Jason Thornton,sherylgonzalez@yahoo.com,2024-01-04,FR,free,3,12.3,4.34,0.0,2,33,659,0,0,0.0,0
user_01371,Jonathan Benitez,peter73@hotmail.com,2023-05-03,CA,pro,6,1.0,8.71,2.6,3,52,905,1,0,81.49,0
user_01372,Molly Smith,joseph78@gmail.com,2025-04-20,US,free,3,5.6,0.99,1.0,0,16,187,0,0,0.0,0
user_01373,Kelli Torres,crystalchandler@yahoo.com,2023-10-26,AU,pro,6,3.0,8.14,1.3,3,48,729,0,0,0.0,0
user_01374,David Berry,millerrebecca@hotmail.com,2022-02-02,AU,free,1,3.2,1.33,3.0,1,13,1360,0,0,0.0,0
user_01375,Lindsay Heath,yarcher@yahoo.com,2022-12-23,US,free,4,17.6,1.53,1.0,1,39,1036,0,1,0.0,1
user_01376,Ryan Mills,cynthiasalas@yahoo.com,2023-06-28,US,pro,10,12.4,11.93,1.3,3,17,849,0,0,0.0,0
user_01377,Nicole Allen,lsnyder@gmail.com,2022-04-18,CA,free,2,11.8,2.86,2.0,1,15,1285,1,0,0.0,0
user_01378,Shelly Brown,josephharper@hotmail.com,2022-09-17,DE,free,1,7.7,1.72,1.0,3,47,1133,0,0,0.0,0
user_01379,Paul Marshall,jenniferpena@hotmail.com,2024-05-12,AU,free,4,11.0,3.81,1.0,2,4,530,0,0,0.0,0
user_01380,Rose Diaz,williamclark@gmail.com,2024-12-13,FR,free,5,1.0,4.72,3.0,2,79,315,0,0,0.0,0
user_01381,Erica Brown,stewartnicole@yahoo.com,2022-08-21,GB,free,1,12.2,2.89,3.0,1,21,1160,0,0,0.0,0
user_01382,Todd Little,qbenjamin@yahoo.com,2022-05-11,IN,free,3,4.7,1.72,2.0,1,30,1262,0,0,0.0,0
user_01383,Yolanda Chen,sarahmiles@gmail.com,2024-09-02,US,pro,7,7.9,4.85,1.3,2,15,417,0,0,0.0,0
user_01384,Pamela Wyatt,katie03@yahoo.com,2024-07-07,US,free,1,10.0,3.99,0.0,2,31,474,0,0,0.0,0
user_01385,Summer Moore,brian62@hotmail.com,2024-01-12,IN,starter,7,9.3,2.28,2.0,0,37,651,0,0,0.0,0
user_01386,Tyler Clark,bharris@hotmail.com,2024-11-17,GB,free,2,8.3,7.63,1.0,1,60,341,0,0,0.0,0
user_01387,John Garner,krista74@hotmail.com,2025-04-30,GB,starter,4,2.5,3.14,2.0,3,57,177,0,0,0.0,0
user_01388,Yvonne King,robertsaaron@hotmail.com,2022-08-12,CA,free,1,8.4,4.54,3.0,2,13,1169,0,1,0.0,0
user_01389,Timothy Bean,robert01@yahoo.com,2024-07-14,US,pro,5,13.8,6.95,7.800000000000001,2,28,467,0,0,0.0,0
user_01390,Ronald Weber,orusso@gmail.com,2024-10-28,GB,free,4,5.9,0.68,0.0,1,45,361,0,0,0.0,0
user_01391,Shaun Pruitt,danielle06@yahoo.com,2023-03-30,US,free,4,13.3,3.82,1.0,2,43,939,0,0,0.0,0
user_01392,Gina Conrad,kellydesiree@gmail.com,2025-06-13,IN,free,3,4.5,4.1,2.0,2,66,133,0,0,0.0,0
user_01393,Ryan Salas,michaelharmon@gmail.com,2022-03-30,DE,free,5,8.0,1.7,1.0,1,53,1304,0,0,0.0,0
user_01394,Robert Kramer,leetricia@hotmail.com,2025-09-11,CA,free,1,14.1,1.49,1.0,0,37,43,0,0,0.0,0
user_01395,Dustin Jenkins,webbkeith@yahoo.com,2024-12-03,AU,free,5,5.3,0.67,5.0,0,41,325,0,0,0.0,0
user_01396,Melissa Ruiz,kimberly96@yahoo.com,2023-09-10,US,starter,3,12.2,6.17,1.0,2,49,775,0,0,0.0,0
user_01397,Colleen Gray,torresbeverly@yahoo.com,2024-07-27,IN,free,1,15.9,1.27,3.0,2,54,454,0,0,0.0,0
user_01398,James Schroeder,wrightjohn@yahoo.com,2025-08-10,US,free,8,8.7,0.7,2.0,0,13,75,0,0,0.0,0
user_01399,Sherry Robertson,rgood@hotmail.com,2022-03-05,IN,starter,2,5.9,1.96,2.0,2,45,1329,0,0,0.0,0
user_01400,Martha Chase,kerriking@yahoo.com,2022-05-05,FR,starter,1,4.9,1.08,1.0,2,89,1268,0,0,0.0,0
user_01401,Jennifer Mckee,hugheswilliam@gmail.com,2024-09-07,CA,free,4,13.2,0.68,2.0,0,7,412,0,0,0.0,0
user_01402,Phillip Wilson,marymatthews@gmail.com,2024-04-02,FR,free,2,13.1,10.18,0.0,1,1,570,0,0,0.0,0
user_01403,Marcus Abbott,stevenperez@hotmail.com,2024-05-23,US,free,5,13.8,1.03,0.0,2,2,519,0,0,0.0,0
user_01404,Steven Harris,robert23@gmail.com,2022-08-10,FR,starter,2,7.9,1.34,2.0,3,7,1171,0,0,0.0,0
user_01405,Reginald Wallace,paulabrooks@hotmail.com,2024-10-01,US,starter,2,12.2,2.78,2.0,2,75,388,0,0,0.0,0
user_01406,Robert Russell,james60@hotmail.com,2024-06-27,FR,free,0,7.8,0.67,2.0,2,4,484,0,0,0.0,0
user_01407,Danny Smith,tjohnston@hotmail.com,2022-05-31,US,starter,4,4.5,2.36,2.0,2,41,1242,0,0,0.0,0
user_01408,Jeffrey Figueroa,tuckerjennifer@yahoo.com,2022-06-15,US,starter,1,12.5,3.92,0.0,3,60,1227,0,0,0.0,0
user_01409,Carol Stephenson,gzhang@gmail.com,2023-10-22,IN,free,3,14.5,3.0,2.0,3,62,733,0,0,0.0,0
user_01410,Jessica Smith,breyes@yahoo.com,2025-05-30,AU,pro,7,5.9,5.22,2.6,3,16,147,0,0,0.0,0
user_01411,Frederick Fitzgerald,shawn21@gmail.com,2022-10-31,US,free,6,3.8,2.29,1.0,2,20,1089,0,0,0.0,0
user_01412,Peter Gaines,barry68@yahoo.com,2022-05-15,US,free,4,8.2,1.75,2.0,5,11,1258,0,1,0.0,0
user_01413,Cameron Lee,xneal@gmail.com,2022-09-16,FR,free,6,11.8,3.53,3.0,0,4,1134,1,0,0.0,0
user_01414,Kelly Matthews,sandersfelicia@gmail.com,2023-07-18,US,free,4,3.5,3.35,5.0,0,7,829,1,0,0.0,0
user_01415,Regina Reynolds,john48@hotmail.com,2025-07-02,US,free,5,8.9,0.99,5.0,2,4,114,0,0,0.0,0
user_01416,Stephanie Robertson,morganarthur@hotmail.com,2025-07-20,IN,pro,5,7.6,4.12,3.9000000000000004,3,15,96,0,0,0.0,0
user_01417,Veronica Mckinney,martinstephanie@yahoo.com,2025-04-13,US,free,4,10.8,2.41,1.0,2,5,194,1,0,0.0,0
user_01418,Ricardo Thomas,aaronwalker@hotmail.com,2025-01-28,AU,free,4,4.8,3.99,2.0,3,15,269,0,0,0.0,0
user_01419,Jacob Schmitt,ricedouglas@hotmail.com,2023-10-28,DE,free,1,11.1,3.22,1.0,1,57,727,0,0,0.0,0
user_01420,Stephen Mack,lisa57@yahoo.com,2024-02-20,IN,pro,5,9.4,8.64,3.9000000000000004,4,31,612,0,0,0.0,0
user_01421,Patrick Watts,lawrencealexis@hotmail.com,2025-05-08,AU,free,4,4.3,4.77,1.0,1,32,169,0,0,0.0,0
user_01422,Craig Wood,tammy78@hotmail.com,2024-12-22,IN,free,2,8.3,5.16,2.0,3,50,306,0,0,0.0,0
user_01423,Tonya Hebert,mcknightmary@yahoo.com,2023-08-27,US,free,5,1.0,4.07,0.0,2,1,789,1,0,0.0,0
user_01424,Amanda Robinson,williamwright@yahoo.com,2024-07-18,US,free,1,5.8,5.0,3.0,0,47,463,0,0,0.0,0
user_01425,Rebecca Day,xbryant@yahoo.com,2024-11-01,IN,pro,9,11.3,2.81,1.3,3,6,357,1,0,94.25,0
user_01426,Zachary Barrett,steven98@gmail.com,2025-05-24,US,pro,7,2.9,6.95,1.3,1,12,153,0,0,0.0,0
user_01427,John Gilmore,hnewman@hotmail.com,2024-05-31,AU,free,0,1.0,2.42,1.0,1,11,511,0,0,0.0,0
user_01428,Pamela Black,susan01@hotmail.com,2022-07-23,DE,pro,8,1.0,1.05,1.3,1,3,1189,1,0,83.19,0
user_01429,John Henderson,ospencer@gmail.com,2022-08-23,US,starter,4,13.3,4.59,1.0,0,5,1158,0,0,0.0,0
user_01430,Krista Newman,ogriffin@hotmail.com,2025-09-02,GB,pro,8,9.7,4.52,3.9000000000000004,3,93,52,1,0,84.18,0
user_01431,Aimee Reeves,bryantbrenda@gmail.com,2025-08-26,CA,free,1,5.9,6.44,3.0,1,27,59,0,0,0.0,0
user_01432,Matthew Hancock,jeanne97@hotmail.com,2025-02-03,AU,free,1,11.8,2.72,3.0,4,19,263,0,1,0.0,0
user_01433,Thomas Jones,thomas17@gmail.com,2023-03-17,FR,free,2,6.4,1.31,1.0,1,42,952,0,0,0.0,0
user_01434,Crystal Price,sthompson@gmail.com,2024-05-30,IN,starter,0,9.1,1.61,0.0,3,50,512,0,0,0.0,0
user_01435,Ryan Adams,bryce95@yahoo.com,2024-07-13,DE,free,2,8.1,2.13,4.0,4,3,468,0,0,0.0,0
user_01436,Mrs. Jennifer Price DDS,cassandradiaz@gmail.com,2023-04-13,GB,free,3,6.1,3.08,1.0,0,40,925,0,0,0.0,0
user_01437,Linda Carpenter,sandovalaudrey@gmail.com,2024-04-27,GB,free,1,9.2,5.05,4.0,0,80,545,1,0,0.0,0
user_01438,Betty Hicks,isabellalucas@gmail.com,2023-11-26,US,starter,4,11.1,3.03,2.0,1,26,698,0,0,0.0,0
user_01439,Paul Kennedy,laurakelly@gmail.com,2024-07-17,US,free,3,7.3,0.97,1.0,3,28,464,1,0,0.0,0
user_01440,Jonathan Brooks,jessica08@hotmail.com,2024-03-27,IN,starter,3,6.2,3.11,4.0,3,61,576,1,0,20.0,0
user_01441,Patrick Fuentes,xschmidt@hotmail.com,2024-05-01,US,pro,8,8.6,8.4,5.2,1,34,541,0,0,0.0,0
user_01442,Ronald Floyd,julia63@gmail.com,2022-07-14,US,free,3,1.0,2.77,4.0,1,160,1198,1,0,0.0,0
user_01443,Sharon Schwartz,rebekah04@yahoo.com,2023-10-03,CA,starter,6,9.1,3.46,4.0,3,9,752,1,0,20.0,0
user_01444,John Stout,alexandria48@hotmail.com,2024-05-24,US,free,1,3.2,2.36,1.0,2,56,518,0,0,0.0,0
user_01445,Shane Chavez,christopherwalker@yahoo.com,2023-10-03,GB,pro,3,12.5,3.52,1.3,0,28,752,0,0,0.0,0
user_01446,James Briggs,andrea40@yahoo.com,2025-09-24,IN,free,3,7.6,5.18,4.0,2,13,30,0,0,0.0,0
user_01447,Destiny Frost,nancyrichardson@yahoo.com,2023-06-07,AU,starter,4,8.4,4.33,1.0,4,64,870,0,0,0.0,0
user_01448,Yolanda Moore,lwright@yahoo.com,2024-02-06,IN,starter,0,10.8,10.7,1.0,0,167,626,0,0,0.0,0
user_01449,Robin Hardy,parksandre@yahoo.com,2022-11-09,US,pro,4,6.3,2.62,1.3,1,1,1080,1,0,96.51,0
user_01450,Melissa Hernandez,joshuawalsh@hotmail.com,2024-08-29,GB,starter,1,9.5,1.46,1.0,3,77,421,0,0,0.0,0
user_01451,William Lambert,baileylauren@gmail.com,2022-05-18,FR,free,1,9.1,0.72,4.0,2,6,1255,0,0,0.0,0
user_01452,Austin Anderson,aaronmercado@hotmail.com,2022-07-06,AU,starter,4,7.3,2.11,2.0,5,6,1206,0,0,0.0,0
user_01453,Kendra Schmidt,arogers@gmail.com,2022-06-24,IN,pro,4,6.3,3.67,2.6,4,1,1218,0,0,0.0,0
user_01454,Zachary Bell,johnsonamber@yahoo.com,2022-07-10,US,free,5,10.4,1.4,0.0,0,76,1202,0,0,0.0,0
user_01455,Christian Cooper,pattersonerin@gmail.com,2024-06-03,AU,free,3,10.8,3.52,6.0,2,42,508,1,0,0.0,0
user_01456,Mark Costa,mcintoshpatrick@hotmail.com,2022-07-17,US,pro,6,10.5,6.58,2.6,2,1,1195,0,0,0.0,0
user_01457,Gary Banks,ujohnson@gmail.com,2024-02-03,GB,starter,4,3.7,3.41,3.0,1,30,629,1,0,20.0,0
user_01458,Phillip Phillips,alejandro96@gmail.com,2022-09-24,IN,starter,2,5.9,1.07,2.0,0,3,1126,0,0,0.0,0
user_01459,Kevin Landry,walkerandrew@hotmail.com,2025-02-13,US,free,3,7.8,1.49,2.0,2,41,253,0,0,0.0,0
user_01460,Brian White,kaylamartin@hotmail.com,2022-05-03,US,starter,2,10.8,2.68,3.0,2,15,1270,0,0,0.0,0
user_01461,Mark Mcmahon,benjamin44@gmail.com,2025-04-16,US,free,3,1.7,5.41,4.0,2,1,191,1,0,0.0,0
user_01462,Diane Cooper,seanwheeler@yahoo.com,2025-02-24,CA,starter,3,5.7,2.28,1.0,1,53,242,0,0,0.0,0
user_01463,Carrie Alvarez,paul83@gmail.com,2025-02-24,AU,free,1,6.4,0.34,2.0,2,25,242,0,0,0.0,0
user_01464,Ronald Clark,dixonjoshua@hotmail.com,2023-11-07,US,starter,6,7.7,2.09,1.0,2,44,717,0,0,0.0,0
user_01465,Kaitlin Hernandez,bmoon@yahoo.com,2022-09-08,DE,pro,4,4.8,3.84,2.6,4,33,1142,0,0,0.0,0
user_01466,George Hunter,qortiz@hotmail.com,2024-04-21,US,free,3,7.1,6.89,1.0,1,17,551,0,0,0.0,0
user_01467,Erin Sullivan,jaimegarcia@yahoo.com,2023-12-26,IN,pro,5,8.8,0.51,3.9000000000000004,3,35,668,0,0,0.0,0
user_01468,Ashley Powell,wardjohn@gmail.com,2025-09-24,US,free,1,3.8,4.41,3.0,1,0,30,0,0,0.0,0
user_01469,Jamie Simmons,mistyenglish@hotmail.com,2024-05-16,AU,pro,6,9.5,1.1,2.6,2,12,526,0,0,0.0,0
user_01470,Tina Martinez,xbarnes@gmail.com,2022-04-16,DE,starter,8,5.8,1.79,3.0,1,45,1287,0,0,0.0,0
user_01471,Anna Myers,rmiller@gmail.com,2023-08-13,CA,free,1,10.0,3.33,2.0,2,43,803,0,0,0.0,0
user_01472,Alexandra English,prestonsheila@gmail.com,2025-05-14,DE,starter,3,4.5,4.81,2.0,3,65,163,0,0,0.0,0
user_01473,Laura Lambert,brownlisa@hotmail.com,2023-10-02,GB,pro,6,10.4,2.26,1.3,3,28,753,0,0,0.0,0
user_01474,Daniel Jenkins,baxtervincent@yahoo.com,2023-12-22,AU,free,4,4.8,1.84,3.0,2,85,672,0,0,0.0,0
user_01475,Ashley Clarke,davischristine@gmail.com,2022-08-01,CA,free,0,5.6,2.25,1.0,1,24,1180,1,0,0.0,0
user_01476,Samuel Graham,brownchristopher@yahoo.com,2025-03-29,AU,starter,1,9.2,1.44,3.0,2,20,209,0,0,0.0,0
user_01477,Thomas Wright,carly17@yahoo.com,2024-11-05,IN,starter,4,8.9,6.45,0.0,4,6,353,0,0,0.0,0
user_01478,Brian Pearson,jacksonbianca@gmail.com,2023-03-12,US,starter,5,6.3,3.0,3.0,2,45,957,0,0,0.0,0
user_01479,Dustin Beck,moralesjessica@gmail.com,2022-11-13,IN,starter,4,6.9,4.16,4.0,4,35,1076,0,0,0.0,0
user_01480,Mr. Tyler Davis,kyle50@hotmail.com,2025-09-06,US,free,0,2.2,2.27,1.0,1,18,48,0,1,0.0,0
user_01481,Aaron King,hughesjamie@gmail.com,2024-09-14,GB,starter,1,13.6,2.26,0.0,3,2,405,0,0,0.0,0
user_01482,Jodi Patel,kelly26@hotmail.com,2023-04-05,IN,free,0,10.7,5.11,1.0,2,4,933,0,0,0.0,0
user_01483,Tyler Christian,davidfarley@gmail.com,2022-08-10,GB,free,2,10.6,2.54,3.0,2,3,1171,0,0,0.0,0
user_01484,Stephen Martinez,mark31@yahoo.com,2023-12-19,US,free,3,1.6,3.71,4.0,2,14,675,0,0,0.0,0
user_01485,Ernest Jordan,rray@hotmail.com,2025-02-13,US,free,2,5.6,1.94,2.0,1,5,253,0,0,0.0,0
user_01486,Anthony Grant,xshaw@gmail.com,2024-01-23,IN,free,4,6.7,1.54,0.0,2,59,640,0,0,0.0,0
user_01487,Billy Stokes,dawn95@gmail.com,2022-08-24,AU,free,2,1.0,2.92,4.0,3,68,1157,0,0,0.0,0
user_01488,Rachel Hurley,davismichael@yahoo.com,2023-07-25,US,starter,1,11.6,1.3,3.0,2,58,822,0,0,0.0,0
user_01489,John Lucas,kimberlygilmore@gmail.com,2025-03-21,IN,free,2,13.8,0.62,2.0,4,28,217,0,0,0.0,0
user_01490,Jeanette Jimenez,lroy@gmail.com,2023-04-09,CA,free,1,16.2,1.95,3.0,0,27,929,0,0,0.0,0
user_01491,Adam King,stephaniemckee@gmail.com,2024-05-28,GB,free,2,3.8,7.46,1.0,0,66,514,0,0,0.0,0
user_01492,Ryan Sutton,hhernandez@hotmail.com,2025-02-22,US,free,4,8.5,3.63,1.0,1,15,244,0,0,0.0,0
user_01493,Melanie Conway,stephanie41@gmail.com,2025-06-27,IN,free,4,13.3,1.72,1.0,3,1,119,0,0,0.0,0
user_01494,Beth Perez,daviddodson@gmail.com,2025-06-10,US,free,5,7.0,3.73,2.0,1,19,136,0,0,0.0,0
user_01495,Marie Black,davislaura@yahoo.com,2025-08-09,AU,starter,3,5.7,5.61,3.0,3,24,76,0,0,0.0,0
user_01496,James Torres,annettereese@hotmail.com,2025-02-14,US,starter,1,1.0,1.42,2.0,2,23,252,0,1,0.0,0
user_01497,Brandy Lozano,rjenkins@yahoo.com,2022-02-23,US,starter,2,12.5,3.73,2.0,1,5,1339,0,0,0.0,0
user_01498,Taylor Davis,randalljonathan@gmail.com,2025-06-01,US,free,1,7.9,1.92,3.0,1,45,145,0,0,0.0,0
user_01499,Billy Owens,kennethhansen@yahoo.com,2025-09-09,US,free,2,5.1,6.04,3.0,0,39,45,0,0,0.0,0
user_01500,Rachel Morris,boonelee@hotmail.com,2023-07-02,DE,pro,7,11.1,2.55,3.9000000000000004,2,7,845,0,0,0.0,0
user_01501,Kimberly Carroll,vduarte@hotmail.com,2022-03-01,US,free,2,8.6,1.87,4.0,1,24,1333,0,0,0.0,0
user_01502,Jillian Phillips,nicoleshields@gmail.com,2023-01-05,US,free,4,8.7,3.45,1.0,1,46,1023,0,0,0.0,0
user_01503,Lori Williams,ycruz@gmail.com,2023-07-14,IN,free,2,7.1,1.26,1.0,4,0,833,0,1,0.0,0
user_01504,Isaiah Smith,erinwatson@hotmail.com,2023-09-25,US,free,4,14.5,1.19,2.0,2,9,760,0,0,0.0,0
user_01505,Erin Johnson,kimberlymoore@gmail.com,2023-11-27,US,free,4,7.5,5.87,1.0,1,19,697,0,0,0.0,0
user_01506,Anthony Cox,michellechen@yahoo.com,2023-12-20,DE,free,3,14.5,5.12,0.0,1,55,674,1,0,0.0,0
user_01507,Timothy Larson,dawnroberts@hotmail.com,2022-01-13,DE,free,2,10.3,4.25,0.0,0,48,1380,0,0,0.0,0
user_01508,Mathew Woods,melaniearmstrong@yahoo.com,2023-01-07,AU,free,6,9.4,1.51,3.0,2,4,1021,0,0,0.0,0
user_01509,Jeffrey Benson,abruce@hotmail.com,2022-10-21,FR,starter,5,7.5,2.61,0.0,4,18,1099,0,0,0.0,0
user_01510,Scott Flores,kellyshannon@yahoo.com,2025-03-05,CA,starter,4,11.9,2.86,1.0,4,10,233,1,0,20.0,0
user_01511,Dr. Nicole Terry,stephanie48@yahoo.com,2025-09-08,US,starter,5,8.5,7.16,2.0,0,15,46,0,0,0.0,0
user_01512,Michael Pena,oanderson@hotmail.com,2024-03-31,DE,starter,4,4.3,2.46,2.0,0,23,572,0,0,0.0,0
user_01513,Laura Chambers,james50@gmail.com,2022-05-23,FR,pro,3,6.1,2.09,2.6,4,20,1250,1,0,89.36,0
user_01514,Jeffrey Walker,maxgarcia@hotmail.com,2022-10-18,DE,free,1,9.7,4.0,2.0,1,4,1102,1,0,0.0,0
user_01515,John Brown,cindy18@gmail.com,2025-07-20,IN,free,3,4.4,2.91,1.0,2,3,96,0,0,0.0,0
user_01516,Mark Velez,anthonylopez@gmail.com,2022-03-04,US,free,2,7.8,4.36,1.0,0,4,1330,1,0,0.0,0
user_01517,Lindsey Cruz MD,mossalec@hotmail.com,2022-07-07,FR,starter,3,12.2,6.37,5.0,3,55,1205,0,0,0.0,0
user_01518,Chad Mcguire,plawrence@hotmail.com,2024-12-22,CA,pro,10,11.2,9.94,2.6,1,0,306,0,0,0.0,0
user_01519,Bobby Jackson,qrobinson@hotmail.com,2023-03-17,AU,free,5,5.1,1.66,2.0,2,6,952,1,0,0.0,0
user_01520,Alicia Jones,ravenstanley@gmail.com,2024-02-10,US,pro,7,15.6,2.93,5.2,0,93,622,0,1,0.0,1
user_01521,Jacob Ramos,lopezdale@hotmail.com,2024-05-09,US,free,5,10.2,0.26,2.0,0,2,533,0,0,0.0,0
user_01522,Daniel Bass,mcgrathrobert@gmail.com,2024-07-18,US,pro,5,14.1,2.07,0.0,2,1,463,0,0,0.0,0
user_01523,Ryan Watkins,brian53@gmail.com,2023-11-30,DE,free,4,1.0,2.41,1.0,0,14,694,1,0,0.0,0
user_01524,Erin Rasmussen,loganbell@yahoo.com,2022-11-19,US,free,8,9.3,5.96,1.0,0,4,1070,0,0,0.0,0
user_01525,Sharon Sherman,vlambert@yahoo.com,2024-01-28,US,free,2,11.4,2.35,1.0,0,25,635,0,0,0.0,0
user_01526,Jennifer Rojas,samuelhunt@yahoo.com,2023-10-01,AU,free,1,14.8,4.81,0.0,0,12,754,0,0,0.0,0
user_01527,Darlene Williamson,jeffrey59@yahoo.com,2023-10-27,US,free,1,2.1,1.58,3.0,4,7,728,0,0,0.0,0
user_01528,Marie Mcdonald,terri57@yahoo.com,2025-03-08,FR,free,1,12.8,1.01,2.0,1,197,230,0,0,0.0,0
user_01529,John Williams,cindy83@gmail.com,2025-05-06,US,starter,1,14.6,2.56,2.0,3,12,171,0,0,0.0,0
user_01530,Douglas Watts,hernandeztravis@hotmail.com,2022-06-23,FR,free,1,1.0,3.17,2.0,1,30,1219,0,0,0.0,0
user_01531,Sheri Jackson,tonisullivan@yahoo.com,2022-04-18,GB,free,5,9.9,1.4,3.0,0,62,1285,1,0,0.0,0
user_01532,Paul Cruz,michael80@yahoo.com,2022-11-15,AU,starter,1,10.5,0.87,1.0,3,76,1074,1,0,20.0,0
user_01533,Jeffrey Owen,stephanieavila@yahoo.com,2022-11-19,AU,starter,2,6.7,1.72,6.0,0,15,1070,1,0,20.0,0
user_01534,Robin Copeland,bakeralexis@yahoo.com,2025-06-19,US,free,3,6.0,3.97,2.0,2,112,127,0,1,0.0,1
user_01535,Joy Baker,jacobsonamy@yahoo.com,2022-04-12,US,free,6,10.7,2.55,2.0,0,38,1291,1,0,0.0,0
user_01536,Daniel Weaver,lopezeric@yahoo.com,2022-06-17,US,free,5,5.5,1.16,0.0,2,26,1225,1,0,0.0,0
user_01537,Kristen Wells,crystal04@hotmail.com,2023-07-12,CA,free,3,7.1,1.31,3.0,3,35,835,1,0,0.0,0
user_01538,Lauren Rocha,melissamorrison@yahoo.com,2024-06-26,FR,starter,1,11.2,4.29,1.0,4,13,485,0,0,0.0,0
user_01539,Jason Williams,ryanclark@yahoo.com,2025-09-17,IN,free,4,15.0,2.21,2.0,1,16,37,0,1,0.0,0
user_01540,Elizabeth Stevenson,theresamalone@gmail.com,2024-05-18,GB,free,2,10.2,0.68,2.0,1,26,524,1,0,0.0,0
user_01541,Rita Clark,kimpayne@yahoo.com,2024-09-21,US,starter,6,8.5,5.51,1.0,0,11,398,1,0,20.0,0
user_01542,John Cain,jamesandrade@gmail.com,2025-05-28,DE,free,3,5.9,0.72,1.0,2,43,149,1,0,0.0,0
user_01543,Lee Kaiser,ysmith@yahoo.com,2024-06-24,AU,free,4,4.0,5.0,4.0,4,8,487,0,0,0.0,0
user_01544,Caitlin Chapman,grantamanda@yahoo.com,2024-04-28,US,free,5,12.4,1.61,4.0,1,47,544,0,0,0.0,0
user_01545,Suzanne Reed,paulwhite@gmail.com,2023-07-14,IN,pro,5,9.4,1.65,6.5,3,4,833,0,0,0.0,0
user_01546,Jenny Acosta,fjohnson@yahoo.com,2023-03-18,US,free,3,12.6,2.83,5.0,2,7,951,0,0,0.0,0
user_01547,Trevor Garcia,zperez@gmail.com,2024-11-15,GB,starter,4,6.7,2.11,0.0,3,41,343,0,0,0.0,0
user_01548,Chad Rice,lesliecooper@yahoo.com,2022-08-22,IN,free,7,5.4,1.7,2.0,2,9,1159,0,1,0.0,0
user_01549,Richard Morales,hlambert@gmail.com,2023-12-08,US,free,3,9.7,2.94,1.0,1,47,686,0,0,0.0,0
user_01550,Sandra Estrada,tracyhowe@hotmail.com,2024-05-30,IN,starter,2,7.7,0.82,2.0,3,45,512,0,0,0.0,0
user_01551,Karen Sims,jordanmichael@hotmail.com,2022-08-16,US,pro,8,5.2,4.06,3.9000000000000004,1,8,1165,0,0,0.0,0
user_01552,Tommy Walls,danielbraun@yahoo.com,2023-08-04,IN,starter,3,15.3,2.85,2.0,3,2,812,0,0,0.0,0
user_01553,Brian Brady,kylejohnston@yahoo.com,2025-04-29,GB,starter,6,5.5,1.6,4.0,0,5,178,0,0,0.0,0
user_01554,Thomas Nunez,briancummings@hotmail.com,2024-09-23,US,pro,7,13.7,0.08,1.3,4,41,396,1,0,102.48,0
user_01555,Richard Moreno,ffry@hotmail.com,2024-12-15,DE,free,1,11.4,2.18,1.0,3,56,313,0,0,0.0,0
user_01556,Anthony Osborn,shansen@gmail.com,2025-09-28,CA,free,5,3.0,2.13,1.0,2,14,26,0,0,0.0,0
user_01557,Danielle Gray,wardmelinda@hotmail.com,2023-09-24,US,starter,0,4.0,1.97,4.0,0,5,761,0,0,0.0,0
user_01558,Michael Bell,cheryl43@yahoo.com,2022-04-04,US,free,5,6.8,0.48,2.0,3,2,1299,0,0,0.0,0
user_01559,Manuel Newton,katrinareid@yahoo.com,2023-03-28,DE,starter,7,4.5,2.73,2.0,3,7,941,0,0,0.0,0
user_01560,Scott Wallace,qwhite@hotmail.com,2024-03-20,AU,pro,8,16.9,6.93,5.2,3,116,583,0,0,0.0,0
user_01561,Frances Hernandez,michael41@hotmail.com,2025-05-12,US,free,3,7.2,2.04,3.0,4,5,165,1,0,0.0,0
user_01562,Suzanne Chavez DDS,wardmartin@gmail.com,2022-04-23,US,free,5,11.6,0.83,1.0,0,2,1280,0,0,0.0,0
user_01563,Maria Andrews,nparker@hotmail.com,2022-01-16,US,starter,2,10.1,3.41,0.0,3,46,1377,0,0,0.0,0
user_01564,Aaron Martinez,georgehawkins@hotmail.com,2023-02-23,GB,free,3,9.1,6.46,3.0,1,28,974,0,0,0.0,0
user_01565,Tammy Jimenez,john94@gmail.com,2023-09-10,US,starter,2,8.2,1.15,1.0,1,22,775,0,0,0.0,0
user_01566,Ethan Gregory,christopher10@gmail.com,2023-03-09,US,free,4,12.9,1.19,4.0,2,17,960,0,0,0.0,0
user_01567,Zachary Woods,matthew64@yahoo.com,2022-10-09,CA,starter,5,4.7,5.61,0.0,3,36,1111,1,0,20.0,0
user_01568,Ryan Monroe,johnbrown@yahoo.com,2023-06-08,GB,free,2,14.9,2.18,3.0,0,35,869,0,0,0.0,0
user_01569,Michele Fields,morriskimberly@yahoo.com,2023-08-16,US,starter,3,2.9,0.44,2.0,3,16,800,0,0,0.0,0
user_01570,Michelle Jones,bramos@hotmail.com,2023-11-03,IN,free,2,11.1,7.81,3.0,0,8,721,1,0,0.0,0
user_01571,Veronica Gutierrez,jonathanrobinson@yahoo.com,2022-09-03,GB,free,1,2.4,0.16,1.0,2,55,1147,0,0,0.0,0
user_01572,Patrick Medina MD,jchavez@hotmail.com,2022-01-16,US,free,3,6.7,0.36,3.0,2,5,1377,0,0,0.0,0
user_01573,Erin Griffin,brian42@hotmail.com,2024-10-15,US,starter,5,8.4,0.89,2.0,1,22,374,0,0,0.0,0
user_01574,Jacqueline Hudson,raven90@yahoo.com,2024-05-31,FR,pro,8,8.1,6.1,2.6,2,35,511,0,0,0.0,0
user_01575,Dennis Carrillo,staffordmarissa@yahoo.com,2022-12-26,US,free,5,7.3,4.32,1.0,1,30,1033,0,0,0.0,0
user_01576,Jeffery Sharp,jacqueline24@gmail.com,2022-09-22,CA,free,3,2.5,0.71,1.0,2,28,1128,0,0,0.0,0
user_01577,Angela Brown,millerderek@yahoo.com,2024-02-18,AU,free,4,4.1,1.23,2.0,1,32,614,0,0,0.0,0
user_01578,Lisa Anderson,wilsonlawrence@yahoo.com,2024-12-26,US,starter,2,10.0,3.09,0.0,1,62,302,0,0,0.0,0
user_01579,Richard Chambers,dylanyoung@hotmail.com,2023-04-17,US,starter,0,8.1,6.4,1.0,1,13,921,0,0,0.0,0
user_01580,Laura Salinas,ihodge@gmail.com,2024-10-21,GB,free,3,5.2,0.14,1.0,3,29,368,0,0,0.0,0
user_01581,Nicholas Boyd,mthomas@hotmail.com,2025-02-18,FR,free,2,13.3,0.39,2.0,0,35,248,1,0,0.0,0
user_01582,Dr. Jacqueline Smith,flewis@gmail.com,2025-09-30,AU,free,5,3.1,1.61,3.0,0,26,24,1,0,0.0,0
user_01583,Kevin Kennedy MD,traceymelton@yahoo.com,2023-12-27,CA,free,3,6.6,0.59,1.0,0,69,667,0,0,0.0,0
user_01584,Paul Kirk,hmartinez@gmail.com,2022-05-28,US,free,2,6.0,5.39,1.0,0,31,1245,1,0,0.0,0
user_01585,Sonya Bennett,gnorton@gmail.com,2024-03-24,CA,pro,5,12.5,3.47,1.3,0,16,579,0,0,0.0,0
user_01586,Mark Ward,byrdsherry@hotmail.com,2022-03-28,IN,free,1,8.2,5.07,2.0,0,56,1306,0,0,0.0,0
user_01587,Joseph Davis,leahfreeman@gmail.com,2024-06-12,IN,starter,3,7.6,3.11,2.0,1,20,499,1,0,20.0,0
user_01588,Shannon Klein,susan68@hotmail.com,2022-02-08,US,free,7,1.0,3.97,1.0,1,22,1354,0,0,0.0,0
user_01589,Justin Hawkins,andersontracy@gmail.com,2024-07-30,US,free,0,11.5,1.38,5.0,0,26,451,0,1,0.0,0
user_01590,Michele Melton,kdavis@gmail.com,2022-06-09,DE,starter,6,7.1,0.32,2.0,0,11,1233,0,0,0.0,0
user_01591,Timothy Smith,fjensen@hotmail.com,2023-10-04,IN,starter,4,8.5,2.09,2.0,2,38,751,0,0,0.0,0
user_01592,John Thomas,nicholas17@gmail.com,2025-03-25,US,pro,3,7.0,6.96,5.2,3,3,213,0,0,0.0,0
user_01593,Robert Meza,lauraperez@hotmail.com,2024-05-29,US,free,5,4.4,7.66,1.0,2,60,513,0,0,0.0,0
user_01594,Daniel Garcia,beckymack@yahoo.com,2025-03-20,FR,free,0,14.0,1.98,4.0,2,42,218,1,0,0.0,0
user_01595,Michael Higgins,sullivanalfred@hotmail.com,2024-04-08,CA,starter,2,1.0,4.09,0.0,2,13,564,0,0,0.0,0
user_01596,Andrew Costa,dorothynunez@hotmail.com,2025-08-04,US,free,1,3.8,1.36,4.0,2,7,81,0,0,0.0,0
user_01597,Nicholas Craig MD,kingkristen@hotmail.com,2024-05-05,US,free,3,13.9,1.73,2.0,3,14,537,0,0,0.0,0
user_01598,Terry Walls,lwatts@yahoo.com,2023-08-16,US,free,4,10.6,2.28,1.0,2,49,800,0,0,0.0,0
user_01599,Andrew Logan,vasquezkristen@gmail.com,2022-08-24,AU,free,2,6.7,6.75,3.0,0,0,1157,0,0,0.0,0
user_01600,Gabriela Odonnell,davisjohn@yahoo.com,2024-04-09,GB,pro,6,15.0,5.98,1.3,2,18,563,1,0,81.7,0
user_01601,Kirsten Spencer,ecopeland@yahoo.com,2022-02-12,IN,free,1,9.8,3.59,1.0,1,8,1350,0,0,0.0,0
user_01602,Henry Jackson,courtney14@gmail.com,2023-10-28,GB,free,3,8.9,6.51,1.0,1,62,727,0,1,0.0,1
user_01603,Felicia Smith,lisaperez@hotmail.com,2022-12-18,US,free,1,8.9,1.22,0.0,2,16,1041,0,0,0.0,0
user_01604,Jessica Wells,sharon40@yahoo.com,2025-06-19,DE,free,3,9.9,1.96,2.0,2,35,127,1,0,0.0,0
user_01605,Danielle Gibson,jenniferrobinson@yahoo.com,2024-07-31,IN,free,4,10.0,3.61,2.0,0,13,450,1,0,0.0,0
user_01606,Connor Hensley,wjohnson@hotmail.com,2024-01-12,US,free,0,16.8,1.53,0.0,1,12,651,1,0,0.0,0
user_01607,Julie Smith,jbrady@yahoo.com,2022-06-30,US,free,2,7.2,1.89,2.0,2,11,1212,1,0,0.0,0
user_01608,Yvonne Murray,epowell@hotmail.com,2024-06-13,IN,starter,2,7.3,2.91,0.0,2,34,498,0,0,0.0,0
user_01609,Sheena Mills,angelacasey@yahoo.com,2022-08-05,AU,free,2,3.1,2.35,4.0,0,99,1176,0,1,0.0,1
user_01610,Michael Johnson,matthew30@hotmail.com,2023-05-14,US,free,2,7.8,0.94,3.0,2,7,894,1,0,0.0,0
user_01611,Ashley Miller,michaelgordon@gmail.com,2024-06-11,FR,pro,10,17.5,2.02,2.6,4,30,500,0,0,0.0,0
user_01612,Jennifer Brown,wrightchristopher@yahoo.com,2025-04-21,DE,starter,3,11.9,0.93,2.0,3,9,186,1,0,20.0,0
user_01613,Kayla Sanchez,parmstrong@hotmail.com,2024-03-31,US,free,6,5.8,4.08,1.0,1,23,572,0,0,0.0,0
user_01614,Jennifer Black,fhenry@yahoo.com,2024-12-09,US,free,3,8.1,1.31,2.0,1,23,319,0,0,0.0,0
user_01615,Kristina Cowan,epark@gmail.com,2022-06-11,US,free,4,2.8,3.62,0.0,2,17,1231,1,0,0.0,0
user_01616,Judy Russell,thomasflowers@yahoo.com,2024-03-21,CA,starter,3,4.1,2.73,1.0,3,20,582,0,0,0.0,0
user_01617,Katie Gomez,katherinetanner@yahoo.com,2023-09-28,US,pro,6,10.6,3.58,1.3,2,63,757,1,1,97.65,1
user_01618,Derek Smith,kathrynchapman@gmail.com,2023-11-27,US,starter,5,6.0,0.78,2.0,1,2,697,0,1,0.0,0
user_01619,Katherine Davis,colleenclark@gmail.com,2023-03-30,IN,free,1,3.8,2.7,2.0,3,53,939,0,0,0.0,0
user_01620,Amanda Lowe,jlewis@hotmail.com,2023-11-14,CA,starter,4,10.0,3.36,2.0,3,18,710,0,0,0.0,0
user_01621,Mary Caldwell,alexanderrichard@hotmail.com,2022-12-11,US,free,3,7.7,4.1,5.0,1,12,1048,0,0,0.0,0
user_01622,James Burke,james88@gmail.com,2022-06-06,IN,free,0,1.7,0.92,0.0,0,5,1236,0,0,0.0,0
user_01623,Kevin Graham,matthew26@gmail.com,2024-11-11,IN,free,3,1.0,2.02,3.0,2,50,347,0,0,0.0,0
user_01624,Lisa Cline,mlawson@gmail.com,2025-07-20,IN,pro,6,7.7,7.28,1.3,1,26,96,0,0,0.0,0
user_01625,James Harrington,etucker@yahoo.com,2022-08-22,DE,free,3,1.6,4.5,1.0,2,39,1159,0,0,0.0,0
user_01626,Matthew Schneider,amandaweber@hotmail.com,2024-12-22,US,starter,1,1.0,2.28,0.0,1,11,306,1,0,20.0,0
user_01627,Timothy Rice,ryanjohn@hotmail.com,2024-11-10,DE,free,2,12.5,0.76,2.0,1,14,348,1,0,0.0,0
user_01628,Michael Tyler,dramirez@yahoo.com,2023-02-02,CA,free,3,7.6,4.26,0.0,3,73,995,0,0,0.0,0
user_01629,Danielle Martinez,acastillo@hotmail.com,2023-12-17,GB,free,2,6.9,2.43,4.0,2,97,677,0,0,0.0,0
user_01630,Corey Valdez,ojones@gmail.com,2023-12-21,CA,free,3,7.2,1.1,1.0,0,40,673,0,0,0.0,0
user_01631,Joseph Allen,tammy54@gmail.com,2025-08-14,IN,starter,1,3.4,2.07,2.0,3,41,71,0,0,0.0,0
user_01632,Jamie Williams,robertsmichael@hotmail.com,2022-10-30,US,free,6,9.6,0.78,4.0,2,35,1090,0,0,0.0,0
user_01633,Andrew Miller,uolsen@hotmail.com,2023-04-29,CA,starter,0,7.5,4.24,2.0,1,26,909,0,0,0.0,0
user_01634,Courtney Calderon,brian64@gmail.com,2022-07-30,IN,starter,2,5.0,0.45,1.0,5,27,1182,0,0,0.0,0
user_01635,Elizabeth Fields,bleonard@yahoo.com,2022-10-27,GB,pro,4,7.6,7.63,2.6,1,99,1093,1,1,82.8,1
user_01636,Lindsay Short,crawfordveronica@gmail.com,2023-06-09,US,free,1,3.1,2.98,0.0,3,41,868,1,0,0.0,0
user_01637,Yvonne Campbell,brianjensen@hotmail.com,2023-02-09,AU,free,4,6.4,0.79,0.0,1,31,988,0,0,0.0,0
user_01638,Marcus Casey,wattsjonathan@gmail.com,2022-12-22,GB,free,2,7.0,1.92,3.0,2,6,1037,0,0,0.0,0
user_01639,Monique Clark,englisherin@hotmail.com,2025-05-18,US,pro,5,8.3,2.63,1.3,2,113,159,0,0,0.0,0
user_01640,Nathaniel Reyes,hpayne@gmail.com,2022-11-10,IN,pro,5,10.2,1.76,1.3,5,22,1079,1,0,117.4,0
user_01641,Kylie Olson,matthew62@hotmail.com,2025-09-04,DE,free,6,7.7,2.77,3.0,1,86,50,0,0,0.0,0
user_01642,Aaron Clark,jared06@yahoo.com,2022-06-04,DE,starter,1,8.9,6.58,1.0,1,37,1238,0,0,0.0,0
user_01643,Johnny Austin,mosschristine@hotmail.com,2022-12-29,IN,free,6,11.8,1.27,2.0,3,1,1030,0,0,0.0,0
user_01644,Angela Fowler,alexandersmith@hotmail.com,2025-07-10,FR,starter,3,10.4,2.58,0.0,0,23,106,0,0,0.0,0
user_01645,Kelly White,patrick44@yahoo.com,2024-10-08,US,free,2,11.8,2.46,2.0,3,66,381,0,0,0.0,0
user_01646,Rachel Brown,ioliver@hotmail.com,2024-08-08,IN,starter,5,4.6,2.75,3.0,1,1,442,0,0,0.0,0
user_01647,Joy Navarro,kayla91@gmail.com,2025-02-28,FR,free,6,6.0,0.18,2.0,2,60,238,0,0,0.0,0
user_01648,Teresa Moreno,moorestephanie@yahoo.com,2025-04-01,FR,starter,1,10.6,5.34,1.0,3,28,206,0,0,0.0,0
user_01649,Gregory Burnett,michellestephens@gmail.com,2024-07-08,CA,starter,2,10.7,10.4,4.0,1,1,473,0,0,0.0,0
user_01650,William Cervantes,andersondaniel@yahoo.com,2025-03-02,FR,starter,7,5.3,2.42,1.0,3,14,236,0,0,0.0,0
user_01651,Kiara Davis,jonesshannon@gmail.com,2025-08-09,US,free,8,10.4,4.03,1.0,2,0,76,0,0,0.0,0
user_01652,Jeffrey Barnes,zlove@gmail.com,2025-07-25,FR,free,3,4.2,3.27,4.0,1,0,91,0,0,0.0,0
user_01653,Mark Cruz,donaldbrown@yahoo.com,2025-07-03,US,free,4,9.9,0.9,1.0,1,68,113,1,0,0.0,0
user_01654,Mitchell Barnes,anthonyconrad@hotmail.com,2023-10-24,US,free,5,7.9,2.28,1.0,0,41,731,0,1,0.0,1
user_01655,Mark Lewis,ghughes@hotmail.com,2025-07-08,US,free,2,2.5,1.36,1.0,2,10,108,0,0,0.0,0
user_01656,Luis Mitchell,annlawrence@hotmail.com,2023-10-10,IN,pro,3,8.3,3.16,0.0,1,3,745,0,0,0.0,0
user_01657,Richard Gray,vvillegas@yahoo.com,2022-11-06,US,free,4,16.7,2.52,3.0,1,1,1083,0,0,0.0,0
user_01658,Miguel Atkinson,adrian05@yahoo.com,2024-06-19,US,free,1,8.8,2.65,0.0,3,74,492,1,0,0.0,0
user_01659,Troy Washington,samanthacox@yahoo.com,2022-05-20,US,free,4,17.2,1.27,3.0,1,29,1253,1,0,0.0,0
user_01660,Alexis Lopez,sotomaria@hotmail.com,2024-08-18,US,free,5,2.2,2.66,1.0,3,5,432,0,0,0.0,0
user_01661,Emily Wright,alexis80@hotmail.com,2024-06-24,GB,starter,3,11.0,2.17,4.0,5,34,487,0,0,0.0,0
user_01662,Tricia Sherman,hburch@gmail.com,2025-07-17,IN,free,2,1.0,5.06,2.0,3,204,99,0,0,0.0,0
user_01663,Janice Barnes,ysoto@hotmail.com,2023-09-13,US,pro,5,10.0,5.84,0.0,0,46,772,1,0,102.85,0
user_01664,Nicole Lee,xsmith@hotmail.com,2023-07-17,CA,free,1,10.5,4.44,0.0,3,17,830,0,0,0.0,0
user_01665,Manuel Jackson,browndonald@hotmail.com,2025-04-26,FR,pro,9,13.4,7.0,0.0,1,50,181,0,0,0.0,0
user_01666,Sarah Gordon,wolfeedward@yahoo.com,2022-04-26,DE,pro,7,6.8,1.61,2.6,1,40,1277,0,0,0.0,0
user_01667,Kyle Chang,kennedyevan@yahoo.com,2023-12-22,US,free,2,12.2,3.78,2.0,5,2,672,0,0,0.0,0
user_01668,John Matthews,kellyleah@gmail.com,2024-11-05,CA,pro,6,7.9,1.55,0.0,2,77,353,0,0,0.0,0
user_01669,Daniel Farmer,rvincent@hotmail.com,2022-06-01,US,free,4,7.3,6.04,0.0,2,64,1241,0,0,0.0,0
user_01670,William Mitchell,dwashington@yahoo.com,2023-09-28,US,starter,5,6.3,3.72,3.0,1,26,757,0,0,0.0,0
user_01671,Kim Cook,moranmaria@gmail.com,2024-08-03,US,free,1,3.5,0.97,3.0,1,21,447,0,0,0.0,0
user_01672,Randy Miller,susan55@yahoo.com,2024-07-14,DE,pro,3,16.3,4.09,2.6,2,7,467,0,0,0.0,0
user_01673,Justin Shepard,sean85@gmail.com,2022-03-19,US,pro,8,10.2,1.8,3.9000000000000004,4,53,1315,1,0,82.61,0
user_01674,William Mitchell,xfoley@hotmail.com,2022-04-27,US,starter,1,12.3,1.66,1.0,1,16,1276,0,0,0.0,0
user_01675,Douglas Thompson,dboone@hotmail.com,2024-01-26,US,starter,4,12.2,3.06,3.0,1,25,637,1,0,20.0,0
user_01676,Shannon Reeves,rberry@yahoo.com,2023-08-11,FR,free,4,4.1,1.49,3.0,0,5,805,0,0,0.0,0
user_01677,Mrs. Karen Terry,clarkerobert@yahoo.com,2022-06-07,GB,free,5,12.9,1.97,1.0,1,7,1235,0,0,0.0,0
user_01678,Jillian Elliott,xberry@hotmail.com,2025-08-13,US,free,2,10.0,4.74,4.0,1,126,72,0,0,0.0,0
user_01679,Jennifer Davis,jamescochran@hotmail.com,2022-07-04,GB,free,3,3.8,2.11,0.0,0,20,1208,0,0,0.0,0
user_01680,Mrs. Hannah Copeland,dennishaynes@gmail.com,2025-06-13,IN,starter,3,9.8,1.09,3.0,2,50,133,0,0,0.0,0
user_01681,Madison Frye,mariahill@gmail.com,2025-05-01,CA,free,4,3.9,0.39,1.0,0,53,176,0,0,0.0,0
user_01682,Matthew Levy,debrabarnett@hotmail.com,2024-11-04,US,pro,7,16.4,5.88,2.6,2,119,354,0,1,0.0,1
user_01683,Natasha Hopkins,alivictoria@hotmail.com,2024-02-27,FR,starter,2,11.3,3.87,2.0,1,122,605,0,1,0.0,1
user_01684,Mary Durham,nicole99@yahoo.com,2024-08-05,US,starter,1,7.7,2.74,3.0,4,18,445,1,0,20.0,0
user_01685,Andrew Sawyer,torresstephen@yahoo.com,2025-04-03,CA,free,3,13.1,9.5,2.0,1,90,204,1,1,0.0,1
user_01686,Emily Cook,john06@gmail.com,2025-02-09,US,pro,9,3.7,2.85,2.6,0,13,257,1,0,100.74,0
user_01687,Sharon Serrano,jrodriguez@gmail.com,2022-03-26,US,pro,7,7.0,7.67,3.9000000000000004,3,28,1308,0,0,0.0,0
user_01688,Thomas Wolf,georgeallen@gmail.com,2024-07-10,US,free,2,7.0,1.37,1.0,1,51,471,0,0,0.0,0
user_01689,Amy Johnson,fwilson@yahoo.com,2025-03-16,IN,starter,5,16.9,4.07,2.0,3,73,222,1,0,20.0,0
user_01690,Michael Hill,hfry@hotmail.com,2025-08-27,US,starter,0,3.7,0.94,2.0,1,22,58,0,0,0.0,0
user_01691,Nathaniel Fisher,calebreynolds@hotmail.com,2023-01-21,DE,free,3,1.2,4.01,0.0,1,16,1007,0,0,0.0,0
user_01692,Caitlyn Moreno,brittanymoore@yahoo.com,2023-10-21,US,free,5,2.2,1.97,3.0,1,39,734,0,0,0.0,0
user_01693,Joseph Holloway,lromero@yahoo.com,2025-05-24,CA,free,6,11.6,3.45,1.0,2,18,153,0,0,0.0,0
user_01694,Renee Lynch,olsonanita@gmail.com,2024-09-01,DE,free,2,5.6,2.82,1.0,1,33,418,0,0,0.0,0
user_01695,Eric Petersen,masonanderson@hotmail.com,2024-10-23,GB,free,4,7.4,3.83,1.0,1,48,366,0,0,0.0,0
user_01696,Brian Rodriguez,rogeradams@yahoo.com,2022-11-05,CA,free,5,11.1,0.35,2.0,2,55,1084,0,0,0.0,0
user_01697,William Moore,laurawilliams@gmail.com,2022-05-07,CA,free,1,7.4,2.16,4.0,1,8,1266,0,0,0.0,0
user_01698,Matthew Johnson,vmcgrath@gmail.com,2024-07-11,US,free,4,8.8,4.91,5.0,2,25,470,0,0,0.0,0
user_01699,Monique Quinn,lparker@hotmail.com,2022-07-31,DE,pro,7,12.1,8.07,1.3,3,0,1181,0,0,0.0,0
user_01700,Lauren Serrano,charlesowen@yahoo.com,2023-12-05,US,free,7,6.3,3.34,1.0,2,47,689,1,0,0.0,0
user_01701,Holly Boyd,david27@yahoo.com,2022-06-22,GB,pro,6,9.3,7.55,1.3,2,4,1220,1,0,103.05,0
user_01702,Paula Fernandez,davidhale@yahoo.com,2024-10-30,CA,free,4,9.0,2.08,3.0,0,61,359,0,0,0.0,0
user_01703,Cody Smith,livingstonbrandi@hotmail.com,2025-08-16,US,free,3,11.5,1.42,4.0,2,15,69,0,0,0.0,0
user_01704,Sandra Garza,tmathews@hotmail.com,2022-12-20,US,free,3,4.8,2.58,2.0,3,5,1039,0,0,0.0,0
user_01705,Scott Scott,arianablair@hotmail.com,2022-03-22,IN,free,1,1.0,2.85,1.0,2,47,1312,0,0,0.0,0
user_01706,Chelsea Fitzgerald,juliadavis@yahoo.com,2023-05-23,DE,free,0,10.7,3.2,3.0,1,6,885,1,0,0.0,0
user_01707,Catherine Wright,fparsons@gmail.com,2024-06-15,AU,starter,10,11.7,2.43,1.0,2,15,496,0,0,0.0,0
user_01708,David Johnson,bradley66@hotmail.com,2024-06-18,IN,free,5,8.8,2.46,1.0,2,25,493,1,0,0.0,0
user_01709,Mike Gomez,belltheresa@yahoo.com,2024-12-09,CA,starter,1,9.1,4.18,3.0,6,13,319,0,0,0.0,0
user_01710,Blake Berry,robertboyd@hotmail.com,2024-12-06,AU,starter,3,5.7,1.18,1.0,0,5,322,0,0,0.0,0
user_01711,Theresa Cole,brian83@hotmail.com,2025-06-02,US,free,1,10.0,2.82,4.0,0,15,144,0,0,0.0,0
user_01712,Theresa Brown,wgardner@hotmail.com,2022-11-22,US,free,1,11.4,3.35,0.0,4,4,1067,0,0,0.0,0
user_01713,Ann Smith,tannerraymond@hotmail.com,2024-01-16,CA,starter,1,8.2,1.5,3.0,2,38,647,0,0,0.0,0
user_01714,Dean Adams,reesehector@hotmail.com,2024-02-03,DE,free,2,18.0,1.94,3.0,2,5,629,0,0,0.0,0
user_01715,Gary Thomas,gloverkevin@yahoo.com,2023-08-03,FR,free,0,1.7,6.72,0.0,2,19,813,0,1,0.0,0
user_01716,Patricia Mckee,desireewhite@hotmail.com,2024-03-04,IN,pro,6,10.7,4.09,5.2,3,24,599,0,0,0.0,0
user_01717,Tara Martin,bwilliams@yahoo.com,2024-04-17,US,free,2,3.3,11.38,2.0,2,87,555,1,1,0.0,1
user_01718,Marc Shaw,juliebennett@yahoo.com,2023-11-24,IN,starter,9,11.5,2.58,4.0,2,2,700,0,0,0.0,0
user_01719,Yvonne Phillips,bblack@gmail.com,2025-05-09,US,pro,5,3.7,6.51,5.2,2,79,168,1,0,88.04,0
user_01720,Pamela Solis,debra42@yahoo.com,2022-04-18,US,free,5,2.7,0.63,0.0,2,7,1285,0,0,0.0,0
user_01721,Eric Fox,timothy60@hotmail.com,2025-07-16,DE,free,3,5.5,0.35,3.0,3,55,100,0,0,0.0,0
user_01722,Daniel Bright,robertgardner@gmail.com,2025-08-18,US,free,2,9.1,1.04,1.0,0,2,67,1,0,0.0,0
user_01723,Melanie Garner,sara62@yahoo.com,2023-11-17,DE,free,3,5.6,4.72,3.0,1,134,707,0,0,0.0,0
user_01724,Tracey Wells,robertkelly@hotmail.com,2022-05-15,IN,free,3,5.7,1.97,4.0,1,49,1258,1,0,0.0,0
user_01725,Mr. Daniel Contreras,samuel54@yahoo.com,2023-11-07,GB,starter,3,7.3,0.6,0.0,2,1,717,0,0,0.0,0
user_01726,Shawn Hale,jeffrey29@hotmail.com,2022-07-13,US,free,2,7.0,2.54,2.0,1,7,1199,0,0,0.0,0
user_01727,David Stewart,kyletrujillo@gmail.com,2025-02-16,US,free,5,13.9,4.41,3.0,1,23,250,1,0,0.0,0
user_01728,Jesus Castillo,sandersrobert@hotmail.com,2024-03-02,US,pro,6,12.7,1.73,1.3,0,22,601,1,0,93.75,0
user_01729,Paul Guerrero,rgonzales@yahoo.com,2023-08-05,AU,starter,2,6.7,4.6,0.0,3,29,811,1,0,20.0,0
user_01730,Brandon Adams,wendymendoza@gmail.com,2023-06-01,DE,starter,3,16.4,0.78,3.0,2,18,876,0,0,0.0,0
user_01731,Joseph Lopez,angelalee@yahoo.com,2025-09-06,IN,free,4,10.0,4.33,1.0,1,39,48,0,0,0.0,0
user_01732,Adam Walker,warnertimothy@yahoo.com,2025-05-19,US,starter,4,4.1,1.41,3.0,2,12,158,0,0,0.0,0
user_01733,Christina Williams,mgalvan@gmail.com,2022-11-04,AU,free,2,9.0,5.68,3.0,0,5,1085,1,0,0.0,0
user_01734,Philip Cunningham,brendan97@hotmail.com,2023-11-14,US,free,4,10.1,6.45,1.0,1,1,710,1,0,0.0,0
user_01735,Nancy Shaw,brianahoover@hotmail.com,2022-06-16,US,free,5,5.2,3.23,0.0,2,11,1226,0,0,0.0,0
user_01736,Stacy Norman,smithteresa@hotmail.com,2025-04-08,GB,pro,6,5.8,2.26,2.6,3,16,199,0,0,0.0,0
user_01737,Joseph Miller,beckyblake@yahoo.com,2025-09-21,AU,free,2,8.3,11.8,4.0,2,32,33,0,0,0.0,0
user_01738,Sarah Haney,kjohnson@gmail.com,2022-10-17,US,free,2,6.6,1.32,2.0,1,49,1103,1,0,0.0,0
user_01739,Adam Avila,james05@gmail.com,2023-12-18,US,free,2,13.9,7.04,3.0,1,8,676,1,0,0.0,0
user_01740,Dr. Timothy Byrd,bridgespatricia@hotmail.com,2023-09-28,AU,free,2,11.0,8.77,1.0,3,20,757,0,1,0.0,0
user_01741,Thomas Knight,tschmidt@gmail.com,2025-09-05,US,starter,4,5.4,3.32,1.0,1,7,49,0,0,0.0,0
user_01742,Brianna Smith,april30@yahoo.com,2025-09-18,US,starter,2,9.7,0.94,1.0,3,90,36,0,0,0.0,0
user_01743,Billy Lopez,cummingskelli@hotmail.com,2024-03-13,GB,starter,3,13.1,3.12,1.0,4,31,590,0,0,0.0,0
user_01744,Katie Garcia,dbrown@hotmail.com,2022-09-22,FR,free,2,2.4,9.68,1.0,1,33,1128,0,0,0.0,0
user_01745,Brianna Scott,zachary00@gmail.com,2025-05-03,IN,free,4,3.9,1.49,2.0,1,22,174,0,0,0.0,0
user_01746,Colleen Dominguez,bradyjoseph@hotmail.com,2022-06-23,AU,free,6,8.0,2.31,3.0,1,9,1219,0,0,0.0,0
user_01747,Christina Craig,hendricksrobin@hotmail.com,2023-09-27,CA,free,5,8.1,0.26,4.0,1,6,758,0,0,0.0,0
user_01748,Gabriella Arnold,christinaschneider@yahoo.com,2025-02-18,US,free,4,7.8,2.32,3.0,3,32,248,0,0,0.0,0
user_01749,Brian Wong,wilsoncameron@yahoo.com,2024-02-11,AU,starter,3,6.8,3.95,2.0,1,76,621,1,0,20.0,0
user_01750,Douglas Marshall,wdominguez@yahoo.com,2025-08-10,IN,free,5,6.7,1.06,4.0,1,7,75,0,0,0.0,0
user_01751,Eric Brown,cynthia20@gmail.com,2023-11-04,US,free,0,9.5,6.86,0.0,3,25,720,0,0,0.0,0
user_01752,Rachel Webb,deborahbrowning@gmail.com,2022-09-19,GB,free,4,12.5,0.69,1.0,1,22,1131,0,1,0.0,0
user_01753,Crystal Rodriguez,mcintyretroy@yahoo.com,2024-12-14,US,free,2,6.1,1.52,2.0,3,30,314,0,0,0.0,0
user_01754,Jose Smith,breed@hotmail.com,2022-07-11,US,free,3,17.8,6.02,3.0,1,26,1201,0,0,0.0,0
user_01755,Melissa Sims,richardpatterson@gmail.com,2025-08-16,US,pro,7,17.8,3.27,3.9000000000000004,4,9,69,1,0,87.5,0
user_01756,James Murillo,dawnbowman@hotmail.com,2024-05-17,IN,starter,6,13.3,7.87,1.0,1,35,525,1,0,20.0,0
user_01757,Kathleen Wyatt,jonesjames@yahoo.com,2024-11-07,FR,pro,7,12.5,0.6,2.6,1,9,351,0,0,0.0,0
user_01758,Tonya Matthews,sandrapowell@gmail.com,2024-01-12,GB,free,2,16.0,1.85,2.0,1,31,651,0,0,0.0,0
user_01759,Eric Wagner,csampson@gmail.com,2022-02-07,AU,free,3,6.8,3.19,3.0,1,10,1355,1,0,0.0,0
user_01760,Cynthia Martin,joseph52@gmail.com,2024-01-13,US,free,1,4.7,9.44,0.0,1,2,650,0,0,0.0,0
user_01761,Dennis Garcia,hortonmaria@yahoo.com,2023-09-25,US,free,5,5.9,2.76,0.0,1,4,760,0,0,0.0,0
user_01762,Ricky Zamora,douglasowens@hotmail.com,2023-01-05,US,starter,4,4.0,3.73,3.0,3,53,1023,0,0,0.0,0
user_01763,Keith Gross,sierramoreno@yahoo.com,2023-03-15,US,free,2,8.5,2.44,3.0,3,3,954,0,0,0.0,0
user_01764,Katherine Williams,mark42@yahoo.com,2023-12-01,US,free,4,9.2,2.25,3.0,3,12,693,0,0,0.0,0
user_01765,Leah Harrison,joseph19@hotmail.com,2024-09-22,DE,free,2,8.8,1.5,2.0,2,10,397,0,0,0.0,0
user_01766,John Johnson,amanda51@gmail.com,2023-01-29,AU,free,3,8.0,3.4,3.0,0,1,999,0,0,0.0,0
user_01767,Erica Long,icarlson@gmail.com,2023-04-09,AU,starter,2,8.5,1.99,2.0,2,27,929,0,0,0.0,0
user_01768,Danielle Scott,mary83@yahoo.com,2022-10-09,US,free,0,14.9,3.89,1.0,0,48,1111,0,0,0.0,0
user_01769,Kristin Young,robert30@gmail.com,2022-11-14,FR,free,1,10.5,2.72,2.0,0,146,1075,0,0,0.0,0
user_01770,Kari Diaz,crystaljennings@hotmail.com,2022-06-08,US,free,3,11.7,1.82,1.0,2,82,1234,1,0,0.0,0
user_01771,Garrett Moore,cheryl16@gmail.com,2023-08-29,US,free,3,8.8,6.92,1.0,2,1,787,0,0,0.0,0
user_01772,Katie Potter,jwhite@gmail.com,2022-07-27,FR,starter,7,1.5,1.37,5.0,3,8,1185,1,0,20.0,0
user_01773,Mr. Francisco Waters MD,smorgan@gmail.com,2024-11-05,GB,pro,6,2.7,2.33,0.0,4,15,353,0,1,0.0,0
user_01774,Carrie Haley,chavezjames@hotmail.com,2025-01-10,US,pro,5,18.3,0.34,2.6,2,62,287,1,0,86.62,0
user_01775,Valerie Rivera,tonya99@yahoo.com,2024-12-14,IN,starter,3,5.9,2.07,2.0,6,13,314,1,0,20.0,0
user_01776,Cynthia Estrada,hodgeerin@gmail.com,2022-03-19,US,free,5,5.5,6.56,0.0,1,25,1315,1,0,0.0,0
user_01777,Rebecca Skinner,alexis33@gmail.com,2025-09-17,CA,starter,4,9.0,6.68,1.0,4,32,37,0,0,0.0,0
user_01778,Emily Fitzgerald,sfuller@yahoo.com,2023-11-21,IN,free,4,10.2,1.69,3.0,0,10,703,0,0,0.0,0
user_01779,Margaret Hunter,michael18@yahoo.com,2025-06-19,AU,free,0,10.7,3.66,2.0,0,26,127,0,0,0.0,0
user_01780,Mary Palmer,jessicamorgan@gmail.com,2022-09-26,US,starter,4,15.1,4.25,2.0,2,1,1124,0,0,0.0,0
user_01781,Daniel Owens,timothy69@yahoo.com,2025-05-08,US,free,9,14.0,0.64,0.0,0,19,169,0,0,0.0,0
user_01782,Jody Rice,newmanpamela@hotmail.com,2024-02-11,IN,pro,4,6.8,8.28,2.6,0,14,621,0,0,0.0,0
user_01783,Michael Grant,trodriguez@gmail.com,2022-11-12,IN,free,2,11.9,0.77,2.0,0,13,1077,0,0,0.0,0
user_01784,Larry Owens,debbie28@hotmail.com,2022-11-29,US,starter,2,6.5,1.79,0.0,3,8,1060,1,0,20.0,0
user_01785,Christine Williamson,gortiz@yahoo.com,2023-01-06,CA,starter,3,7.4,0.96,2.0,4,51,1022,0,0,0.0,0
user_01786,Matthew Hernandez,sara06@hotmail.com,2025-07-03,FR,pro,7,5.6,4.75,1.3,1,64,113,1,0,98.14,0
user_01787,Matthew Lawson,bakerrenee@yahoo.com,2022-12-06,AU,starter,6,1.2,1.24,3.0,5,65,1053,1,0,20.0,0
user_01788,William Johnson,harrisjohn@yahoo.com,2024-06-15,DE,starter,8,7.9,1.5,2.0,3,15,496,1,0,20.0,0
user_01789,Robert Hall,jessica41@hotmail.com,2022-03-31,FR,free,2,4.2,4.8,0.0,1,8,1303,1,0,0.0,0
user_01790,Kayla Elliott,ericksonyvette@yahoo.com,2024-04-21,GB,free,6,11.7,1.66,2.0,2,3,551,0,0,0.0,0
user_01791,Chelsea Williamson,clarkkelly@gmail.com,2024-01-17,DE,free,4,6.9,2.47,1.0,4,33,646,0,0,0.0,0
user_01792,Elizabeth Clark,savannaherickson@gmail.com,2023-05-02,US,starter,8,9.2,0.75,4.0,3,12,906,0,0,0.0,0
user_01793,Nathan Hernandez,samanthahawkins@yahoo.com,2024-06-28,US,free,0,13.5,0.53,2.0,1,9,483,1,0,0.0,0
user_01794,Randy Taylor,lindsay23@hotmail.com,2025-06-04,US,starter,1,2.1,2.85,2.0,1,13,142,0,0,0.0,0
user_01795,Mr. Darin Wells,johnsonmelissa@yahoo.com,2023-08-07,IN,free,6,5.1,1.6,3.0,2,24,809,0,0,0.0,0
user_01796,Kelly Wallace,jocelyn01@gmail.com,2024-07-08,US,free,2,8.7,7.7,5.0,2,5,473,1,0,0.0,0
user_01797,Melissa Berger DVM,andersonkimberly@hotmail.com,2023-04-25,AU,starter,3,9.3,10.08,0.0,1,97,913,0,0,0.0,0
user_01798,Allison Mercer,nicole12@yahoo.com,2024-12-29,US,free,1,12.4,0.82,2.0,1,39,299,0,0,0.0,0
user_01799,Anthony Farmer,escobartracy@yahoo.com,2023-05-05,US,free,3,11.5,0.55,2.0,2,1,903,0,0,0.0,0
user_01800,Cindy Diaz,carlaswanson@hotmail.com,2023-09-26,IN,free,1,8.4,7.82,1.0,0,10,759,0,0,0.0,0
user_01801,Benjamin Evans,morrisann@yahoo.com,2024-08-18,US,pro,5,11.2,5.21,0.0,3,1,432,0,0,0.0,0
user_01802,Linda Schroeder,cwilliamson@hotmail.com,2023-02-02,US,starter,4,9.3,2.79,4.0,3,7,995,0,0,0.0,0
user_01803,Elizabeth Sanders,henrythompson@gmail.com,2024-01-24,US,free,6,2.1,0.62,1.0,1,10,639,0,0,0.0,0
user_01804,Carrie Montoya,edwardsconnor@hotmail.com,2025-03-14,IN,free,2,7.4,9.58,2.0,1,37,224,0,0,0.0,0
user_01805,Paul Castro,douglas87@hotmail.com,2024-06-21,IN,free,2,9.0,1.19,6.0,3,38,490,0,0,0.0,0
user_01806,William Duncan,cassie61@hotmail.com,2024-08-03,DE,starter,2,9.8,4.36,0.0,3,1,447,1,0,20.0,0
user_01807,Victor Brown,whitakeramy@gmail.com,2023-08-01,CA,starter,4,4.3,4.2,0.0,3,26,815,0,1,0.0,0
user_01808,James Wilson,kristin83@yahoo.com,2024-02-22,IN,free,3,2.9,0.5,0.0,1,97,610,0,0,0.0,0
user_01809,Richard Chapman MD,smithjennifer@yahoo.com,2024-10-26,US,free,6,7.1,1.41,3.0,1,29,363,0,0,0.0,0
user_01810,Alyssa Hanson,sanchezamber@yahoo.com,2024-12-16,US,free,3,15.9,0.68,2.0,2,96,312,0,0,0.0,0
user_01811,Brian Black,aingram@gmail.com,2024-05-07,DE,starter,2,4.7,0.29,4.0,3,14,535,1,0,20.0,0
user_01812,Luis Williams,perryjonathan@yahoo.com,2022-11-28,US,starter,2,12.7,2.07,0.0,0,18,1061,0,0,0.0,0
user_01813,Amanda Carter,troylowe@gmail.com,2023-02-13,US,free,5,14.3,0.77,3.0,0,20,984,0,0,0.0,0
user_01814,Stacy Brown,christiepennington@yahoo.com,2025-05-23,DE,free,3,8.2,1.2,0.0,1,77,154,0,0,0.0,0
user_01815,Zachary Powell,elizabeth36@gmail.com,2022-10-11,IN,free,7,5.3,0.6,4.0,1,14,1109,0,0,0.0,0
user_01816,Melissa Oneal,staylor@yahoo.com,2023-05-28,US,pro,5,12.1,2.79,1.3,5,122,880,1,0,84.06,0
user_01817,Pamela Roberts,zachary45@gmail.com,2022-04-17,US,free,4,8.8,7.66,1.0,0,23,1286,0,0,0.0,0
user_01818,Kayla Dixon,christinafreeman@yahoo.com,2025-08-06,AU,starter,2,4.6,3.12,2.0,1,7,79,0,0,0.0,0
user_01819,Zachary King,jeromehancock@yahoo.com,2024-09-11,FR,starter,2,5.4,1.56,4.0,3,3,408,1,0,20.0,0
user_01820,Suzanne Greene,caitlinmiddleton@hotmail.com,2024-01-31,CA,free,2,9.8,2.33,2.0,2,5,632,0,0,0.0,0
user_01821,Daniel Blanchard,acostaangela@yahoo.com,2025-02-09,IN,free,4,11.7,2.95,2.0,2,1,257,1,0,0.0,0
user_01822,Susan Lloyd,xjoseph@hotmail.com,2022-07-30,IN,free,3,6.7,2.99,5.0,2,35,1182,0,0,0.0,0
user_01823,Debra Poole,khubbard@yahoo.com,2024-11-22,AU,starter,6,7.7,1.92,3.0,0,21,336,0,0,0.0,0
user_01824,Ryan Doyle,thomasmartin@yahoo.com,2022-09-13,AU,starter,4,10.7,1.33,1.0,4,40,1137,0,0,0.0,0
user_01825,Andrew Reyes,watsonkenneth@gmail.com,2023-08-07,US,starter,2,7.3,4.34,2.0,1,45,809,1,0,20.0,0
user_01826,Jean Wilson,mcgeeamy@yahoo.com,2022-06-21,DE,free,2,6.8,0.88,5.0,0,80,1221,0,0,0.0,0
user_01827,Cristina Williams,jessejohnson@gmail.com,2022-11-25,US,free,4,5.0,4.39,3.0,1,3,1064,0,0,0.0,0
user_01828,Justin Cantu,marissaharris@gmail.com,2023-07-13,US,pro,8,6.9,2.54,0.0,3,6,834,1,0,86.01,0
user_01829,Sean Mcgee,heatherward@yahoo.com,2024-07-09,CA,starter,1,18.7,5.56,1.0,1,23,472,0,0,0.0,0
user_01830,Lindsey Patel,davisjudy@hotmail.com,2024-11-17,IN,free,1,7.2,1.0,3.0,0,4,341,1,0,0.0,0
user_01831,Clifford Smith,cynthia75@hotmail.com,2022-10-29,AU,pro,7,15.5,1.48,6.5,0,2,1091,0,0,0.0,0
user_01832,Gregory Carter,jesse81@yahoo.com,2024-06-14,US,starter,3,14.7,2.54,5.0,1,32,497,0,0,0.0,0
user_01833,Jennifer Gonzales,george71@gmail.com,2022-07-07,IN,free,3,7.3,1.19,0.0,0,38,1205,1,0,0.0,0
user_01834,Lisa Conner,kmoore@hotmail.com,2023-03-31,AU,starter,2,9.5,7.87,1.0,1,55,938,0,0,0.0,0
user_01835,Christine Snyder,salvarez@gmail.com,2024-07-12,AU,starter,4,8.4,1.36,4.0,1,74,469,0,0,0.0,0
user_01836,Mrs. Jennifer Duncan,ejames@hotmail.com,2023-12-17,US,starter,4,1.6,1.09,2.0,1,17,677,0,0,0.0,0
user_01837,Joseph Morgan,kirkaustin@gmail.com,2022-02-24,US,free,4,1.8,3.37,2.0,1,117,1338,0,1,0.0,1
user_01838,Kylie Clarke,kendra95@hotmail.com,2024-04-29,GB,free,2,8.2,0.18,0.0,2,1,543,0,0,0.0,0
user_01839,Jeremy Rodriguez,riverasteven@yahoo.com,2022-04-20,US,pro,8,8.3,12.32,1.3,1,61,1283,1,0,91.35,0
user_01840,Spencer Phillips,youngkimberly@yahoo.com,2024-03-22,AU,free,6,15.6,3.85,2.0,1,11,581,1,0,0.0,0
user_01841,Richard Ford,ythompson@gmail.com,2024-10-25,AU,free,1,7.1,2.97,1.0,2,76,364,1,0,0.0,0
user_01842,Michelle Sweeney,jessica65@yahoo.com,2024-02-05,US,free,4,15.8,1.25,1.0,4,7,627,0,0,0.0,0
user_01843,Robin Schultz,katelyn84@gmail.com,2023-04-28,US,free,4,6.1,2.18,5.0,2,40,910,0,0,0.0,0
user_01844,Randy Roberts,derekwright@yahoo.com,2024-03-01,US,starter,4,15.6,1.4,1.0,2,16,602,1,0,20.0,0
user_01845,Jasmine Robertson,mcculloughemily@yahoo.com,2022-06-17,AU,pro,9,12.0,2.48,1.3,2,14,1225,1,0,101.52,0
user_01846,Sherri Wilson,rachelwest@hotmail.com,2024-02-07,US,free,3,10.3,4.66,0.0,1,1,625,0,0,0.0,0
user_01847,Jessica Newton,jknight@yahoo.com,2023-04-05,IN,free,3,6.0,3.2,0.0,0,36,933,0,0,0.0,0
user_01848,Juan Flowers,sgriffith@gmail.com,2022-02-27,IN,free,5,10.3,1.79,3.0,1,5,1335,0,0,0.0,0
user_01849,Jamie Cooley,gutierrezkevin@hotmail.com,2023-10-15,GB,pro,5,16.8,0.68,0.0,5,18,740,0,0,0.0,0
user_01850,Shane Kelly,anthony42@gmail.com,2022-07-22,US,starter,1,7.4,10.46,3.0,2,4,1190,1,0,20.0,0
user_01851,Makayla Carr,sarasimon@gmail.com,2025-08-24,US,free,2,6.6,4.69,2.0,1,27,61,0,0,0.0,0
user_01852,Nancy Dunlap,brownmichael@yahoo.com,2023-11-18,AU,starter,4,7.0,1.37,1.0,4,7,706,1,0,20.0,0
user_01853,Christina Thomas,durhamrobin@yahoo.com,2022-10-27,AU,pro,6,16.5,4.17,0.0,2,27,1093,0,0,0.0,0
user_01854,Caitlin Kerr,urivera@gmail.com,2022-10-09,DE,starter,1,11.4,1.1,3.0,2,87,1111,0,0,0.0,0
user_01855,Anthony Lawrence,corywhitehead@gmail.com,2022-03-20,US,pro,8,15.8,1.99,1.3,2,76,1314,1,0,100.01,0
user_01856,Michael Stewart,pattersonmichael@gmail.com,2023-08-11,US,free,1,9.3,1.23,1.0,2,6,805,1,0,0.0,0
user_01857,Morgan Allen,mindy83@gmail.com,2024-08-25,GB,starter,5,8.2,2.63,3.0,1,3,425,0,0,0.0,0
user_01858,Carrie Richardson,andrew52@yahoo.com,2022-10-12,US,free,2,9.7,1.25,2.0,1,1,1108,0,0,0.0,0
user_01859,Lisa Watson,adrianpalmer@gmail.com,2024-08-18,AU,starter,1,12.3,2.55,1.0,1,52,432,1,0,20.0,0
user_01860,Kristen Vargas,dmclaughlin@yahoo.com,2024-07-07,GB,starter,4,7.0,6.06,1.0,3,8,474,0,0,0.0,0
user_01861,Amanda Meyer,vrogers@gmail.com,2025-06-14,US,starter,2,13.5,0.83,1.0,1,10,132,0,0,0.0,0
user_01862,Daniel Singleton,lukemolina@yahoo.com,2022-01-11,AU,starter,3,9.5,0.84,1.0,3,7,1382,1,0,20.0,0
user_01863,Daniel Rodriguez,lcollins@yahoo.com,2022-06-12,AU,free,2,1.0,7.0,0.0,0,54,1230,0,0,0.0,0
user_01864,Eric Mcgee,lori50@gmail.com,2022-02-08,US,free,1,11.5,3.92,1.0,1,115,1354,0,0,0.0,0
user_01865,Christine Duran,josephguerra@gmail.com,2023-06-09,IN,pro,6,4.9,3.63,2.6,1,42,868,0,0,0.0,0
user_01866,Ronald Taylor,gscott@gmail.com,2023-03-18,US,pro,7,13.4,0.87,1.3,5,52,951,1,0,95.09,0
user_01867,John Martinez,becksamuel@yahoo.com,2022-11-03,US,free,2,11.6,0.47,3.0,2,29,1086,0,0,0.0,0
user_01868,Brent Shah,mlowery@yahoo.com,2025-01-28,US,free,3,9.3,1.08,2.0,2,22,269,0,0,0.0,0
user_01869,Lisa Galvan,bruce30@yahoo.com,2025-05-31,GB,free,4,10.2,2.69,3.0,2,38,146,0,0,0.0,0
user_01870,Dominic Jackson,chaneyamber@hotmail.com,2024-12-16,AU,starter,6,12.4,4.95,1.0,5,1,312,0,0,0.0,0
user_01871,Leslie Brown,kaiserjennifer@gmail.com,2024-05-16,IN,starter,2,6.0,2.63,1.0,1,1,526,0,0,0.0,0
user_01872,Sydney Sims,isaac37@hotmail.com,2022-08-16,US,free,5,11.2,2.76,2.0,2,34,1165,0,0,0.0,0
user_01873,Elizabeth Schultz,ericksonpatricia@yahoo.com,2023-08-14,GB,free,2,12.7,5.41,1.0,2,12,802,0,0,0.0,0
user_01874,Nicholas Henry MD,haysleslie@hotmail.com,2023-05-02,US,starter,4,15.0,3.35,0.0,2,20,906,0,0,0.0,0
user_01875,Jeffrey Houston,georgegonzales@yahoo.com,2023-09-09,FR,starter,2,3.6,1.52,2.0,4,45,776,0,0,0.0,0
user_01876,Elizabeth White,mterry@hotmail.com,2022-09-07,IN,free,1,9.6,2.3,2.0,2,25,1143,0,0,0.0,0
user_01877,Mindy Thomas,neaton@gmail.com,2022-04-08,US,free,7,4.2,5.05,1.0,3,49,1295,1,0,0.0,0
user_01878,Tiffany Roberts,armstrongmary@yahoo.com,2023-05-04,US,free,3,4.0,2.95,2.0,0,16,904,0,0,0.0,0
user_01879,Dustin Hudson,onelson@yahoo.com,2024-05-09,DE,free,6,9.4,7.41,3.0,1,10,533,0,0,0.0,0
user_01880,Sara Salazar,yboyd@hotmail.com,2025-08-01,US,free,6,8.3,1.28,5.0,1,8,84,0,0,0.0,0
user_01881,Tyler Clark,timothyproctor@gmail.com,2025-06-29,DE,starter,7,12.6,0.92,1.0,3,4,117,1,0,20.0,0
user_01882,Kevin Mills,brian67@gmail.com,2024-07-25,US,pro,6,8.6,4.68,3.9000000000000004,2,1,456,0,0,0.0,0
user_01883,Lynn Lopez,jeffward@hotmail.com,2022-05-09,US,starter,4,7.5,2.58,3.0,2,1,1264,1,0,20.0,0
user_01884,Jeff Villegas,jmiller@hotmail.com,2022-08-16,IN,starter,4,8.8,0.83,0.0,2,9,1165,0,0,0.0,0
user_01885,Terry Bonilla,slam@hotmail.com,2024-10-20,AU,free,1,4.6,1.42,1.0,2,9,369,1,0,0.0,0
user_01886,Shawn Edwards,dgarcia@yahoo.com,2025-05-07,AU,free,9,5.1,6.1,1.0,1,14,170,0,0,0.0,0
user_01887,Chase Thomas,sgallagher@yahoo.com,2025-01-02,US,free,2,12.5,3.46,4.0,2,26,295,1,0,0.0,0
user_01888,Melissa Prince,sarah39@hotmail.com,2022-02-03,US,free,1,5.8,1.51,2.0,2,42,1359,1,0,0.0,0
user_01889,Dawn Kelly,jasonwilliams@hotmail.com,2025-07-18,US,starter,3,12.7,1.04,1.0,2,6,98,0,0,0.0,0
user_01890,Gabriel Barr,bcarey@hotmail.com,2024-11-21,IN,pro,6,12.4,2.7,1.3,3,42,337,0,0,0.0,0
user_01891,Brianna Hill,duncanedward@yahoo.com,2025-03-23,IN,free,3,1.8,4.86,2.0,0,4,215,0,0,0.0,0
user_01892,Joshua Garner,wheelerjohn@yahoo.com,2023-05-11,AU,free,2,10.1,2.51,2.0,3,134,897,0,0,0.0,0
user_01893,Marcus Lopez,connie15@gmail.com,2022-10-22,AU,starter,3,10.1,2.26,1.0,1,10,1098,0,0,0.0,0
user_01894,Susan Chambers,brandymcintosh@yahoo.com,2023-08-20,US,free,4,9.7,5.04,2.0,2,54,796,0,0,0.0,0
user_01895,Christian Bradley,libeverly@gmail.com,2024-05-29,IN,free,1,7.4,0.87,5.0,1,6,513,0,0,0.0,0
user_01896,Casey Washington,kylerobinson@gmail.com,2022-01-04,FR,starter,1,4.2,1.22,1.0,1,90,1389,1,0,20.0,0
user_01897,Deborah Hernandez,dcollier@gmail.com,2025-06-13,DE,starter,3,13.4,2.68,3.0,2,52,133,0,0,0.0,0
user_01898,Joshua Watts,johnny71@gmail.com,2023-12-24,US,free,4,7.6,2.26,1.0,2,13,670,0,0,0.0,0
user_01899,Jason Thomas,juan23@hotmail.com,2023-05-08,US,free,3,4.5,1.89,1.0,2,16,900,0,0,0.0,0
user_01900,James Compton,jamesbarrett@gmail.com,2025-03-14,IN,starter,0,9.8,5.21,3.0,2,0,224,1,0,20.0,0
user_01901,Veronica Reed,seangoodman@gmail.com,2024-05-03,US,free,6,5.0,0.34,1.0,3,8,539,1,0,0.0,0
user_01902,Jamie Bishop,ohernandez@yahoo.com,2023-01-19,US,free,6,4.2,0.95,1.0,1,10,1009,0,0,0.0,0
user_01903,Glenn Washington,larryking@gmail.com,2025-09-22,US,starter,1,6.5,3.7,1.0,1,18,32,0,0,0.0,0
user_01904,Amber Collier,jacobcoleman@hotmail.com,2025-09-30,GB,free,3,5.3,1.66,2.0,0,4,24,1,0,0.0,0
user_01905,Ann Adams,ddunn@gmail.com,2022-06-25,US,starter,2,4.4,9.68,1.0,0,19,1217,0,0,0.0,0
user_01906,Blake Melton,vhill@gmail.com,2024-12-08,US,free,3,11.2,5.38,2.0,1,33,320,0,0,0.0,0
user_01907,Jamie Smith,jamiecrawford@yahoo.com,2024-01-09,US,pro,6,9.5,2.5,3.9000000000000004,0,13,654,0,1,0.0,0
user_01908,Ronald Thomas,xoneal@yahoo.com,2022-05-19,DE,free,4,13.0,3.62,1.0,1,7,1254,1,0,0.0,0
user_01909,Michael Reed,haynesryan@yahoo.com,2024-12-13,FR,free,3,4.6,3.49,1.0,3,23,315,0,0,0.0,0
user_01910,Dr. Brooke Ward,ericbrown@yahoo.com,2025-01-19,IN,free,4,1.1,6.5,3.0,1,0,278,0,0,0.0,0
user_01911,Kyle Dean,clarkjill@gmail.com,2024-11-05,IN,free,4,8.6,1.94,1.0,1,12,353,0,0,0.0,0
user_01912,Danielle Schneider,michaelwatson@yahoo.com,2024-11-05,AU,pro,6,17.4,2.22,2.6,1,22,353,1,0,83.44,0
user_01913,Cheryl Peterson,teresascott@gmail.com,2025-02-08,US,pro,5,12.1,4.96,3.9000000000000004,1,12,258,1,0,97.51,0
user_01914,Jason Garcia,derekhernandez@yahoo.com,2022-02-11,US,free,4,20.9,1.96,2.0,1,12,1351,0,0,0.0,0
user_01915,Beth Martin,adamsdavid@hotmail.com,2024-03-10,US,free,3,9.3,3.93,6.0,2,56,593,0,0,0.0,0
user_01916,Jeremiah Pierce,clarkjennifer@hotmail.com,2024-08-20,US,starter,4,8.9,6.0,1.0,2,81,430,0,0,0.0,0
user_01917,Sherri Farrell,crystalsmith@gmail.com,2022-03-31,US,pro,5,1.4,1.61,2.6,1,52,1303,0,0,0.0,0
user_01918,Alex Lowe,eatoncourtney@yahoo.com,2025-07-25,AU,free,3,9.7,1.36,1.0,1,3,91,0,0,0.0,0
user_01919,Bruce Young,bortiz@hotmail.com,2024-03-03,GB,free,3,8.7,5.63,2.0,2,10,600,1,0,0.0,0
user_01920,Roy Adams,randolpherin@hotmail.com,2024-02-04,IN,free,4,6.4,2.41,2.0,2,37,628,0,0,0.0,0
user_01921,Laura Williams,wtaylor@gmail.com,2023-06-04,AU,starter,2,7.5,2.48,4.0,1,109,873,0,0,0.0,0
user_01922,Melanie Williams,tarawatts@gmail.com,2022-02-03,US,free,4,7.7,4.99,2.0,1,8,1359,1,0,0.0,0
user_01923,Stephen Jackson,devon39@hotmail.com,2024-01-02,US,starter,2,7.3,2.2,0.0,3,68,661,1,0,20.0,0
user_01924,George Garrett,jacobstracy@gmail.com,2022-05-19,GB,free,3,16.4,4.36,4.0,1,40,1254,0,0,0.0,0
user_01925,Adrian Graham,schmidtbrett@hotmail.com,2023-12-08,GB,starter,4,6.5,1.15,3.0,3,123,686,0,0,0.0,0
user_01926,Thomas Pierce,egallagher@gmail.com,2023-05-09,US,free,4,8.7,1.73,3.0,1,2,899,0,0,0.0,0
user_01927,Heather Larson,wrightmichael@yahoo.com,2025-09-07,IN,free,4,6.4,6.73,4.0,2,15,47,0,0,0.0,0
user_01928,Robert Gray,william52@hotmail.com,2025-07-10,GB,free,2,11.1,2.44,1.0,0,19,106,0,0,0.0,0
user_01929,Keith Joseph,jamesholt@hotmail.com,2022-08-01,CA,starter,0,8.7,1.1,3.0,2,33,1180,0,0,0.0,0
user_01930,Amanda Parker,ofry@yahoo.com,2025-04-06,GB,free,3,6.9,1.06,2.0,1,31,201,0,0,0.0,0
user_01931,Christopher Cantu,gtucker@hotmail.com,2023-11-12,US,free,2,1.0,2.26,1.0,0,71,712,0,0,0.0,0
user_01932,Jeffrey Hopkins,ewade@gmail.com,2022-10-01,US,free,3,9.0,4.48,2.0,2,54,1119,0,0,0.0,0
user_01933,Scott Campbell,tknight@yahoo.com,2022-04-01,IN,free,1,6.8,0.14,3.0,1,1,1302,0,0,0.0,0
user_01934,Paul Cunningham,stephanie78@hotmail.com,2023-12-23,US,starter,3,7.8,1.55,1.0,2,19,671,1,0,20.0,0
user_01935,Andrew Carroll,brittanymoore@gmail.com,2025-01-23,AU,starter,3,3.3,3.5,3.0,2,15,274,1,0,20.0,0
user_01936,Amber Harris,johnsmith@hotmail.com,2023-11-25,IN,starter,2,13.7,2.87,4.0,1,175,699,0,1,0.0,1
user_01937,Kevin Reyes,matthewsjacqueline@gmail.com,2025-08-09,US,free,0,11.4,3.26,0.0,2,16,76,0,0,0.0,0
user_01938,Kayla Brown,wendy74@hotmail.com,2022-12-25,DE,starter,5,13.7,1.26,2.0,1,34,1034,0,0,0.0,0
user_01939,Diane Bradford,stonealicia@yahoo.com,2024-08-09,IN,free,4,12.6,2.64,2.0,2,10,441,0,0,0.0,0
user_01940,David Garcia,langjim@yahoo.com,2024-09-07,US,free,2,10.4,5.12,1.0,2,28,412,0,0,0.0,0
user_01941,Barbara Campbell PhD,davispatrick@gmail.com,2025-07-17,DE,free,2,3.4,1.68,3.0,1,6,99,0,0,0.0,0
user_01942,George Floyd,jdavis@hotmail.com,2023-01-09,FR,free,2,15.4,2.54,1.0,0,27,1019,0,0,0.0,0
user_01943,Mark Hawkins,thomas08@gmail.com,2022-10-04,CA,starter,2,4.3,3.45,1.0,1,60,1116,0,0,0.0,0
user_01944,Cindy Bush,laurahart@gmail.com,2022-05-10,US,starter,5,6.9,1.3,0.0,1,0,1263,1,0,20.0,0
user_01945,Tara Garza,ajones@yahoo.com,2024-07-26,GB,starter,6,10.8,0.75,1.0,1,21,455,0,0,0.0,0
user_01946,Miranda Hawkins,jeremycampbell@yahoo.com,2022-03-17,DE,free,3,11.0,1.55,1.0,4,121,1317,0,0,0.0,0
user_01947,Charles Bradshaw,woodsjaclyn@gmail.com,2023-08-24,US,free,3,10.3,3.59,2.0,3,5,792,0,0,0.0,0
user_01948,Amy Pham,jessica04@yahoo.com,2023-02-17,US,free,1,6.4,1.33,2.0,2,6,980,0,0,0.0,0
user_01949,Brandon Kemp,beckerleslie@yahoo.com,2022-03-31,FR,free,2,5.6,0.9,2.0,1,19,1303,0,0,0.0,0
user_01950,Jimmy Sparks,bmiller@hotmail.com,2023-02-13,US,free,4,18.1,4.03,2.0,3,61,984,0,1,0.0,1
user_01951,Shelby Lawson,josephjeffery@hotmail.com,2022-03-27,DE,free,3,7.8,1.07,1.0,2,24,1307,0,0,0.0,0
user_01952,Alexis Smith,bishopcheryl@gmail.com,2023-10-09,IN,free,2,7.4,9.32,1.0,0,21,746,1,0,0.0,0
user_01953,Justin Nelson,ygraves@yahoo.com,2023-09-28,IN,free,3,5.1,4.98,4.0,1,2,757,0,0,0.0,0
user_01954,Jesus Fletcher,cole24@yahoo.com,2024-11-21,US,starter,0,9.0,6.75,5.0,2,98,337,0,0,0.0,0
user_01955,Nicole Kennedy,aliciabrown@yahoo.com,2024-03-26,DE,pro,5,10.8,4.08,3.9000000000000004,0,12,577,0,0,0.0,0
user_01956,Carol Garcia,jasonalvarado@yahoo.com,2025-01-17,US,pro,4,9.9,1.93,3.9000000000000004,0,8,280,0,0,0.0,0
user_01957,Mary Smith,nealjennifer@hotmail.com,2024-08-27,IN,starter,3,9.5,5.23,0.0,2,15,423,1,0,20.0,0
user_01958,Jason Marshall,johnsonbrian@yahoo.com,2023-06-03,CA,free,4,15.1,0.82,1.0,0,16,874,0,0,0.0,0
user_01959,Jeffery Cameron,ryan20@gmail.com,2022-03-16,CA,starter,5,5.6,0.36,3.0,0,18,1318,1,0,20.0,0
user_01960,Keith Carson,mariahtaylor@hotmail.com,2025-08-17,AU,starter,1,8.2,3.27,1.0,1,34,68,0,0,0.0,0
user_01961,Jason Alvarez,hmcguire@yahoo.com,2023-01-27,IN,free,6,5.4,0.66,1.0,3,60,1001,0,0,0.0,0
user_01962,James Evans,millersteven@hotmail.com,2023-08-09,US,free,1,9.2,2.25,1.0,2,1,807,0,0,0.0,0
user_01963,Lori Hill,tkim@yahoo.com,2024-01-02,AU,starter,1,5.7,2.14,1.0,2,20,661,0,0,0.0,0
user_01964,Erin Warner,cartercharles@gmail.com,2022-04-08,GB,free,1,5.9,4.36,2.0,1,16,1295,0,0,0.0,0
user_01965,Kathryn Wilkinson,mike22@yahoo.com,2025-09-04,US,free,2,2.2,0.77,4.0,2,0,50,0,0,0.0,0
user_01966,Deborah Cruz,franciscaroline@gmail.com,2023-11-11,US,free,5,8.4,0.56,2.0,1,50,713,0,0,0.0,0
user_01967,Michael Ochoa,cindy35@hotmail.com,2023-07-14,FR,free,3,9.7,2.01,1.0,0,3,833,0,0,0.0,0
user_01968,Jean Black,stevengarrett@yahoo.com,2022-09-12,US,free,3,15.4,0.1,1.0,2,3,1138,0,0,0.0,0
user_01969,Joseph Bailey,terrivelasquez@gmail.com,2024-01-24,CA,free,5,9.9,3.09,3.0,0,1,639,0,0,0.0,0
user_01970,Nathan Rivera,jenningsdouglas@gmail.com,2024-06-13,IN,free,4,6.2,2.88,2.0,1,6,498,1,0,0.0,0
user_01971,Anne Taylor,pjohnson@yahoo.com,2024-03-30,US,free,2,2.6,2.92,2.0,3,5,573,1,0,0.0,0
user_01972,Dustin Martin,amy82@gmail.com,2024-06-19,GB,starter,1,3.1,1.97,4.0,1,12,492,1,0,20.0,0
user_01973,Donald Peterson,sandratate@yahoo.com,2024-03-02,US,free,2,2.8,7.99,2.0,2,32,601,1,0,0.0,0
user_01974,Anthony Jimenez,lindsey68@yahoo.com,2023-11-26,IN,free,4,15.5,3.34,2.0,0,1,698,0,0,0.0,0
user_01975,Bianca Moore,nicholasmaldonado@hotmail.com,2023-01-18,IN,free,2,9.2,4.03,2.0,5,59,1010,1,0,0.0,0
user_01976,Ryan Henry,uwong@hotmail.com,2024-10-13,IN,pro,6,7.7,2.16,1.3,3,11,376,0,0,0.0,0
user_01977,Melinda Wilson,yubilly@gmail.com,2024-10-15,CA,free,4,4.2,2.04,1.0,4,27,374,0,0,0.0,0
user_01978,Heather Anderson MD,houstonalexis@gmail.com,2024-01-23,DE,free,5,4.6,1.12,1.0,2,0,640,0,0,0.0,0
user_01979,Christopher Lamb,allenvanessa@gmail.com,2024-11-29,DE,pro,3,7.6,3.97,3.9000000000000004,1,13,329,0,0,0.0,0
user_01980,Gerald Long,zgray@hotmail.com,2023-07-01,US,starter,5,13.3,1.14,1.0,4,0,846,0,0,0.0,0
user_01981,Scott Wilson,williamthompson@gmail.com,2022-06-19,US,free,7,7.9,4.11,3.0,2,5,1223,0,0,0.0,0
user_01982,Todd Cohen,aryan@yahoo.com,2024-05-19,IN,starter,3,2.2,2.34,0.0,2,17,523,0,0,0.0,0
user_01983,Amber Smith,mitchelldavid@hotmail.com,2022-06-11,AU,free,3,17.2,0.04,1.0,1,22,1231,0,0,0.0,0
user_01984,Dr. Brandon Flores,joshua68@hotmail.com,2024-05-31,FR,free,2,3.4,1.04,2.0,1,4,511,0,0,0.0,0
user_01985,Christina Weaver,vicki70@gmail.com,2025-05-18,FR,free,5,5.6,6.31,1.0,1,41,159,1,0,0.0,0
user_01986,Ryan Freeman,amcdonald@hotmail.com,2023-01-05,US,free,2,13.2,6.62,3.0,1,6,1023,1,0,0.0,0
user_01987,Alison Wilson,mmorris@hotmail.com,2025-01-22,IN,starter,5,9.7,3.66,3.0,3,3,275,0,0,0.0,0
user_01988,Deborah Hancock,rachel49@yahoo.com,2023-08-25,IN,free,2,6.1,2.03,0.0,0,12,791,0,0,0.0,0
user_01989,Jennifer Wilcox,huntermichael@gmail.com,2023-10-20,US,free,1,3.1,5.74,1.0,1,24,735,0,0,0.0,0
user_01990,Stephanie Bass,crawfordmary@hotmail.com,2022-07-30,US,starter,3,4.1,2.16,2.0,3,135,1182,0,0,0.0,0
user_01991,Tina Miller,bwiggins@gmail.com,2022-06-13,AU,starter,3,4.4,5.53,2.0,0,16,1229,0,0,0.0,0
user_01992,Peter Green,scottalan@gmail.com,2023-11-03,US,free,2,8.0,2.63,2.0,1,16,721,0,0,0.0,0
user_01993,Patricia Duncan,ronald91@yahoo.com,2025-09-15,US,starter,5,8.8,1.87,2.0,0,1,39,0,0,0.0,0
user_01994,Jennifer Murphy,morrisonheidi@hotmail.com,2023-08-29,US,free,2,7.4,4.1,4.0,2,43,787,0,0,0.0,0
user_01995,Rachel Walker,rbooth@gmail.com,2023-09-20,AU,starter,8,7.8,0.92,3.0,1,6,765,0,1,0.0,0
user_01996,James Bryant,kimberlyyoung@gmail.com,2024-07-02,GB,starter,4,3.8,1.14,4.0,4,40,479,0,0,0.0,0
user_01997,Patricia Vazquez,aaroncook@yahoo.com,2025-05-19,CA,pro,9,11.2,0.92,5.2,2,72,158,0,0,0.0,0
user_01998,Katie Clay,brianmills@gmail.com,2024-05-22,AU,free,4,13.1,3.37,2.0,2,43,520,0,0,0.0,0
user_01999,Monique Swanson,amber67@gmail.com,2022-12-08,US,free,1,7.3,2.26,0.0,3,30,1051,0,0,0.0,0
user_02000,Christopher Lynch,millerjennifer@gmail.com,2024-06-28,GB,free,6,7.3,13.36,0.0,1,27,483,0,0,0.0,0
user_02001,Sarah Coleman,cjohnson@gmail.com,2023-12-21,US,free,5,8.3,3.46,3.0,2,18,673,1,0,0.0,0
user_02002,Thomas Davis,diana63@gmail.com,2024-07-04,US,free,8,12.5,1.82,1.0,1,4,477,0,0,0.0,0
user_02003,Crystal Jenkins,zaustin@hotmail.com,2022-03-28,FR,pro,5,6.4,3.2,3.9000000000000004,0,45,1306,1,0,82.73,0
user_02004,Mario Short,benjamin63@hotmail.com,2023-12-24,DE,free,2,13.8,2.87,2.0,3,19,670,0,0,0.0,0
user_02005,Jared Garcia,coxsarah@gmail.com,2025-06-13,US,free,5,9.7,1.45,1.0,2,29,133,1,0,0.0,0
user_02006,Megan Mcmahon,williammanning@gmail.com,2024-06-09,US,starter,4,8.1,0.15,3.0,4,14,502,0,0,0.0,0
user_02007,Shelby Chang,rross@hotmail.com,2023-07-17,IN,free,4,12.9,0.62,3.0,4,6,830,0,0,0.0,0
user_02008,Manuel Miller,wisejennifer@hotmail.com,2025-08-02,US,starter,5,3.3,1.62,4.0,2,49,83,0,0,0.0,0
user_02009,Ricky Ortega,alexandracastaneda@yahoo.com,2022-04-28,US,free,3,10.1,0.44,1.0,2,12,1275,0,0,0.0,0
user_02010,Charles Moran,ramirezsteven@hotmail.com,2022-06-03,US,free,3,9.7,2.39,3.0,2,60,1239,0,0,0.0,0
user_02011,Daniel Adams,joshuabrooks@hotmail.com,2025-07-29,US,free,6,4.3,4.93,2.0,4,101,87,0,0,0.0,0
user_02012,Aaron Pierce,jacobturner@hotmail.com,2024-04-11,DE,free,2,9.8,1.15,2.0,1,53,561,0,0,0.0,0
user_02013,Calvin Salazar,andrewwells@hotmail.com,2024-01-15,US,pro,6,11.1,2.49,2.6,0,4,648,0,0,0.0,0
user_02014,Amanda Wilcox,garyharper@gmail.com,2024-11-16,US,free,3,7.3,2.11,4.0,0,57,342,0,0,0.0,0
user_02015,Kenneth Clarke,brandon68@yahoo.com,2022-11-24,IN,free,2,11.5,1.85,2.0,0,21,1065,0,0,0.0,0
user_02016,Jonathan Macdonald,samantha17@gmail.com,2022-03-05,FR,free,1,5.7,2.41,2.0,1,8,1329,1,0,0.0,0
user_02017,Elizabeth Morse,qweaver@yahoo.com,2022-10-20,US,free,1,9.1,0.25,4.0,0,2,1100,1,0,0.0,0
user_02018,Erik Ayers,halljacob@yahoo.com,2025-05-29,US,pro,5,9.5,7.95,6.5,1,9,148,0,0,0.0,0
user_02019,Lori Wilson,michelemurillo@gmail.com,2024-06-16,US,free,2,5.5,1.98,1.0,0,4,495,0,0,0.0,0
user_02020,Kyle Kline,knightbrian@gmail.com,2022-03-13,CA,starter,1,10.0,1.04,1.0,2,0,1321,0,0,0.0,0
user_02021,Jennifer Peters,staffordrachel@yahoo.com,2022-09-16,GB,pro,3,9.2,4.49,1.3,1,132,1134,0,0,0.0,0
user_02022,Kristopher Johnson,wruiz@gmail.com,2022-05-18,DE,free,2,2.1,4.76,5.0,1,53,1255,0,0,0.0,0
user_02023,Philip Huff,smithlinda@yahoo.com,2023-04-29,AU,pro,11,2.8,1.32,2.6,0,40,909,0,0,0.0,0
user_02024,Allison Reyes,gholmes@hotmail.com,2025-08-14,DE,free,4,11.2,3.09,3.0,1,6,71,0,0,0.0,0
user_02025,Tammy Mccoy,matthew88@gmail.com,2024-01-21,GB,free,3,3.1,5.92,1.0,0,0,642,0,0,0.0,0
user_02026,Jessica Barnes,matthewevans@yahoo.com,2024-01-12,IN,free,4,9.1,5.95,3.0,0,19,651,0,0,0.0,0
user_02027,Jeremiah Beck,duane16@yahoo.com,2024-02-24,US,starter,4,8.2,4.18,3.0,1,40,608,0,0,0.0,0
user_02028,Trevor Yang,boltonjoshua@gmail.com,2025-03-07,AU,pro,4,8.5,2.21,10.4,3,98,231,0,0,0.0,0
user_02029,David Walker,cbright@gmail.com,2022-03-08,US,free,6,15.8,0.93,4.0,2,55,1326,0,0,0.0,0
user_02030,Austin Merritt,truiz@gmail.com,2025-05-24,US,starter,2,8.7,1.13,3.0,4,67,153,0,0,0.0,0
user_02031,Thomas Hays,danielhernandez@hotmail.com,2022-11-11,CA,free,1,11.0,5.86,3.0,1,8,1078,0,0,0.0,0
user_02032,Trevor Owens,tracy12@yahoo.com,2024-07-10,US,free,7,9.1,3.65,3.0,1,5,471,1,0,0.0,0
user_02033,Kimberly Estes,ghayes@gmail.com,2024-01-30,GB,free,3,7.1,4.28,3.0,4,8,633,1,0,0.0,0
user_02034,Amanda Torres,ncollins@hotmail.com,2024-02-01,GB,pro,6,9.9,3.41,3.9000000000000004,2,4,631,0,0,0.0,0
user_02035,Sarah Benson,bcain@hotmail.com,2024-06-28,IN,starter,5,13.8,0.29,5.0,0,48,483,0,0,0.0,0
user_02036,Tiffany Hale,vjohnson@gmail.com,2022-06-07,FR,free,2,12.4,3.06,0.0,2,70,1235,0,0,0.0,0
user_02037,Gina Hughes,joannsmith@yahoo.com,2025-03-21,US,free,2,15.8,1.04,2.0,0,11,217,0,0,0.0,0
user_02038,Debra Stephens,gabriela47@yahoo.com,2022-10-09,IN,free,1,8.9,5.03,1.0,2,62,1111,0,0,0.0,0
user_02039,Jennifer Acosta,amanda85@hotmail.com,2024-12-20,IN,free,3,4.5,1.14,2.0,0,1,308,1,0,0.0,0
user_02040,Gary Lyons,elizabeth12@gmail.com,2024-01-22,CA,free,2,6.2,2.79,4.0,0,33,641,0,0,0.0,0
user_02041,Jacob Bradshaw,allencheryl@hotmail.com,2024-03-26,DE,pro,11,5.2,5.61,2.6,2,22,577,1,0,89.9,0
user_02042,James Williams,ramoscindy@yahoo.com,2023-10-06,US,free,0,11.1,13.58,2.0,0,9,749,0,0,0.0,0
user_02043,Jack Myers,jerry81@yahoo.com,2025-08-23,GB,free,5,5.7,2.21,2.0,3,43,62,0,0,0.0,0
user_02044,Roger Bell,charleswilliamson@hotmail.com,2023-07-25,US,free,1,1.0,2.29,3.0,2,7,822,0,0,0.0,0
user_02045,Dan Anderson,zwilliams@hotmail.com,2023-05-27,AU,pro,7,19.9,7.59,2.6,1,16,881,0,0,0.0,0
user_02046,Caitlin Martin,brittany12@gmail.com,2022-08-21,US,starter,2,5.7,2.0,3.0,2,37,1160,0,0,0.0,0
user_02047,Colin Wilson,jonesjessica@yahoo.com,2022-02-23,CA,free,4,5.7,1.67,3.0,2,12,1339,0,0,0.0,0
user_02048,Steve Reed,susancarpenter@hotmail.com,2023-01-17,US,starter,4,14.7,1.32,1.0,3,58,1011,0,0,0.0,0
user_02049,Jonathan Rice,ocalderon@hotmail.com,2024-10-19,US,free,3,3.2,2.52,0.0,1,60,370,1,0,0.0,0
user_02050,Candice Barr,jwells@hotmail.com,2024-11-26,IN,free,2,12.5,1.51,0.0,3,6,332,1,0,0.0,0
user_02051,Deborah Wood,kfreeman@yahoo.com,2024-03-03,FR,free,1,5.7,6.17,1.0,3,17,600,0,0,0.0,0
user_02052,Teresa Bishop,thomas91@yahoo.com,2025-02-24,IN,free,2,2.7,4.16,2.0,0,16,242,0,0,0.0,0
user_02053,Robert Lopez,randydelgado@hotmail.com,2022-08-30,AU,free,1,14.8,2.68,1.0,3,15,1151,1,0,0.0,0
user_02054,Renee Wood,dianelara@hotmail.com,2023-06-21,IN,pro,5,13.7,3.73,2.6,3,20,856,1,0,85.5,0
user_02055,Rachel Duncan,kimberlybrown@hotmail.com,2023-06-18,IN,starter,1,11.7,1.25,1.0,4,2,859,0,0,0.0,0
user_02056,Regina Ryan,markwhite@yahoo.com,2024-07-02,US,starter,1,9.5,2.26,0.0,2,61,479,1,0,20.0,0
user_02057,Christopher Weber,jareddickson@hotmail.com,2023-03-16,DE,free,3,10.4,2.08,2.0,2,10,953,0,0,0.0,0
user_02058,Jeffrey Ward,qschwartz@yahoo.com,2025-06-07,US,free,1,3.1,8.17,1.0,1,0,139,1,0,0.0,0
user_02059,Edward Cohen,smithdana@hotmail.com,2023-08-08,FR,starter,3,8.4,1.98,2.0,3,34,808,0,0,0.0,0
user_02060,Karen Sparks,kimstein@hotmail.com,2024-10-02,AU,free,2,4.3,3.45,1.0,2,31,387,1,0,0.0,0
user_02061,Briana Torres,davidshaw@hotmail.com,2023-02-14,AU,free,3,2.4,3.6,1.0,1,122,983,0,0,0.0,0
user_02062,William Wilson,djohnson@yahoo.com,2022-09-09,IN,free,2,9.6,1.01,1.0,2,38,1141,0,0,0.0,0
user_02063,Raymond Martin,rossadam@hotmail.com,2022-10-05,CA,starter,4,12.6,1.95,4.0,2,12,1115,0,0,0.0,0
user_02064,Tiffany Freeman,lopezamanda@hotmail.com,2022-06-01,DE,free,1,6.5,4.09,3.0,2,91,1241,0,0,0.0,0
user_02065,Anthony Kim,eric42@yahoo.com,2024-07-14,US,free,3,7.2,0.9,0.0,3,13,467,0,0,0.0,0
user_02066,Jerry Sanchez,tbaldwin@yahoo.com,2022-12-20,GB,starter,3,3.4,9.5,1.0,3,51,1039,0,0,0.0,0
user_02067,Katherine Martinez,htrujillo@yahoo.com,2024-06-30,US,free,4,8.0,2.64,3.0,1,12,481,0,0,0.0,0
user_02068,Albert Lamb,andrea88@gmail.com,2022-06-29,IN,free,4,11.0,1.49,2.0,4,1,1213,0,0,0.0,0
user_02069,Keith Zhang,rwhite@yahoo.com,2023-10-17,US,free,4,11.2,0.73,2.0,2,39,738,0,0,0.0,0
user_02070,Thomas Velez,elizabeth72@yahoo.com,2025-09-29,US,free,3,10.2,6.98,4.0,1,12,25,0,0,0.0,0
user_02071,Noah Braun,johngrimes@hotmail.com,2023-12-13,US,starter,4,5.5,2.05,0.0,0,12,681,0,0,0.0,0
user_02072,Monica Reyes,wmitchell@gmail.com,2022-05-13,IN,free,5,5.4,3.4,3.0,4,37,1260,0,1,0.0,1
user_02073,David Vazquez,john90@hotmail.com,2025-01-31,GB,free,3,11.2,0.85,1.0,2,11,266,0,0,0.0,0
user_02074,Allison Olson,clarkisaac@yahoo.com,2025-01-15,US,pro,6,13.2,1.97,2.6,1,3,282,0,0,0.0,0
user_02075,Crystal Craig,jschaefer@yahoo.com,2023-08-18,IN,pro,5,9.3,7.27,9.1,2,15,798,0,0,0.0,0
user_02076,Aaron Ingram,rhondastephens@hotmail.com,2023-09-07,US,pro,6,8.3,10.27,2.6,2,52,778,1,0,84.39,0
user_02077,Kyle Thompson,kelly72@hotmail.com,2022-11-19,GB,free,4,12.7,1.1,3.0,4,4,1070,1,0,0.0,0
user_02078,Steven Camacho,anthonymata@yahoo.com,2025-07-30,GB,free,2,6.6,3.33,3.0,1,24,86,0,0,0.0,0
user_02079,Leon Hutchinson,ybell@hotmail.com,2022-12-23,GB,pro,10,13.0,4.94,1.3,2,4,1036,1,0,107.88,0
user_02080,Deborah Brooks,vmartin@yahoo.com,2024-01-11,CA,starter,4,7.5,4.85,4.0,3,1,652,0,0,0.0,0
user_02081,Terry Rogers,markharrington@yahoo.com,2024-11-07,US,free,2,3.8,3.54,2.0,1,14,351,0,0,0.0,0
user_02082,Jaime Estrada,stevenssteven@gmail.com,2023-04-05,DE,free,2,14.4,4.0,1.0,0,32,933,0,0,0.0,0
user_02083,Denise Smith,ashley28@gmail.com,2022-09-06,IN,free,1,8.5,0.28,4.0,2,9,1144,0,0,0.0,0
user_02084,Andrew Anderson,matthewwolfe@yahoo.com,2023-02-16,IN,pro,5,7.2,4.82,5.2,4,17,981,1,0,93.14,0
user_02085,Caitlyn Noble,james79@hotmail.com,2022-10-12,GB,free,3,2.4,0.71,1.0,0,20,1108,0,0,0.0,0
user_02086,Timothy Combs MD,steven77@gmail.com,2023-04-30,US,free,6,2.8,3.01,2.0,3,55,908,1,0,0.0,0
user_02087,Marcia Peterson,peterbarron@hotmail.com,2024-10-08,CA,free,5,6.5,5.34,1.0,1,51,381,0,0,0.0,0
user_02088,Samantha Martinez,zacharyharris@gmail.com,2022-02-23,GB,starter,3,15.7,2.84,0.0,1,0,1339,1,0,20.0,0
user_02089,Danielle Moore,hernandezamanda@gmail.com,2024-01-10,US,starter,2,5.7,4.07,1.0,0,16,653,1,0,20.0,0
user_02090,Stephanie Adkins,jreed@hotmail.com,2025-02-08,US,free,4,13.8,4.7,1.0,1,32,258,0,0,0.0,0
user_02091,Christopher Brown,alyssarodriguez@hotmail.com,2025-03-18,US,starter,2,7.5,4.39,2.0,1,57,220,0,0,0.0,0
user_02092,Andrew Gonzales,carmen62@gmail.com,2024-01-26,AU,pro,6,5.3,4.5,3.9000000000000004,0,1,637,0,0,0.0,0
user_02093,Mark Franco,xlewis@yahoo.com,2024-08-15,CA,free,4,6.1,3.19,3.0,0,29,435,0,0,0.0,0
user_02094,Andrea Burke,greendylan@gmail.com,2025-02-03,US,free,1,2.9,5.2,0.0,2,55,263,0,0,0.0,0
user_02095,Paige Gordon,ledwards@yahoo.com,2022-09-23,US,free,9,4.6,10.61,1.0,2,8,1127,0,0,0.0,0
user_02096,Todd Holmes,wdavis@yahoo.com,2025-06-07,GB,starter,4,4.5,1.22,1.0,3,6,139,0,0,0.0,0
user_02097,Briana Robinson,christopher52@gmail.com,2022-06-26,FR,free,3,1.0,1.65,3.0,0,18,1216,0,0,0.0,0
user_02098,Andrew Meyer,matthewcoleman@gmail.com,2022-05-15,US,starter,3,14.1,4.44,2.0,0,98,1258,0,0,0.0,0
user_02099,Stephanie Frazier,kirklisa@gmail.com,2023-09-26,US,starter,2,8.8,8.41,0.0,2,35,759,1,0,20.0,0
user_02100,Debra Robinson,eric52@yahoo.com,2024-03-26,FR,free,2,5.3,0.58,0.0,1,16,577,0,0,0.0,0
user_02101,John Diaz,rcollins@gmail.com,2024-09-07,US,pro,7,10.9,1.07,2.6,3,0,412,1,0,91.41,0
user_02102,Janice Austin,cibarra@hotmail.com,2024-12-12,US,free,2,4.7,2.56,2.0,1,24,316,0,0,0.0,0
user_02103,Amber Lawrence,iflores@yahoo.com,2024-04-21,AU,free,2,1.0,4.64,1.0,3,12,551,0,0,0.0,0
user_02104,Regina Esparza,dana29@hotmail.com,2024-04-18,GB,starter,2,19.8,2.58,2.0,0,6,554,0,0,0.0,0
user_02105,Julie Wilson,angela90@gmail.com,2025-03-23,US,starter,3,8.8,2.84,1.0,1,20,215,0,0,0.0,0
user_02106,Jessica Martinez,abutler@yahoo.com,2022-06-01,US,free,2,5.6,1.12,0.0,1,12,1241,0,0,0.0,0
user_02107,Brittany Sullivan,cindy21@gmail.com,2022-09-14,US,pro,6,2.3,3.62,1.3,1,1,1136,0,0,0.0,0
user_02108,Christina Evans,kimberlymiller@gmail.com,2023-10-12,US,pro,6,4.0,2.21,1.3,2,38,743,0,0,0.0,0
user_02109,James Townsend,kelly70@hotmail.com,2025-08-08,FR,free,3,14.6,3.11,1.0,0,39,77,0,0,0.0,0
user_02110,Rodney Young,angela07@gmail.com,2022-06-01,IN,pro,6,16.0,3.09,3.9000000000000004,3,28,1241,1,0,90.27,0
user_02111,Jessica Patel,karenblair@yahoo.com,2024-07-10,CA,free,4,11.0,1.21,5.0,0,55,471,1,0,0.0,0
user_02112,Todd Joseph,gary75@yahoo.com,2024-08-12,AU,free,6,3.5,7.09,0.0,3,6,438,1,0,0.0,0
user_02113,Cynthia Clark,anthony27@yahoo.com,2024-11-25,IN,free,2,14.0,4.06,0.0,0,10,333,0,0,0.0,0
user_02114,Adam Hall,tiffanysolomon@gmail.com,2023-12-07,US,pro,6,11.8,4.72,2.6,2,18,687,0,0,0.0,0
user_02115,Chris Stanley,richardperry@yahoo.com,2022-09-20,IN,starter,5,10.6,1.31,2.0,1,1,1130,0,0,0.0,0
user_02116,Gina Brooks,monica28@gmail.com,2025-02-03,AU,free,1,9.8,4.03,3.0,0,64,263,0,1,0.0,1
user_02117,Travis Ross,erica49@gmail.com,2025-08-03,DE,free,4,2.0,1.02,1.0,2,20,82,0,0,0.0,0
user_02118,Tony Patterson,kmartin@gmail.com,2025-04-18,US,starter,3,3.2,1.26,4.0,3,11,189,1,0,20.0,0
user_02119,Frederick Singleton,jacksonanne@hotmail.com,2023-01-08,CA,free,6,6.0,2.4,2.0,2,19,1020,0,0,0.0,0
user_02120,Tammy Scott,danielle29@gmail.com,2022-09-22,GB,pro,6,12.6,4.09,0.0,2,11,1128,0,0,0.0,0
user_02121,Morgan Miles,phillipmorrison@hotmail.com,2024-06-05,AU,starter,1,2.5,1.68,4.0,5,10,506,1,0,20.0,0
user_02122,Micheal Cooper,scollins@yahoo.com,2024-10-26,US,free,4,7.3,0.57,3.0,1,17,363,1,0,0.0,0
user_02123,Kelly Murphy,amberhoward@hotmail.com,2022-04-24,IN,pro,6,9.3,2.89,3.9000000000000004,1,19,1279,0,0,0.0,0
user_02124,James Wiggins,jeffreyward@hotmail.com,2022-09-12,FR,free,2,11.2,6.54,0.0,5,17,1138,0,0,0.0,0
user_02125,Marcus Miller,johnhudson@gmail.com,2024-11-27,IN,pro,7,12.7,0.56,5.2,5,23,331,0,0,0.0,0
user_02126,Amanda Myers,sabrina87@gmail.com,2022-11-10,IN,starter,6,4.0,3.6,5.0,2,45,1079,0,0,0.0,0
user_02127,Dawn Wilson,lauren93@gmail.com,2023-09-15,US,starter,3,13.8,2.11,2.0,1,1,770,0,0,0.0,0
user_02128,Shannon Duncan,bryantstephanie@gmail.com,2022-12-04,US,free,6,3.3,0.74,1.0,1,50,1055,0,0,0.0,0
user_02129,Sara Morgan,kwheeler@hotmail.com,2022-11-28,US,pro,8,14.4,8.91,3.9000000000000004,2,7,1061,1,0,90.11,0
user_02130,Elizabeth Medina,christinebarron@gmail.com,2023-10-23,AU,free,2,5.8,1.41,3.0,2,8,732,0,0,0.0,0
user_02131,Natasha Morris,christopherdunn@hotmail.com,2023-04-07,US,free,4,8.7,7.44,4.0,0,27,931,0,0,0.0,0
user_02132,Kristina Rivas,escobarjennifer@hotmail.com,2023-12-10,IN,free,1,8.9,2.85,2.0,2,111,684,0,0,0.0,0
user_02133,Alexandra Lyons,sellerstimothy@gmail.com,2024-11-28,CA,free,4,8.8,3.11,2.0,0,0,330,0,0,0.0,0
user_02134,Sierra Chambers,john42@yahoo.com,2023-08-05,US,free,1,10.7,2.02,2.0,3,33,811,0,0,0.0,0
user_02135,Jon Rivera,sarahallen@yahoo.com,2022-06-11,IN,starter,2,9.6,5.06,0.0,2,35,1231,0,0,0.0,0
user_02136,Sharon Bird,kmiles@yahoo.com,2023-05-29,CA,pro,8,13.1,3.3,3.9000000000000004,5,25,879,1,0,86.38,0
user_02137,Patricia Vasquez,brandoncooper@gmail.com,2023-02-07,FR,free,1,9.9,5.27,5.0,2,0,990,1,0,0.0,0
user_02138,Ryan Nguyen,dominique17@hotmail.com,2025-07-24,GB,starter,4,2.9,3.16,2.0,2,27,92,0,0,0.0,0
user_02139,Anthony Campbell,francesjones@gmail.com,2025-02-02,CA,free,1,9.1,1.97,4.0,0,3,264,0,0,0.0,0
user_02140,Charles Bryan,jameslarry@yahoo.com,2023-07-17,US,pro,6,7.7,0.68,1.3,2,2,830,0,0,0.0,0
user_02141,Micheal Richards,rachelwilliams@hotmail.com,2022-09-14,AU,starter,2,3.6,6.27,1.0,1,35,1136,1,0,20.0,0
user_02142,Brad Wilson,thompsonveronica@hotmail.com,2025-07-04,US,free,4,6.8,2.75,2.0,3,36,112,1,0,0.0,0
user_02143,Scott Rogers,ewheeler@gmail.com,2023-09-13,DE,starter,3,8.7,1.51,4.0,1,66,772,0,0,0.0,0
user_02144,Billy Lopez,gwelch@hotmail.com,2025-06-12,US,free,5,9.0,4.13,1.0,3,0,134,0,0,0.0,0
user_02145,Sarah Alexander,lgarcia@hotmail.com,2024-12-28,AU,free,6,12.2,3.15,4.0,1,14,300,0,0,0.0,0
user_02146,Dr. Martin Williams Jr.,pwatson@yahoo.com,2022-07-11,CA,starter,4,13.2,3.16,3.0,1,0,1201,0,0,0.0,0
user_02147,Thomas Reed,toddhowell@hotmail.com,2024-10-26,DE,free,5,9.3,12.47,0.0,1,13,363,0,0,0.0,0
user_02148,Shannon Hernandez,johnvasquez@gmail.com,2025-08-05,US,free,7,10.1,1.28,2.0,2,20,80,0,0,0.0,0
user_02149,Adam Lynch,johnnytorres@hotmail.com,2022-12-12,IN,free,2,8.4,4.26,1.0,1,22,1047,1,0,0.0,0
user_02150,Felicia Turner,gabrielle80@yahoo.com,2025-04-27,GB,starter,4,11.1,6.19,4.0,1,13,180,0,0,0.0,0
user_02151,Barbara James,anthony65@yahoo.com,2025-04-04,DE,free,6,9.9,2.06,1.0,0,38,203,1,0,0.0,0
user_02152,Dennis Castro,thomasfreeman@yahoo.com,2022-11-12,US,free,3,7.8,1.23,2.0,1,16,1077,1,0,0.0,0
user_02153,Deanna Ramirez,samuel37@gmail.com,2022-12-17,AU,starter,7,16.6,2.03,2.0,1,21,1042,1,0,20.0,0
user_02154,Paul Christensen,fowlerdaniel@gmail.com,2025-09-11,FR,starter,6,5.8,3.11,3.0,3,48,43,0,0,0.0,0
user_02155,Jo Stewart,tylerwhite@yahoo.com,2025-07-02,US,free,3,13.8,5.54,5.0,2,5,114,0,0,0.0,0
user_02156,Amy Shields,sonya16@gmail.com,2025-05-24,DE,free,1,2.6,1.36,3.0,0,11,153,0,0,0.0,0
user_02157,Carol Whitaker,laurenharmon@yahoo.com,2023-11-23,IN,free,2,11.3,2.04,1.0,0,22,701,1,0,0.0,0
user_02158,Jason Bruce,ltravis@yahoo.com,2025-02-28,IN,free,4,13.7,4.23,3.0,0,43,238,0,0,0.0,0
user_02159,Katelyn Mclaughlin,cwalker@yahoo.com,2022-03-26,US,free,4,1.0,4.77,1.0,2,16,1308,0,0,0.0,0
user_02160,Cindy Wise,gomezgina@hotmail.com,2022-02-28,GB,starter,5,8.6,5.11,1.0,3,2,1334,0,0,0.0,0
user_02161,Eric Yoder,iberry@hotmail.com,2022-06-16,CA,starter,4,10.9,0.63,3.0,3,134,1226,0,0,0.0,0
user_02162,Robert Simmons,stephaniehall@hotmail.com,2022-04-04,IN,starter,4,9.0,9.35,1.0,3,36,1299,1,0,20.0,0
user_02163,Julia Moon,billy28@hotmail.com,2025-08-06,GB,free,2,9.5,1.7,3.0,1,38,79,0,1,0.0,1
user_02164,Kristina Thomas,tolsen@gmail.com,2025-03-27,CA,starter,6,8.5,9.16,0.0,5,18,211,0,1,0.0,0
user_02165,Laura Gonzalez,sheltonerin@yahoo.com,2023-06-27,CA,free,1,3.6,10.23,1.0,0,23,850,0,0,0.0,0
user_02166,Christopher Mullins,loweryashley@yahoo.com,2025-08-26,US,pro,4,19.5,0.76,3.9000000000000004,3,153,59,1,1,82.11,1
user_02167,Anthony White,olopez@gmail.com,2023-03-08,FR,starter,7,6.0,4.14,0.0,0,27,961,1,0,20.0,0
user_02168,Deanna Li,rickdixon@hotmail.com,2025-03-17,IN,free,3,9.7,1.88,5.0,1,7,221,0,0,0.0,0
user_02169,William Hernandez,arnolddavid@yahoo.com,2024-05-03,US,starter,3,5.4,2.57,1.0,2,100,539,0,0,0.0,0
user_02170,Laura Simpson,rogerssuzanne@hotmail.com,2025-06-19,US,free,1,1.0,4.78,4.0,0,23,127,0,0,0.0,0
user_02171,Nathan Hunter,camachojohnny@gmail.com,2025-08-01,IN,starter,2,4.3,0.99,0.0,2,0,84,0,0,0.0,0
user_02172,Susan Hampton,kathy32@gmail.com,2022-03-04,FR,free,1,2.2,1.8,1.0,1,25,1330,1,0,0.0,0
user_02173,James Horton,garystewart@hotmail.com,2024-10-16,US,free,1,12.4,4.02,1.0,2,2,373,0,0,0.0,0
user_02174,Stephen Jones,dana30@gmail.com,2025-07-08,CA,pro,5,7.6,4.93,0.0,3,22,108,1,0,96.83,0
user_02175,Joseph Nelson,davidgordon@gmail.com,2025-01-22,US,free,3,5.9,4.75,5.0,0,52,275,0,0,0.0,0
user_02176,Pamela Clark,taylormike@gmail.com,2023-08-17,IN,starter,2,3.7,1.74,3.0,0,23,799,0,0,0.0,0
user_02177,Zachary Herrera,vdavila@gmail.com,2025-08-07,AU,free,7,8.4,0.93,3.0,2,14,78,1,0,0.0,0
user_02178,Taylor Obrien DVM,crystalcohen@hotmail.com,2023-09-11,DE,starter,4,5.1,10.03,3.0,2,64,774,0,0,0.0,0
user_02179,Sarah Pierce,john87@hotmail.com,2024-09-16,US,starter,4,12.0,1.28,1.0,2,78,403,0,1,0.0,1
user_02180,Ronnie Cline,patelpaula@gmail.com,2023-05-17,IN,free,3,9.2,1.08,1.0,4,12,891,0,0,0.0,0
user_02181,Tracy Robinson,cobbdouglas@gmail.com,2024-04-11,US,free,4,5.7,1.38,4.0,1,20,561,0,0,0.0,0
user_02182,Kelly Castro,ericaavila@hotmail.com,2023-09-02,IN,free,4,11.4,2.91,2.0,0,122,783,1,0,0.0,0
user_02183,Andrea Collier,cynthiaeverett@yahoo.com,2024-07-17,DE,free,7,8.0,3.08,1.0,2,5,464,1,0,0.0,0
user_02184,Alex Moore,vjones@yahoo.com,2022-05-30,DE,free,4,8.1,0.65,2.0,2,10,1243,0,0,0.0,0
user_02185,Lindsay King,wromero@gmail.com,2022-05-03,US,starter,4,2.1,1.17,1.0,2,16,1270,1,0,20.0,0
user_02186,Kaitlyn Zhang,johnayala@hotmail.com,2022-11-20,AU,pro,4,9.7,7.75,2.6,3,3,1069,0,0,0.0,0
user_02187,Jeffrey Sims,pjennings@yahoo.com,2024-06-19,GB,pro,4,11.3,2.91,2.6,2,9,492,1,0,97.89,0
user_02188,Leah Pruitt,kathycastro@gmail.com,2024-05-01,US,starter,1,13.3,3.2,1.0,2,23,541,0,0,0.0,0
user_02189,Christopher Greene,richard30@hotmail.com,2024-09-18,IN,starter,5,5.0,1.23,2.0,0,7,401,0,0,0.0,0
user_02190,Joel Long,christinacastillo@hotmail.com,2024-08-09,GB,starter,6,17.1,3.75,1.0,1,34,441,1,0,20.0,0
user_02191,James Mcguire,meghanestrada@hotmail.com,2023-02-22,GB,free,3,10.2,1.18,2.0,1,12,975,0,0,0.0,0
user_02192,Nancy Thomas,phillipsbenjamin@yahoo.com,2023-11-28,IN,pro,9,3.9,1.28,6.5,2,2,696,1,0,87.05,0
user_02193,Raven Zuniga,danielwalter@yahoo.com,2025-05-27,IN,starter,7,4.6,0.33,1.0,3,43,150,0,0,0.0,0
user_02194,Jason Perkins,sharonmurphy@gmail.com,2022-10-22,US,free,2,13.7,2.48,1.0,0,25,1098,0,0,0.0,0
user_02195,Vicki Collins,ashley43@hotmail.com,2023-10-03,DE,free,3,13.0,3.88,3.0,0,52,752,0,0,0.0,0
user_02196,Kelsey Dixon,bbarr@hotmail.com,2023-10-16,IN,free,3,8.1,3.95,4.0,0,13,739,0,0,0.0,0
user_02197,Karen Rodriguez,justin34@yahoo.com,2023-12-09,US,free,2,8.6,2.83,2.0,2,0,685,0,0,0.0,0
user_02198,David Day,aatkinson@gmail.com,2024-03-27,DE,pro,5,5.3,7.65,1.3,2,1,576,1,0,84.59,0
user_02199,Kimberly Lowe,randall52@gmail.com,2022-09-25,AU,free,1,13.3,0.72,3.0,2,47,1125,0,0,0.0,0
user_02200,Matthew Edwards,mlane@yahoo.com,2024-01-29,AU,free,2,4.0,0.77,0.0,0,15,634,0,0,0.0,0
user_02201,Hailey Coleman,dlong@hotmail.com,2024-11-20,US,pro,7,13.4,1.62,3.9000000000000004,2,112,338,1,0,99.61,0
user_02202,Terry Phillips,gutierrezedwin@gmail.com,2025-02-24,US,free,1,13.4,1.82,4.0,2,53,242,0,0,0.0,0
user_02203,Robin Cline,jasonpacheco@gmail.com,2022-08-06,IN,free,5,8.2,2.41,1.0,2,0,1175,0,0,0.0,0
user_02204,Mrs. Kristy Hogan,ashaffer@gmail.com,2023-10-16,US,free,3,11.9,5.43,3.0,1,61,739,0,0,0.0,0
user_02205,Patricia Goodman,terrance86@hotmail.com,2023-05-11,AU,starter,3,15.4,1.95,4.0,0,7,897,0,0,0.0,0
user_02206,Chris Huffman,lcharles@gmail.com,2024-08-13,US,pro,6,11.1,6.2,3.9000000000000004,3,19,437,0,0,0.0,0
user_02207,Misty Butler,davidsosa@yahoo.com,2022-09-08,US,free,4,7.3,3.61,2.0,1,21,1142,0,0,0.0,0
user_02208,Deborah Horton,susanheath@gmail.com,2023-07-02,IN,pro,3,9.7,8.12,2.6,4,1,845,0,1,0.0,0
user_02209,Michael Taylor,tknight@gmail.com,2024-07-09,US,free,4,5.0,3.42,0.0,1,4,472,1,0,0.0,0
user_02210,Brian Maddox,melissa80@hotmail.com,2023-05-23,DE,pro,9,6.9,8.49,2.6,1,16,885,1,0,92.64,0
user_02211,Karen Johnson,burkejohn@yahoo.com,2022-10-16,IN,starter,4,9.8,0.34,2.0,1,30,1104,0,0,0.0,0
user_02212,Kristina Willis,erikbaker@gmail.com,2022-07-18,US,starter,1,7.3,1.99,2.0,2,9,1194,0,0,0.0,0
user_02213,Scott Johnson,michaelbeard@hotmail.com,2022-04-14,US,free,3,9.3,0.48,3.0,2,22,1289,0,0,0.0,0
user_02214,Cassandra Jones,matthewali@hotmail.com,2023-08-18,IN,pro,3,4.0,1.62,2.6,3,14,798,0,0,0.0,0
user_02215,Chase Baker,carolynlyons@hotmail.com,2024-02-26,US,starter,5,7.6,1.01,5.0,1,29,606,0,1,0.0,0
user_02216,Stacy Jones,christian26@gmail.com,2025-06-14,GB,free,3,12.1,5.64,5.0,0,16,132,1,0,0.0,0
user_02217,Alexis Clark,veronicabyrd@hotmail.com,2024-05-06,GB,starter,2,3.5,2.09,1.0,1,57,536,0,0,0.0,0
user_02218,Karen Hall,sjensen@gmail.com,2023-05-24,CA,free,4,8.1,9.32,3.0,3,123,884,0,0,0.0,0
user_02219,Omar Obrien,john51@hotmail.com,2022-11-24,AU,pro,7,2.6,2.92,1.3,1,73,1065,0,1,0.0,1
user_02220,Christopher Walker,zmitchell@hotmail.com,2023-11-02,AU,free,6,2.8,0.45,2.0,1,5,722,1,0,0.0,0
user_02221,Roger Morgan,booneelizabeth@gmail.com,2025-03-29,AU,starter,3,11.2,1.82,3.0,2,18,209,0,0,0.0,0
user_02222,William Meyer,greenenicholas@hotmail.com,2023-10-03,US,free,2,6.8,3.46,1.0,2,18,752,0,0,0.0,0
user_02223,Jamie Friedman,sgaines@hotmail.com,2023-01-24,US,free,0,15.3,3.01,2.0,3,55,1004,1,0,0.0,0
user_02224,Gerald Valdez,yarnold@gmail.com,2022-11-23,US,free,3,9.7,2.49,0.0,0,13,1066,0,0,0.0,0
user_02225,John Hogan,sstewart@yahoo.com,2024-10-17,FR,free,3,10.1,3.18,2.0,0,23,372,0,0,0.0,0
user_02226,Shannon Martin,jonesdeborah@hotmail.com,2024-11-20,AU,free,4,3.7,4.73,2.0,1,28,338,0,0,0.0,0
user_02227,Cheryl Stephens,hensonjohn@hotmail.com,2024-08-14,FR,free,3,6.5,0.17,1.0,1,3,436,1,0,0.0,0
user_02228,William Vaughn,brenda41@yahoo.com,2024-10-18,US,free,4,5.1,2.73,1.0,1,24,371,1,0,0.0,0
user_02229,Kelsey Gomez,hessmarcus@gmail.com,2023-09-24,AU,free,1,3.7,1.0,3.0,1,8,761,0,0,0.0,0
user_02230,Alan Mccullough,james64@yahoo.com,2024-10-15,IN,free,0,10.7,3.82,1.0,3,6,374,0,0,0.0,0
user_02231,Deanna Franco,qgarcia@yahoo.com,2022-02-17,US,starter,3,11.5,1.14,3.0,3,8,1345,0,0,0.0,0
user_02232,Yolanda Thompson,dennis78@gmail.com,2022-07-04,IN,free,2,9.6,1.16,2.0,2,3,1208,0,0,0.0,0
user_02233,Edgar Turner,stephen66@gmail.com,2024-03-16,US,pro,6,6.7,1.05,2.6,3,2,587,0,0,0.0,0
user_02234,Terry Parsons,collinswilliam@hotmail.com,2024-11-01,IN,pro,5,11.3,3.87,1.3,0,31,357,0,0,0.0,0
user_02235,Adam Wright,khananthony@gmail.com,2024-07-25,US,starter,3,1.0,0.44,2.0,1,84,456,0,0,0.0,0
user_02236,Carmen Higgins,caldwelljohn@yahoo.com,2023-05-09,IN,free,3,13.3,0.69,0.0,2,34,899,0,0,0.0,0
user_02237,Michele Perez,miranda55@hotmail.com,2023-03-17,GB,pro,3,4.8,3.93,1.3,2,11,952,0,0,0.0,0
user_02238,Devin Montes,bradleyerica@hotmail.com,2025-04-09,FR,free,1,3.5,2.01,0.0,2,12,198,0,0,0.0,0
user_02239,Evelyn Tucker,abigail54@yahoo.com,2023-12-24,CA,free,2,8.5,1.99,0.0,2,23,670,0,0,0.0,0
user_02240,Matthew White,qcox@hotmail.com,2022-04-10,IN,free,4,8.8,0.31,1.0,3,60,1293,1,0,0.0,0
user_02241,Desiree Mcclure,jacob49@gmail.com,2022-04-14,DE,starter,3,7.7,2.63,2.0,2,6,1289,0,0,0.0,0
user_02242,Jeffrey Middleton,burkecourtney@gmail.com,2023-07-31,AU,free,0,3.6,2.8,0.0,1,18,816,0,0,0.0,0
user_02243,Michelle Peters,sarah31@yahoo.com,2024-10-10,US,free,5,12.5,5.04,3.0,0,20,379,0,0,0.0,0
user_02244,Cindy Roach,lisa72@yahoo.com,2025-05-08,IN,pro,6,3.3,5.35,2.6,2,80,169,0,1,0.0,1
user_02245,Suzanne Townsend,henrywilliam@yahoo.com,2025-09-01,US,pro,5,4.1,1.45,3.9000000000000004,3,23,53,0,0,0.0,0
user_02246,Anthony Davis,nenglish@gmail.com,2024-08-21,US,free,2,7.6,0.95,0.0,1,45,429,0,0,0.0,0
user_02247,John Kirk,stephanielee@yahoo.com,2023-08-09,CA,free,2,2.9,5.32,2.0,0,2,807,0,0,0.0,0
user_02248,Allison Guerra,hphillips@gmail.com,2025-01-04,FR,starter,1,12.9,4.75,1.0,6,11,293,0,0,0.0,0
user_02249,Christopher Webb,chenpatrick@gmail.com,2022-01-17,US,free,0,3.3,2.23,3.0,1,28,1376,0,1,0.0,0
user_02250,Linda Miller,kara70@yahoo.com,2022-08-09,DE,free,5,14.2,3.92,1.0,1,33,1172,0,0,0.0,0
user_02251,David Torres,irwincolleen@gmail.com,2024-06-01,FR,free,5,12.1,4.39,2.0,0,64,510,1,0,0.0,0
user_02252,Joseph Martin,michael03@gmail.com,2022-10-02,AU,pro,3,14.9,0.84,3.9000000000000004,3,26,1118,0,0,0.0,0
user_02253,Brian Cardenas,michelle17@gmail.com,2023-06-26,US,starter,1,15.5,0.81,4.0,3,10,851,0,0,0.0,0
user_02254,Jennifer Wolfe,tateryan@gmail.com,2024-01-20,AU,starter,2,8.3,1.71,1.0,2,23,643,0,0,0.0,0
user_02255,Karen Randall,umccarthy@gmail.com,2024-04-05,US,pro,5,5.9,8.07,0.0,2,37,567,0,0,0.0,0
user_02256,Shawn Garcia,kmurphy@hotmail.com,2024-01-20,GB,free,4,7.6,7.5,2.0,4,46,643,0,0,0.0,0
user_02257,Kristi Porter,bpierce@gmail.com,2022-04-03,US,free,2,5.7,2.78,2.0,1,86,1300,0,0,0.0,0
user_02258,Jose Mcdonald,shelby68@hotmail.com,2024-03-31,US,free,5,5.2,0.9,1.0,1,6,572,0,0,0.0,0
user_02259,Joshua Davidson,taylorclifford@gmail.com,2022-04-15,CA,free,3,8.6,1.05,0.0,0,32,1288,0,0,0.0,0
user_02260,Mr. Justin Austin,thompsonapril@yahoo.com,2025-03-13,IN,free,2,6.8,1.81,5.0,1,6,225,1,0,0.0,0
user_02261,Kimberly Barrera,james72@yahoo.com,2025-02-24,US,starter,4,5.0,1.78,3.0,2,11,242,0,0,0.0,0
user_02262,Amanda Sanders,wyattsandra@gmail.com,2023-02-03,US,starter,4,7.0,1.01,0.0,4,4,994,1,0,20.0,0
user_02263,Kevin Taylor,veronicalane@hotmail.com,2024-01-13,CA,pro,5,12.2,2.95,6.5,1,44,650,0,0,0.0,0
user_02264,Justin Liu,woodardwendy@yahoo.com,2025-02-07,US,free,0,11.8,0.35,3.0,3,73,259,0,0,0.0,0
user_02265,Andrew Lopez,julie45@gmail.com,2023-08-15,DE,starter,5,1.6,2.07,1.0,3,0,801,1,0,20.0,0
user_02266,Mallory Jennings,rick71@hotmail.com,2022-05-31,US,starter,2,6.8,1.24,1.0,1,50,1242,0,0,0.0,0
user_02267,James Briggs,garciarobert@yahoo.com,2024-03-02,US,free,3,7.4,1.19,2.0,4,8,601,1,0,0.0,0
user_02268,Allison Pace,juanlewis@hotmail.com,2024-10-29,US,starter,0,3.3,3.35,4.0,2,20,360,0,0,0.0,0
user_02269,Gregory Graham,djohnson@yahoo.com,2024-07-11,IN,free,5,7.5,3.48,1.0,2,41,470,0,0,0.0,0
user_02270,Daniel Campbell,xdouglas@gmail.com,2025-01-31,US,free,3,8.6,1.69,0.0,0,21,266,1,0,0.0,0
user_02271,Roberto Harper,sramsey@gmail.com,2023-07-27,US,free,3,10.1,0.8,0.0,2,7,820,0,0,0.0,0
user_02272,Kathryn Tapia,sarah75@hotmail.com,2025-06-30,AU,free,1,8.3,2.61,3.0,0,70,116,0,1,0.0,1
user_02273,Kyle Stewart,julia32@hotmail.com,2025-06-05,GB,free,6,4.5,1.64,1.0,0,27,141,0,0,0.0,0
user_02274,Casey Torres,herrerajeremy@yahoo.com,2022-09-01,US,starter,2,16.0,4.09,4.0,0,80,1149,0,0,0.0,0
user_02275,Laura Johnson,benjamin94@gmail.com,2022-09-21,IN,pro,7,13.3,4.97,1.3,2,56,1129,1,0,92.14,0
user_02276,Amanda Byrd,ashley24@gmail.com,2022-07-18,FR,starter,3,10.2,3.7,3.0,3,62,1194,0,0,0.0,0
user_02277,James Morris,sjones@yahoo.com,2024-03-17,US,starter,1,12.0,0.22,2.0,3,13,586,0,0,0.0,0
user_02278,Brittney Jones,amygallagher@yahoo.com,2024-02-04,US,free,3,9.0,6.75,1.0,0,131,628,0,1,0.0,1
user_02279,Heidi Sims,sandratrujillo@gmail.com,2023-11-26,DE,starter,3,13.1,2.69,0.0,3,57,698,0,0,0.0,0
user_02280,Donald Dalton,morsemelissa@gmail.com,2025-02-16,GB,free,1,8.2,0.3,1.0,1,12,250,0,1,0.0,0
user_02281,Melissa Farley,zhansen@yahoo.com,2024-01-19,GB,free,5,8.0,1.87,0.0,0,68,644,0,0,0.0,0
user_02282,Yvette Peterson,nlee@hotmail.com,2022-10-23,US,free,2,10.5,2.29,3.0,1,42,1097,0,0,0.0,0
user_02283,Michael Sanders,williammcgee@gmail.com,2023-02-12,US,free,8,14.3,5.65,1.0,2,38,985,0,0,0.0,0
user_02284,Stacey Richardson,sarah35@gmail.com,2025-05-18,GB,free,5,14.0,3.52,1.0,2,0,159,0,0,0.0,0
user_02285,Kevin Garza,heathelizabeth@hotmail.com,2024-11-08,US,free,3,10.4,2.96,1.0,0,0,350,0,0,0.0,0
user_02286,Roger Ward,cassandra19@hotmail.com,2024-04-02,IN,free,2,10.1,2.34,0.0,0,35,570,0,0,0.0,0
user_02287,Nathaniel Ross,suttonkristi@gmail.com,2024-10-21,IN,pro,3,12.8,3.02,2.6,1,9,368,0,0,0.0,0
user_02288,Savannah Anderson,darrell17@yahoo.com,2022-03-24,US,free,2,11.9,0.53,2.0,2,1,1310,0,0,0.0,0
user_02289,Timothy Rubio,wyatt39@hotmail.com,2022-04-03,AU,free,6,13.2,2.77,2.0,3,10,1300,0,0,0.0,0
user_02290,Manuel Rivera DDS,kimberly52@gmail.com,2022-03-21,FR,free,4,7.1,1.02,0.0,2,54,1313,0,0,0.0,0
user_02291,Karen Johnson,pwest@hotmail.com,2022-10-08,CA,starter,3,13.3,1.32,4.0,0,19,1112,0,0,0.0,0
user_02292,Sarah Patterson,sharris@yahoo.com,2023-11-14,US,free,4,9.4,3.62,4.0,1,28,710,0,0,0.0,0
user_02293,Christy Long,hmyers@yahoo.com,2024-08-28,US,free,2,10.6,1.25,2.0,6,48,422,0,0,0.0,0
user_02294,Jason Smith,nathanwoods@hotmail.com,2024-11-29,IN,free,2,13.5,0.33,2.0,3,11,329,0,0,0.0,0
user_02295,Michael Wallace,crystal27@hotmail.com,2024-07-24,US,free,2,11.0,1.91,3.0,5,0,457,1,0,0.0,0
user_02296,Heidi Brown,gomezdavid@gmail.com,2022-11-02,AU,free,3,11.7,0.28,2.0,2,11,1087,0,0,0.0,0
user_02297,Anthony Briggs,dreyes@gmail.com,2025-05-26,US,free,3,6.4,2.47,1.0,1,94,151,0,0,0.0,0
user_02298,Alexandra Brown,manuelgarcia@gmail.com,2024-11-21,IN,free,5,14.0,3.87,0.0,3,19,337,0,0,0.0,0
user_02299,Jessica Bell,ifrench@yahoo.com,2022-10-14,US,free,5,10.8,2.04,4.0,3,25,1106,0,0,0.0,0
user_02300,Jennifer Meadows,christina07@hotmail.com,2023-11-03,GB,free,2,8.5,0.44,1.0,0,42,721,0,0,0.0,0
user_02301,Scott Shaw,seanconley@gmail.com,2025-06-09,US,starter,0,12.4,4.23,2.0,3,3,137,0,0,0.0,0
user_02302,Stephanie Joseph,richard21@hotmail.com,2023-10-15,IN,free,1,18.4,5.92,2.0,3,39,740,1,0,0.0,0
user_02303,Stanley Smith,tmay@hotmail.com,2022-11-29,US,free,3,3.3,1.87,2.0,3,10,1060,0,0,0.0,0
user_02304,Judith Griffin,christiancampos@hotmail.com,2024-03-15,FR,free,2,4.8,1.32,2.0,2,14,588,0,1,0.0,0
user_02305,Justin Bowen,kimberlyterrell@yahoo.com,2025-06-16,US,pro,8,20.7,0.79,2.6,2,9,130,0,0,0.0,0
user_02306,Teresa Edwards,gonzalesmelissa@hotmail.com,2023-09-05,AU,free,2,9.7,2.54,3.0,2,5,780,1,0,0.0,0
user_02307,Randall Knapp,wlewis@yahoo.com,2025-04-30,FR,free,2,8.8,5.21,2.0,1,13,177,0,0,0.0,0
user_02308,Alyssa Bryant,hosborn@hotmail.com,2023-11-20,US,starter,5,7.5,0.55,1.0,1,2,704,0,0,0.0,0
user_02309,Andrea Jones DVM,angel44@gmail.com,2024-11-04,DE,free,7,12.8,0.24,4.0,1,55,354,0,0,0.0,0
user_02310,Misty Moran,brooksemily@hotmail.com,2024-11-09,US,free,4,18.4,1.92,4.0,1,10,349,0,0,0.0,0
user_02311,Tim Goodwin,zhampton@yahoo.com,2024-12-26,AU,free,5,5.3,0.56,1.0,1,31,302,0,0,0.0,0
user_02312,Steve Boyd,susanthomas@gmail.com,2024-09-30,IN,pro,6,9.6,3.4,1.3,2,10,389,0,0,0.0,0
user_02313,Brandon Martinez,elizabethspencer@hotmail.com,2025-02-26,US,free,5,6.6,2.85,3.0,1,7,240,0,0,0.0,0
user_02314,Julian Davis,adrianhawkins@gmail.com,2023-09-06,US,starter,2,10.9,2.97,5.0,2,37,779,0,0,0.0,0
user_02315,Christopher Campbell,james66@gmail.com,2024-08-30,US,pro,9,14.9,5.34,3.9000000000000004,2,29,420,1,0,81.8,0
user_02316,Billy Jones,llucas@yahoo.com,2022-02-04,AU,free,2,14.5,6.72,2.0,2,7,1358,0,0,0.0,0
user_02317,Matthew Wilcox,carlmiller@hotmail.com,2024-01-25,US,free,1,11.1,4.2,2.0,2,28,638,0,0,0.0,0
user_02318,Christy Gibson,dawn08@hotmail.com,2023-11-10,CA,free,1,18.1,4.43,4.0,2,0,714,1,0,0.0,0
user_02319,John Schmitt,lisa28@yahoo.com,2022-08-13,IN,free,8,5.7,0.7,1.0,0,5,1168,0,0,0.0,0
user_02320,David Myers,nlove@gmail.com,2024-05-03,AU,free,5,4.7,2.44,1.0,0,39,539,0,0,0.0,0
user_02321,Belinda Lewis,burkemadeline@gmail.com,2025-04-10,US,pro,7,15.9,8.17,2.6,1,15,197,0,0,0.0,0
user_02322,Lisa David,traceywright@yahoo.com,2023-09-23,IN,starter,1,8.5,1.45,4.0,3,6,762,0,0,0.0,0
user_02323,Kimberly Ritter,rnelson@gmail.com,2025-07-12,IN,starter,6,2.5,4.07,0.0,2,21,104,0,0,0.0,0
user_02324,Kaitlyn Gilmore,rogerscindy@yahoo.com,2022-02-24,CA,free,1,6.7,7.9,2.0,1,18,1338,0,0,0.0,0
user_02325,Joseph Meza,jonesthomas@hotmail.com,2025-05-07,US,starter,5,9.0,1.0,2.0,3,30,170,0,0,0.0,0
user_02326,Tristan Carter,donnamckenzie@yahoo.com,2024-08-29,US,pro,5,7.4,0.82,3.9000000000000004,1,2,421,0,0,0.0,0
user_02327,Thomas Meyer,imills@yahoo.com,2023-06-28,US,starter,6,3.9,3.03,3.0,0,51,849,0,0,0.0,0
user_02328,Linda Shelton,kennethsmith@hotmail.com,2025-09-04,CA,free,3,7.2,2.16,2.0,1,1,50,1,0,0.0,0
user_02329,George Clarke,juliesmith@gmail.com,2025-03-30,US,starter,6,3.7,6.32,0.0,1,18,208,0,0,0.0,0
user_02330,Amber Rivera,bradychristopher@hotmail.com,2025-03-28,GB,free,3,10.5,0.83,3.0,1,37,210,0,0,0.0,0
user_02331,Christopher Martin,hamptonkaren@hotmail.com,2023-04-12,US,free,6,1.0,5.29,4.0,4,12,926,1,0,0.0,0
user_02332,Kristina Taylor,mary72@yahoo.com,2022-04-16,FR,free,5,8.4,2.08,4.0,2,72,1287,1,0,0.0,0
user_02333,Dale Liu,marilyn58@hotmail.com,2025-04-10,AU,starter,1,10.1,1.26,4.0,2,42,197,0,0,0.0,0
user_02334,Debra Hernandez,emckinney@hotmail.com,2024-09-10,IN,starter,3,7.6,2.46,0.0,2,16,409,0,0,0.0,0
user_02335,Thomas Bonilla,lisaporter@hotmail.com,2022-12-16,US,free,3,12.4,1.71,2.0,1,6,1043,0,0,0.0,0
user_02336,Melissa Meyer,robert32@gmail.com,2024-12-09,US,free,2,2.5,2.33,1.0,4,1,319,0,0,0.0,0
user_02337,Eric Reyes,schmittmichelle@hotmail.com,2025-07-12,US,free,4,5.2,5.11,3.0,4,48,104,0,0,0.0,0
user_02338,Mary Brown,jesus75@gmail.com,2025-06-23,US,free,2,6.7,8.37,5.0,2,6,123,0,0,0.0,0
user_02339,Breanna Holloway,pricekyle@hotmail.com,2024-02-18,CA,free,4,10.9,2.19,0.0,1,9,614,0,0,0.0,0
user_02340,Zachary Armstrong,robinsoncourtney@gmail.com,2022-10-30,IN,free,4,8.9,3.2,1.0,3,0,1090,1,0,0.0,0
user_02341,Robert Brown,nataliemoore@gmail.com,2023-05-12,AU,starter,0,16.6,4.61,2.0,0,0,896,1,0,20.0,0
user_02342,Kimberly House,tamarasmith@hotmail.com,2022-03-06,US,free,4,4.8,3.16,3.0,2,7,1328,0,0,0.0,0
user_02343,Dr. Robert Chase DDS,jessicacervantes@hotmail.com,2025-03-18,CA,free,2,2.4,1.34,1.0,1,61,220,0,0,0.0,0
user_02344,Ebony Acevedo,dustin93@hotmail.com,2022-08-14,IN,free,3,15.2,2.84,3.0,0,45,1167,0,0,0.0,0
user_02345,Margaret Warner,tiffany72@yahoo.com,2023-01-26,IN,pro,6,4.3,3.22,2.6,4,44,1002,1,0,86.87,0
user_02346,Nicole Collins,lorithomas@hotmail.com,2022-02-08,US,starter,2,10.7,0.29,3.0,4,52,1354,0,0,0.0,0
user_02347,Adrian Powell,april90@yahoo.com,2024-06-22,IN,starter,0,4.1,0.06,2.0,4,6,489,0,1,0.0,0
user_02348,Matthew Bishop,amymeyers@gmail.com,2023-10-05,IN,free,1,1.0,2.84,2.0,0,115,750,0,0,0.0,0
user_02349,Jody Hicks,nkelly@yahoo.com,2024-05-07,CA,free,5,6.5,1.12,5.0,1,7,535,0,0,0.0,0
user_02350,Michael Parsons,sarah94@yahoo.com,2022-11-07,AU,free,4,11.6,4.67,1.0,4,4,1082,0,0,0.0,0
user_02351,Cynthia Hanson,williamhull@gmail.com,2024-04-25,US,starter,2,3.1,1.29,2.0,0,10,547,0,0,0.0,0
user_02352,Justin Martin,peter63@gmail.com,2023-02-22,US,pro,4,12.3,2.25,1.3,2,22,975,0,0,0.0,0
user_02353,Robert Harris,xburnett@yahoo.com,2024-04-20,IN,starter,1,11.1,3.92,3.0,2,3,552,1,0,20.0,0
user_02354,Matthew Martinez,mduncan@gmail.com,2024-10-24,IN,pro,6,4.9,2.72,1.3,1,40,365,0,0,0.0,0
user_02355,Lauren Russell,chad33@hotmail.com,2025-06-06,US,starter,3,7.1,1.07,3.0,4,13,140,1,0,20.0,0
user_02356,Anthony Brown,burtonphilip@hotmail.com,2024-08-23,DE,free,3,14.3,3.41,4.0,0,25,427,1,0,0.0,0
user_02357,Julian Castaneda,christopherwalker@yahoo.com,2022-05-08,AU,pro,8,12.6,15.76,6.5,2,39,1265,1,0,83.84,0
user_02358,Jason Hall DDS,anthony22@yahoo.com,2022-10-10,AU,free,4,7.0,1.26,3.0,1,69,1110,0,0,0.0,0
user_02359,Dawn Melendez,stuartjohn@hotmail.com,2024-11-28,US,free,3,9.7,4.27,2.0,1,51,330,0,0,0.0,0
user_02360,Alexandria Chen,amycruz@yahoo.com,2023-03-01,FR,free,0,5.3,3.76,1.0,1,23,968,0,0,0.0,0
user_02361,Eric Williamson,zjones@hotmail.com,2025-02-22,CA,free,7,12.5,9.17,1.0,2,141,244,0,0,0.0,0
user_02362,April Harris,robertsonsamantha@yahoo.com,2023-10-28,IN,free,3,12.5,5.43,2.0,4,22,727,0,0,0.0,0
user_02363,Zachary Frazier,stephenbarker@yahoo.com,2025-09-18,IN,free,4,8.5,2.32,2.0,3,23,36,0,0,0.0,0
user_02364,Ronald Parks,nperez@gmail.com,2024-09-06,FR,free,4,8.9,3.35,3.0,2,5,413,0,0,0.0,0
user_02365,Sydney Jenkins,denniscynthia@gmail.com,2024-12-12,IN,free,4,4.0,0.43,1.0,2,4,316,0,0,0.0,0
user_02366,Amanda Thornton,prestonmarcus@yahoo.com,2024-02-11,US,free,1,2.6,6.32,1.0,3,5,621,0,0,0.0,0
user_02367,Colleen Nichols,lowebrendan@yahoo.com,2023-10-05,IN,free,4,6.5,0.7,2.0,1,26,750,0,0,0.0,0
user_02368,Alexis Choi,russellsusan@gmail.com,2022-12-21,GB,free,3,7.7,3.33,0.0,2,16,1038,0,0,0.0,0
user_02369,Melinda Lewis,bradleythomas@hotmail.com,2024-07-30,US,free,4,12.3,3.31,1.0,3,14,451,0,0,0.0,0
user_02370,Patrick Hill,zhall@hotmail.com,2024-12-27,AU,starter,2,11.7,3.75,2.0,3,4,301,0,0,0.0,0
user_02371,Timothy Maddox,andre82@yahoo.com,2023-12-03,CA,starter,5,8.7,1.04,2.0,1,14,691,0,0,0.0,0
user_02372,Derek Moss,julie98@gmail.com,2025-01-23,GB,starter,3,12.8,2.31,4.0,3,14,274,0,0,0.0,0
user_02373,Sandra Carson,howard09@hotmail.com,2023-12-27,US,starter,1,4.2,4.03,1.0,0,29,667,0,0,0.0,0
user_02374,George Doyle,coopergina@hotmail.com,2025-08-10,GB,free,4,12.3,3.77,4.0,3,14,75,0,0,0.0,0
user_02375,Carlos Jackson,hprice@yahoo.com,2023-06-26,US,starter,6,4.8,8.76,1.0,3,16,851,1,0,20.0,0
user_02376,Austin Mahoney,meganhenderson@gmail.com,2025-06-03,US,free,1,13.0,6.04,2.0,3,9,143,1,0,0.0,0
user_02377,Nicholas Little,littlejennifer@yahoo.com,2024-09-18,IN,free,3,7.9,2.12,3.0,0,4,401,0,0,0.0,0
user_02378,Spencer Olson,ruthwashington@gmail.com,2023-01-29,IN,starter,2,1.0,2.06,4.0,5,10,999,0,1,0.0,0
user_02379,Christopher Perez,elizabeth77@yahoo.com,2023-05-20,GB,free,6,10.9,1.22,0.0,2,1,888,0,0,0.0,0
user_02380,Audrey Stewart,marvinpeters@hotmail.com,2023-07-26,US,starter,1,11.2,3.82,4.0,3,6,821,1,0,20.0,0
user_02381,Mark Brooks,collinsmatthew@hotmail.com,2025-02-16,IN,starter,4,6.2,0.44,3.0,2,11,250,0,0,0.0,0
user_02382,Rose Mercer,nhall@hotmail.com,2023-09-04,US,pro,5,8.5,0.79,6.5,1,4,781,0,0,0.0,0
user_02383,Karen Barnett,andrewsnicholas@yahoo.com,2023-04-06,AU,pro,8,9.4,5.32,2.6,1,32,932,0,0,0.0,0
user_02384,William Fuller,jonesbrent@yahoo.com,2023-09-02,GB,free,2,1.0,5.0,3.0,0,9,783,0,0,0.0,0
user_02385,Wesley Hall,ysolis@hotmail.com,2023-08-15,CA,free,1,1.0,1.37,2.0,1,28,801,0,0,0.0,0
user_02386,Leah Wilson,bradley56@hotmail.com,2023-03-01,US,free,2,13.2,4.08,2.0,0,30,968,1,0,0.0,0
user_02387,Cheryl Wallace,glenn78@gmail.com,2024-09-28,US,free,5,4.7,6.79,1.0,2,17,391,0,0,0.0,0
user_02388,David Cummings,donald14@hotmail.com,2023-10-12,AU,starter,2,15.4,4.76,2.0,2,17,743,0,0,0.0,0
user_02389,Andre Bush,tylertanner@yahoo.com,2024-09-09,US,starter,2,13.5,3.19,0.0,2,26,410,0,0,0.0,0
user_02390,Melissa English,franknicole@yahoo.com,2023-12-16,IN,starter,3,14.3,3.49,1.0,1,9,678,1,0,20.0,0
user_02391,Dustin Campbell,emily07@gmail.com,2025-02-21,GB,free,4,5.4,3.93,2.0,1,0,245,1,0,0.0,0
user_02392,Jason Potter,james24@yahoo.com,2023-07-15,US,free,2,1.6,2.69,0.0,3,31,832,0,0,0.0,0
user_02393,Bryan Lowery,charper@gmail.com,2023-08-13,DE,free,4,3.7,1.75,3.0,1,28,803,0,0,0.0,0
user_02394,Wendy Higgins,rosswalker@yahoo.com,2022-09-07,IN,free,4,6.2,2.79,0.0,1,19,1143,0,0,0.0,0
user_02395,Andrea Rivera,robert27@gmail.com,2025-03-20,US,pro,6,1.0,2.5,2.6,2,62,218,1,0,88.89,0
user_02396,Heidi Brown,murraywendy@yahoo.com,2025-01-17,US,free,7,6.1,4.84,4.0,2,21,280,0,1,0.0,0
user_02397,Jeremy Douglas,gking@hotmail.com,2024-02-17,US,free,0,7.2,2.7,2.0,0,10,615,0,1,0.0,0
user_02398,Chad Arnold,maria86@hotmail.com,2024-03-19,FR,free,4,2.8,1.24,0.0,1,37,584,1,0,0.0,0
user_02399,Julian Garcia,jennifer02@hotmail.com,2023-12-08,CA,starter,5,3.8,2.11,0.0,2,98,686,0,0,0.0,0
user_02400,Christina Potter,gravesscott@gmail.com,2022-10-27,US,starter,3,7.1,1.31,2.0,1,40,1093,0,0,0.0,0
user_02401,Kim Coleman,michaelcharles@gmail.com,2023-08-18,US,free,0,9.4,6.96,2.0,1,71,798,1,1,0.0,1
user_02402,Lori Francis,marvin05@hotmail.com,2022-03-28,CA,free,5,4.4,4.67,1.0,1,3,1306,0,0,0.0,0
user_02403,Laura Jones,vwaters@gmail.com,2023-08-13,GB,free,4,9.2,1.85,0.0,1,3,803,0,0,0.0,0
user_02404,Rebekah Lee,frenchlouis@yahoo.com,2022-06-11,IN,free,1,8.5,1.58,5.0,1,5,1231,1,0,0.0,0
user_02405,Kristi Leon,susanmcgee@yahoo.com,2023-12-11,US,starter,0,8.2,1.82,3.0,3,36,683,0,0,0.0,0
user_02406,Pamela Vega,shannon17@gmail.com,2024-06-24,US,starter,3,5.4,0.71,0.0,2,14,487,0,0,0.0,0
user_02407,Jeffery Prince,smithsteven@hotmail.com,2025-09-05,CA,free,4,2.7,2.83,2.0,3,19,49,0,0,0.0,0
user_02408,Thomas Patterson,mwise@yahoo.com,2023-06-10,AU,free,4,14.8,0.85,2.0,3,9,867,1,0,0.0,0
user_02409,Crystal Beard,dansanchez@hotmail.com,2024-09-08,US,pro,4,12.5,3.67,0.0,4,39,411,0,0,0.0,0
user_02410,Austin Harding,obrienadam@yahoo.com,2023-03-15,GB,free,2,12.0,4.63,2.0,1,55,954,0,0,0.0,0
user_02411,Zachary Nelson,ogonzalez@hotmail.com,2023-02-18,IN,starter,1,7.7,6.6,4.0,2,5,979,0,0,0.0,0
user_02412,Alexandra Stephenson,markcharles@hotmail.com,2025-01-08,IN,free,1,7.3,1.66,6.0,1,6,289,0,0,0.0,0
user_02413,David Watson,patriciahernandez@hotmail.com,2023-07-10,US,free,0,10.0,1.56,2.0,3,12,837,0,0,0.0,0
user_02414,Amanda Love,michaelroman@yahoo.com,2025-02-25,DE,free,4,1.0,0.63,1.0,2,9,241,0,0,0.0,0
user_02415,Grant Kramer,heatherortiz@hotmail.com,2023-07-11,IN,free,3,3.5,3.91,3.0,1,22,836,1,0,0.0,0
user_02416,Isaac Madden Jr.,ashley91@hotmail.com,2022-10-09,IN,pro,4,6.8,3.75,3.9000000000000004,2,41,1111,0,0,0.0,0
user_02417,Stephanie Adams,pluna@yahoo.com,2022-08-12,US,free,5,6.2,1.34,2.0,0,47,1169,0,0,0.0,0
user_02418,Samantha Romero,aliciastevens@gmail.com,2025-06-14,US,free,5,4.5,1.49,0.0,3,7,132,0,0,0.0,0
user_02419,Jeremy Davis,henrybryant@hotmail.com,2025-04-16,US,free,3,9.3,5.27,3.0,2,5,191,0,0,0.0,0
user_02420,Jason Skinner,kevintran@yahoo.com,2023-05-06,CA,free,7,8.3,0.21,1.0,2,13,902,0,0,0.0,0
user_02421,Guy Calderon,jacksonlauren@gmail.com,2023-05-12,US,free,1,13.6,5.96,0.0,1,4,896,0,0,0.0,0
user_02422,Nathaniel White,ronaldolson@yahoo.com,2022-04-14,CA,free,3,17.9,1.2,1.0,2,2,1289,1,0,0.0,0
user_02423,Donna Hayes,joseph28@gmail.com,2024-12-23,US,starter,5,2.9,4.28,2.0,2,8,305,0,0,0.0,0
user_02424,Ronald Nelson,zlittle@hotmail.com,2023-04-08,IN,free,2,8.6,0.91,3.0,2,15,930,0,0,0.0,0
user_02425,Todd Bradley,randalljessica@yahoo.com,2025-07-30,IN,free,2,8.6,3.3,4.0,3,26,86,0,1,0.0,0
user_02426,Jenny Potter,brandon46@yahoo.com,2023-04-22,US,pro,5,9.9,3.22,2.6,3,38,916,0,0,0.0,0
user_02427,Lucas Campos MD,robertsedward@yahoo.com,2022-04-18,US,free,5,3.7,5.88,1.0,2,7,1285,1,0,0.0,0
user_02428,Rebecca Ward,pramirez@gmail.com,2022-07-25,US,pro,5,6.3,3.11,6.5,4,51,1187,0,0,0.0,0
user_02429,Paul Hughes,emitchell@gmail.com,2024-04-26,CA,free,1,9.0,6.31,1.0,1,1,546,1,0,0.0,0
user_02430,Colleen Francis,anthonyhess@hotmail.com,2023-11-08,CA,pro,6,6.2,2.71,3.9000000000000004,2,17,716,1,0,89.27,0
user_02431,Kaylee Miller,rothlori@hotmail.com,2024-08-25,US,starter,3,8.6,4.11,2.0,2,30,425,0,0,0.0,0
user_02432,Jessica Richardson,jamesnunez@yahoo.com,2022-07-25,IN,starter,1,7.0,4.74,2.0,2,10,1187,1,0,20.0,0
user_02433,Samuel Cline,wwallace@yahoo.com,2022-10-09,US,pro,8,10.6,3.04,5.2,1,34,1111,0,0,0.0,0
user_02434,Roberto Mendoza,jessicamiller@gmail.com,2022-01-11,US,free,2,4.2,2.55,1.0,0,60,1382,0,0,0.0,0
user_02435,Brenda Donovan,crystalhampton@gmail.com,2025-02-01,US,pro,7,10.6,1.03,1.3,2,2,265,0,0,0.0,0
user_02436,Mark Pitts,colleenjuarez@hotmail.com,2022-11-20,FR,free,5,4.5,3.08,2.0,0,21,1069,0,0,0.0,0
user_02437,Alicia Montgomery,jessicacampos@yahoo.com,2024-04-13,US,free,4,8.6,4.3,1.0,0,0,559,0,0,0.0,0
user_02438,Dakota Young,sandra59@gmail.com,2025-08-30,US,free,5,13.4,6.74,1.0,0,9,55,0,1,0.0,0
user_02439,Timothy Larson,harrisvalerie@hotmail.com,2024-09-01,US,free,4,9.0,4.55,4.0,2,4,418,1,0,0.0,0
user_02440,Stacey Smith,smithtara@yahoo.com,2024-09-04,US,free,4,9.3,2.86,0.0,0,29,415,0,0,0.0,0
user_02441,Carolyn Martinez,dnunez@hotmail.com,2025-08-25,GB,free,2,11.3,1.95,4.0,4,8,60,1,0,0.0,0
user_02442,David Bonilla,xkent@gmail.com,2023-02-13,US,free,6,2.4,2.37,1.0,2,9,984,1,0,0.0,0
user_02443,Robert Knapp,kgonzalez@gmail.com,2023-08-12,US,starter,0,14.9,2.08,1.0,2,6,804,0,1,0.0,0
user_02444,Joshua Schmidt,sarahhall@yahoo.com,2023-10-20,GB,starter,1,3.8,4.94,1.0,2,8,735,0,0,0.0,0
user_02445,Donald Boyer,kari76@gmail.com,2023-08-08,US,free,0,11.5,5.96,1.0,0,7,808,0,0,0.0,0
user_02446,Mark Howard,hreynolds@gmail.com,2025-08-15,CA,free,2,11.0,2.05,2.0,3,35,70,0,0,0.0,0
user_02447,Jenna Hancock,tgray@yahoo.com,2022-05-02,GB,free,1,4.4,3.64,3.0,1,93,1271,0,0,0.0,0
user_02448,Holly Byrd,billyrodriguez@yahoo.com,2022-07-03,US,free,2,12.0,2.26,3.0,0,20,1209,0,0,0.0,0
user_02449,Ivan Mccullough,hooperlisa@yahoo.com,2025-08-28,CA,free,8,10.0,0.52,1.0,2,27,57,0,0,0.0,0
user_02450,Jesse Pierce,henryshaw@yahoo.com,2025-03-21,US,free,5,15.6,0.84,4.0,1,51,217,1,0,0.0,0
user_02451,Adam Solis,ortegatheresa@hotmail.com,2023-04-21,IN,free,2,8.8,1.27,4.0,2,19,917,0,0,0.0,0
user_02452,Gregory Anderson,angelagonzales@hotmail.com,2024-12-31,IN,pro,4,9.6,3.4,2.6,3,10,297,1,0,87.03,0
user_02453,Abigail Moreno,stuarteric@gmail.com,2022-03-18,US,free,2,5.9,2.95,3.0,2,90,1316,0,1,0.0,1
user_02454,Mark Williams,brittany31@hotmail.com,2022-12-25,GB,free,5,1.0,6.81,2.0,1,70,1034,1,0,0.0,0
user_02455,Cole Hill,jennifer08@hotmail.com,2024-05-05,FR,free,5,6.7,2.61,5.0,3,7,537,1,0,0.0,0
user_02456,Allison Perry,jacobyang@yahoo.com,2022-12-27,AU,free,2,6.9,2.7,1.0,1,36,1032,0,0,0.0,0
user_02457,James Dixon,lvazquez@yahoo.com,2022-03-16,GB,free,4,9.0,4.29,1.0,1,31,1318,0,0,0.0,0
user_02458,Melissa Bishop,stephaniebaker@hotmail.com,2024-03-24,IN,starter,1,2.3,0.91,3.0,2,31,579,0,0,0.0,0
user_02459,John Esparza,fbates@yahoo.com,2024-10-11,US,free,1,7.0,2.98,2.0,0,53,378,1,0,0.0,0
user_02460,Eric Jenkins,olivia36@hotmail.com,2023-01-17,US,free,1,10.3,4.01,1.0,2,33,1011,0,0,0.0,0
user_02461,Joshua Davidson,carlos36@hotmail.com,2023-08-16,IN,pro,8,12.7,2.73,0.0,2,21,800,1,0,91.67,0
user_02462,Sarah Horton,collinsjacob@gmail.com,2022-03-18,US,pro,5,2.6,3.64,2.6,3,56,1316,0,0,0.0,0
user_02463,Vickie Webb,meagan12@hotmail.com,2022-01-19,AU,starter,4,10.8,2.0,2.0,1,9,1374,0,0,0.0,0
user_02464,Melissa Mccall,khanrobert@hotmail.com,2023-09-04,US,free,4,7.0,1.83,5.0,1,34,781,0,0,0.0,0
user_02465,Laura Cervantes,gordonmaria@hotmail.com,2025-03-09,US,starter,5,7.3,2.81,4.0,2,36,229,0,0,0.0,0
user_02466,Steven Day,jonathon31@hotmail.com,2025-05-19,US,free,4,1.0,4.97,3.0,2,61,158,0,1,0.0,1
user_02467,Benjamin Russell,catherine29@yahoo.com,2022-08-08,FR,free,3,14.0,3.5,3.0,2,191,1173,0,0,0.0,0
user_02468,Brian Short,tracie57@gmail.com,2023-11-18,CA,free,3,8.7,5.72,5.0,0,24,706,1,0,0.0,0
user_02469,Andrea Hall,batesbrandon@hotmail.com,2023-08-06,GB,free,3,1.9,1.81,1.0,1,19,810,1,0,0.0,0
user_02470,Shannon Rose,jennifer93@hotmail.com,2024-07-19,US,free,5,9.5,3.69,3.0,0,27,462,0,0,0.0,0
user_02471,Thomas Perez,rchan@yahoo.com,2025-08-06,DE,free,4,9.4,3.1,1.0,2,32,79,0,1,0.0,1
user_02472,Erin Neal,carlzamora@gmail.com,2025-01-17,US,pro,6,14.9,7.38,5.2,4,37,280,1,0,95.2,0
user_02473,Lee Ramos,estradajennifer@yahoo.com,2024-12-09,FR,pro,5,8.8,5.77,6.5,0,9,319,0,0,0.0,0
user_02474,Jason Atkins,vgarcia@yahoo.com,2024-10-08,IN,starter,4,8.0,5.54,2.0,2,20,381,0,0,0.0,0
user_02475,Sara Powers,ttanner@yahoo.com,2022-10-02,US,free,5,5.4,1.51,2.0,2,13,1118,0,0,0.0,0
user_02476,Lisa Jones,lbridges@gmail.com,2024-10-29,IN,pro,4,12.4,10.4,3.9000000000000004,2,1,360,0,0,0.0,0
user_02477,Rachel Klein,jessica25@hotmail.com,2024-08-16,CA,free,5,4.9,1.81,2.0,1,28,434,0,0,0.0,0
user_02478,Jason Benton,ericksontina@gmail.com,2023-07-13,US,starter,5,4.4,1.65,3.0,3,62,834,0,0,0.0,0
user_02479,Thomas Ramos,tracyhorton@gmail.com,2023-01-30,FR,free,2,7.7,3.59,1.0,1,76,998,0,0,0.0,0
user_02480,Michaela Owens,fhart@gmail.com,2022-08-19,IN,starter,2,3.1,0.33,1.0,4,21,1162,0,0,0.0,0
user_02481,Karen Ewing,hamiltonamy@yahoo.com,2023-11-09,US,free,2,14.4,2.43,1.0,1,43,715,0,0,0.0,0
user_02482,Andrew Wallace,lawsonrichard@gmail.com,2022-11-29,US,pro,5,17.7,2.05,3.9000000000000004,0,37,1060,0,0,0.0,0
user_02483,Jessica Harris,martineznicholas@yahoo.com,2024-07-28,IN,pro,7,8.2,1.59,0.0,4,7,453,0,0,0.0,0
user_02484,Devin Montgomery,rescobar@gmail.com,2025-08-20,IN,free,3,2.5,1.35,4.0,0,1,65,0,0,0.0,0
user_02485,Theodore Anderson,tiffanypatterson@hotmail.com,2023-06-11,IN,free,1,9.3,1.76,2.0,2,41,866,0,0,0.0,0
user_02486,Robert Fisher,uthomas@yahoo.com,2023-01-17,CA,pro,8,8.1,2.03,2.6,2,9,1011,0,0,0.0,0
user_02487,Joseph Atkins,monica09@hotmail.com,2022-01-29,IN,free,2,12.7,0.99,3.0,2,23,1364,0,0,0.0,0
user_02488,Rebecca Smith,ksmith@yahoo.com,2023-11-22,AU,pro,6,6.9,2.69,0.0,2,22,702,1,0,80.73,0
user_02489,Tony Weeks,gutierrezshelly@gmail.com,2023-08-28,GB,free,0,10.2,0.78,3.0,0,51,788,0,0,0.0,0
user_02490,Evan Anderson,codypeters@gmail.com,2025-03-08,DE,free,1,8.5,3.67,2.0,1,31,230,1,0,0.0,0
user_02491,Ryan Baldwin,nwalter@gmail.com,2023-01-31,US,free,3,5.3,1.66,1.0,2,56,997,1,0,0.0,0
user_02492,Dave Ramirez,agarcia@hotmail.com,2022-12-26,US,free,2,9.0,1.05,3.0,2,41,1033,1,0,0.0,0
user_02493,Sarah Walker,benjamin08@yahoo.com,2025-06-05,US,starter,2,11.5,4.07,3.0,5,260,141,1,0,20.0,0
user_02494,Melody Walters,david66@yahoo.com,2025-08-01,GB,free,3,8.3,3.68,3.0,2,59,84,1,0,0.0,0
user_02495,Amber Hoffman,vrich@yahoo.com,2024-04-10,FR,free,2,8.4,1.23,2.0,1,7,562,1,0,0.0,0
user_02496,John Ho,sarah52@yahoo.com,2024-05-25,US,free,3,4.5,8.19,3.0,0,97,517,0,0,0.0,0
user_02497,Brian Singh,jose86@gmail.com,2024-11-21,US,free,5,12.6,7.45,1.0,2,12,337,0,0,0.0,0
user_02498,Christopher Stewart,pagerachel@gmail.com,2023-11-03,FR,pro,6,14.2,6.37,1.3,4,28,721,1,0,91.29,0
user_02499,Michelle Larson,wandaharvey@hotmail.com,2022-06-27,US,pro,8,8.4,8.37,3.9000000000000004,2,85,1215,0,0,0.0,0
user_02500,Michael Crawford,williscandace@gmail.com,2024-03-31,CA,free,4,7.5,0.99,0.0,1,7,572,1,0,0.0,0
user_02501,Daniel Anderson,abuckley@hotmail.com,2022-07-15,IN,starter,4,13.7,3.41,1.0,3,58,1197,0,0,0.0,0
user_02502,Justin Vincent,michael57@gmail.com,2023-01-14,FR,starter,4,3.5,2.32,1.0,1,91,1014,0,0,0.0,0
user_02503,Douglas Berry,travis06@gmail.com,2022-10-15,US,free,2,10.4,3.47,2.0,1,57,1105,1,0,0.0,0
user_02504,Marcus Barrera,marilynjohnson@yahoo.com,2024-09-04,US,pro,5,7.8,5.84,3.9000000000000004,2,51,415,0,0,0.0,0
user_02505,Jacob Hill,wellsdavid@yahoo.com,2023-10-25,GB,free,5,15.1,3.94,3.0,0,9,730,1,0,0.0,0
user_02506,Katherine Rodriguez,michelleharvey@yahoo.com,2023-05-24,AU,free,5,8.3,1.32,4.0,2,15,884,0,0,0.0,0
user_02507,Rebecca Mccoy,tayloralbert@yahoo.com,2022-01-14,IN,pro,4,15.0,16.08,2.6,1,42,1379,1,0,126.25,0
user_02508,Eric Wright,ambermiller@yahoo.com,2023-06-19,US,free,3,5.0,2.62,3.0,1,3,858,0,0,0.0,0
user_02509,Charles Klein,mromero@gmail.com,2024-02-25,GB,starter,8,3.0,0.91,2.0,2,65,607,0,0,0.0,0
user_02510,Joseph Todd,debbie74@yahoo.com,2023-04-28,AU,pro,6,9.1,6.97,7.800000000000001,2,7,910,0,0,0.0,0
user_02511,Emily Mcdaniel,kevincoleman@yahoo.com,2024-07-03,FR,free,6,9.1,1.42,5.0,0,24,478,0,0,0.0,0
user_02512,Steven Hernandez,petermorris@gmail.com,2023-07-01,AU,pro,4,8.0,3.89,0.0,1,3,846,1,0,86.42,0
user_02513,Gregory Porter,nancytrujillo@gmail.com,2023-11-07,US,free,3,11.0,1.99,1.0,1,6,717,0,0,0.0,0
user_02514,Ashley Conley,denisedavis@gmail.com,2023-09-11,US,free,2,7.2,3.5,0.0,0,26,774,0,0,0.0,0
user_02515,Peter Bishop,paulayala@hotmail.com,2025-04-07,GB,starter,1,1.0,5.53,0.0,3,30,200,1,0,20.0,0
user_02516,Eric Mcintosh,guzmandebra@yahoo.com,2025-03-19,DE,pro,5,12.2,4.5,2.6,1,9,219,1,0,86.03,0
user_02517,Stephen Peterson Jr.,qwagner@yahoo.com,2022-01-24,US,free,3,4.5,1.73,1.0,0,3,1369,1,0,0.0,0
user_02518,Gregory Fernandez,hramos@hotmail.com,2023-06-20,US,free,4,6.6,7.63,1.0,2,23,857,1,0,0.0,0
user_02519,Patrick Mckenzie,erica64@yahoo.com,2025-08-31,DE,starter,2,14.2,6.22,0.0,0,55,54,0,0,0.0,0
user_02520,John Burns,alvarezmichael@yahoo.com,2024-01-07,US,starter,2,15.1,10.86,4.0,4,6,656,0,0,0.0,0
user_02521,David Sanford,nicolewilson@hotmail.com,2023-04-29,US,starter,3,5.7,1.63,3.0,3,35,909,1,0,20.0,0
user_02522,Christine Gonzalez,jennifer71@hotmail.com,2022-05-08,IN,free,5,10.3,0.99,1.0,0,14,1265,0,0,0.0,0
user_02523,Jean Weber,jacksonstephen@hotmail.com,2025-09-29,GB,free,3,5.8,0.59,2.0,1,85,25,0,1,0.0,1
user_02524,Erika Dillon,danieljimenez@hotmail.com,2022-08-31,CA,free,3,6.9,2.01,2.0,3,2,1150,0,0,0.0,0
user_02525,Brenda Wilkins,christina20@yahoo.com,2024-08-11,US,starter,2,5.6,3.17,3.0,2,1,439,0,0,0.0,0
user_02526,Christina Fleming,debbie79@hotmail.com,2023-09-21,GB,free,1,1.1,1.33,1.0,2,3,764,1,0,0.0,0
user_02527,Carol Lee,baileyvictoria@hotmail.com,2022-11-24,GB,free,3,8.4,0.97,0.0,2,45,1065,0,0,0.0,0
user_02528,Amy Stevens,adkinserin@hotmail.com,2024-04-10,IN,pro,7,11.2,5.29,1.3,2,76,562,1,1,88.21,1
user_02529,Brian Hill,phelpsnancy@gmail.com,2024-10-26,GB,free,2,5.3,5.4,1.0,0,51,363,0,0,0.0,0
user_02530,Frank Dodson,weberjeff@hotmail.com,2023-09-29,US,pro,4,14.4,0.4,0.0,1,37,756,1,0,90.42,0
user_02531,Joseph Young,crawforddavid@hotmail.com,2022-08-29,US,starter,5,6.3,0.28,3.0,3,1,1152,0,0,0.0,0
user_02532,Barbara Brooks,guerreropaul@gmail.com,2025-08-01,US,starter,2,5.5,2.54,4.0,4,7,84,0,0,0.0,0
user_02533,Bailey Zimmerman,scott90@hotmail.com,2023-08-28,US,free,2,10.1,3.96,2.0,1,82,788,0,0,0.0,0
user_02534,Stephen Miller,paulking@gmail.com,2024-01-23,IN,free,5,1.8,1.1,1.0,1,29,640,0,0,0.0,0
user_02535,Alicia Campbell,nallen@hotmail.com,2025-06-12,FR,starter,1,11.6,0.67,1.0,5,18,134,0,0,0.0,0
user_02536,Karen Peterson,xcarroll@gmail.com,2023-03-29,CA,starter,3,6.4,5.06,4.0,1,31,940,0,0,0.0,0
user_02537,Patricia Hicks,vbrown@hotmail.com,2023-03-25,DE,starter,6,12.0,2.51,1.0,2,5,944,0,1,0.0,0
user_02538,Steve Anderson,garciataylor@yahoo.com,2022-10-01,US,free,4,13.2,1.21,2.0,1,67,1119,0,0,0.0,0
user_02539,Rachel Adams,rmartinez@yahoo.com,2024-09-06,IN,starter,6,10.6,7.95,1.0,0,32,413,1,0,20.0,0
user_02540,Jacob Chavez,brandonbeck@gmail.com,2022-11-10,US,starter,0,4.8,4.14,3.0,2,19,1079,0,0,0.0,0
user_02541,Stephen Harris,johnhernandez@hotmail.com,2024-07-20,US,starter,3,3.0,2.3,2.0,1,18,461,0,0,0.0,0
user_02542,Amy Sanders,eneal@gmail.com,2025-05-25,US,starter,5,2.3,4.79,1.0,1,51,152,0,1,0.0,1
user_02543,Daniel Hunter,brett62@gmail.com,2024-02-05,GB,starter,3,12.4,0.57,2.0,3,11,627,1,0,20.0,0
user_02544,Allison Cox,ashley81@yahoo.com,2024-05-01,AU,starter,4,7.5,1.79,0.0,3,4,541,1,0,20.0,0
user_02545,Lisa Jones,schmittsara@hotmail.com,2025-01-29,US,free,1,5.6,1.49,4.0,3,6,268,0,0,0.0,0
user_02546,Lisa Berger,williscorey@yahoo.com,2024-08-22,US,free,7,7.5,2.01,1.0,3,2,428,0,0,0.0,0
user_02547,Gary Riley,davidjones@gmail.com,2025-01-05,DE,free,2,12.3,6.25,1.0,3,21,292,0,1,0.0,0
user_02548,Thomas Jones,michael36@hotmail.com,2025-09-22,US,free,4,11.1,7.07,3.0,0,33,32,0,0,0.0,0
user_02549,Valerie Bailey,kbrandt@yahoo.com,2023-03-24,DE,free,4,9.8,2.98,1.0,1,81,945,0,0,0.0,0
user_02550,Ryan Singleton,reneegonzalez@hotmail.com,2023-05-22,CA,free,1,10.6,1.56,2.0,0,41,886,0,0,0.0,0
user_02551,Julie James,lance11@hotmail.com,2025-05-05,AU,free,3,8.7,0.88,3.0,1,26,172,0,0,0.0,0
user_02552,Ricky Davis,sullivankathryn@gmail.com,2022-06-17,IN,free,3,9.2,6.5,3.0,0,59,1225,0,0,0.0,0
user_02553,Sharon Johnson,harristimothy@yahoo.com,2024-12-12,CA,starter,6,8.9,3.65,1.0,2,66,316,0,0,0.0,0
user_02554,Cynthia Bowen,vgraham@hotmail.com,2024-07-03,IN,pro,7,10.0,2.03,1.3,3,37,478,1,0,87.54,0
user_02555,Mathew Hendricks,donald89@gmail.com,2024-12-17,GB,free,3,11.0,1.47,0.0,0,1,311,1,0,0.0,0
user_02556,Brandon Woods,anthonyclark@gmail.com,2024-01-11,IN,pro,6,11.4,4.33,0.0,2,10,652,1,0,93.95,0
user_02557,Julia Brown,angela96@gmail.com,2022-06-09,US,free,3,4.5,0.55,2.0,0,12,1233,0,0,0.0,0
user_02558,Anthony Harrington,lynnhunter@yahoo.com,2025-03-01,IN,free,3,10.1,2.17,3.0,1,178,237,0,1,0.0,1
user_02559,Thomas Padilla,ashleycarroll@hotmail.com,2022-08-18,IN,free,4,9.0,1.29,2.0,1,18,1163,0,0,0.0,0
user_02560,Nicole Taylor,fischeralexandria@gmail.com,2022-05-07,DE,free,3,10.4,4.88,2.0,5,43,1266,0,0,0.0,0
user_02561,Theodore Vazquez,kmartin@hotmail.com,2025-01-26,CA,starter,1,7.6,2.8,2.0,4,50,271,0,0,0.0,0
user_02562,Debra Horton,millsashley@hotmail.com,2024-11-01,CA,starter,4,11.2,1.61,5.0,1,31,357,0,0,0.0,0
user_02563,Gary Anderson,travispearson@gmail.com,2023-02-19,US,free,5,7.8,1.16,4.0,3,0,978,1,0,0.0,0
user_02564,Andrea Walker,susan40@yahoo.com,2025-03-18,CA,free,5,10.9,7.68,2.0,1,0,220,0,0,0.0,0
user_02565,Dustin Tucker,bthomas@hotmail.com,2025-01-04,IN,free,3,6.2,6.74,0.0,2,51,293,0,0,0.0,0
user_02566,Timothy Salinas,biancadavid@hotmail.com,2022-11-03,FR,free,3,6.5,0.09,2.0,1,40,1086,1,0,0.0,0
user_02567,David Chandler,msmith@gmail.com,2022-12-03,AU,free,5,10.4,7.12,2.0,2,23,1056,1,0,0.0,0
user_02568,Shawn Arnold,ronaldalvarez@gmail.com,2023-11-03,US,free,3,6.7,1.05,2.0,1,8,721,0,0,0.0,0
user_02569,Jennifer Carter,jessemccarthy@hotmail.com,2024-12-01,DE,starter,2,16.8,3.25,3.0,0,2,327,0,0,0.0,0
user_02570,Jeremy Valenzuela,michaelmiller@hotmail.com,2024-06-23,US,pro,6,12.3,4.36,3.9000000000000004,2,5,488,1,0,82.03,0
user_02571,Mary Patterson,angelaaguilar@hotmail.com,2022-08-27,US,free,1,8.1,0.89,1.0,2,26,1154,0,0,0.0,0
user_02572,Julie Hughes,alfredsantana@gmail.com,2023-02-25,IN,pro,7,13.3,6.56,2.6,2,23,972,1,0,88.32,0
user_02573,Tiffany Hall,melanie12@yahoo.com,2025-04-09,US,free,5,6.1,1.2,2.0,2,85,198,0,0,0.0,0
user_02574,Jason Mills,trujillomackenzie@yahoo.com,2024-09-28,CA,free,3,11.7,2.88,1.0,0,94,391,1,0,0.0,0
user_02575,Corey Williams,thompsonkaren@gmail.com,2022-07-06,US,free,3,11.6,9.23,3.0,4,25,1206,0,0,0.0,0
user_02576,Stephanie Jones,gwilliams@gmail.com,2024-11-11,US,starter,1,13.0,2.06,0.0,5,55,347,1,0,20.0,0
user_02577,Judy Lee MD,ricky08@hotmail.com,2024-07-01,GB,pro,5,8.2,3.59,0.0,0,50,480,0,0,0.0,0
user_02578,Tiffany Mcbride,ashleycastillo@hotmail.com,2022-04-24,CA,starter,2,3.1,2.3,0.0,1,41,1279,1,0,20.0,0
user_02579,Larry Lopez,patrick80@hotmail.com,2024-07-17,AU,free,6,5.6,1.37,0.0,2,17,464,0,0,0.0,0
user_02580,Kyle Fritz,alicia86@hotmail.com,2022-09-28,CA,starter,5,6.9,0.4,2.0,1,14,1122,0,0,0.0,0
user_02581,Erin Wilson,qsanchez@hotmail.com,2024-11-17,CA,free,4,14.7,2.08,0.0,1,9,341,1,0,0.0,0
user_02582,Ronald Graham,rhonda06@hotmail.com,2024-04-30,US,pro,9,18.8,1.0,6.5,1,82,542,0,1,0.0,1
user_02583,Danielle Moss,rphillips@hotmail.com,2024-07-24,US,free,4,9.4,3.99,2.0,2,53,457,1,0,0.0,0
user_02584,Ms. Mary Sanchez DVM,oneillshane@gmail.com,2025-02-28,US,free,1,8.0,2.1,1.0,1,5,238,0,0,0.0,0
user_02585,Daniel Mcintosh,mitchellstephen@gmail.com,2022-04-29,IN,free,6,6.6,6.77,0.0,1,8,1274,0,0,0.0,0
user_02586,Caitlin Chapman,ebryant@gmail.com,2025-02-18,CA,starter,2,11.3,1.76,2.0,2,26,248,0,0,0.0,0
user_02587,Olivia Cole,nward@gmail.com,2024-08-04,IN,free,2,16.8,2.44,0.0,4,16,446,0,0,0.0,0
user_02588,Mrs. Elizabeth Hartman DDS,ereed@gmail.com,2023-09-24,CA,starter,3,15.1,2.53,4.0,2,7,761,0,0,0.0,0
user_02589,John Cuevas,mandyevans@gmail.com,2022-02-14,IN,free,5,12.6,5.21,3.0,0,46,1348,0,0,0.0,0
user_02590,Katrina Frazier,lisa26@yahoo.com,2024-03-21,US,starter,3,12.5,2.36,3.0,1,0,582,0,0,0.0,0
user_02591,Christopher Santana,smithandrew@hotmail.com,2023-06-06,US,starter,3,11.3,1.85,1.0,2,12,871,0,1,0.0,0
user_02592,Marcus Hogan,woodtyler@gmail.com,2022-01-07,FR,starter,1,7.8,1.6,1.0,3,79,1386,0,0,0.0,0
user_02593,David Ford,dawnstanley@hotmail.com,2023-03-23,CA,free,2,5.1,1.44,2.0,1,42,946,0,0,0.0,0
user_02594,Tyler Webb,james02@yahoo.com,2025-03-30,FR,free,3,7.9,0.74,1.0,2,15,208,0,0,0.0,0
user_02595,Beth Best,debra61@yahoo.com,2022-05-30,US,free,1,9.7,1.73,2.0,3,79,1243,0,0,0.0,0
user_02596,Brittany Martinez,kevin57@gmail.com,2022-04-03,AU,starter,1,2.2,2.02,1.0,0,69,1300,0,1,0.0,1
user_02597,Alexandra Jensen,zpratt@gmail.com,2024-05-17,US,free,4,7.4,5.22,1.0,2,1,525,0,0,0.0,0
user_02598,Jennifer Rodriguez,waynejackson@yahoo.com,2023-12-07,US,free,2,4.7,5.08,0.0,2,4,687,1,0,0.0,0
user_02599,Rebecca English,tyler85@hotmail.com,2022-05-11,AU,free,4,12.1,1.64,2.0,2,14,1262,0,0,0.0,0
user_02600,Kathryn Carpenter,karenfuller@gmail.com,2025-01-13,US,free,4,5.8,0.68,3.0,4,79,284,0,0,0.0,0
user_02601,Andrew Taylor,christinanicholson@hotmail.com,2022-05-04,CA,starter,1,9.3,1.13,0.0,1,55,1269,0,0,0.0,0
user_02602,Trevor French,diazgina@hotmail.com,2022-05-22,US,free,3,5.2,2.96,2.0,1,1,1251,0,0,0.0,0
user_02603,Ronald Johnston,virginiasullivan@hotmail.com,2024-08-24,GB,starter,3,14.4,1.29,1.0,1,21,426,0,0,0.0,0
user_02604,Amy Floyd,gabrielfletcher@hotmail.com,2022-03-06,AU,free,1,1.2,2.56,3.0,1,38,1328,0,0,0.0,0
user_02605,Alexandra Edwards,ingramshaun@gmail.com,2023-08-11,US,free,3,9.9,0.35,3.0,1,9,805,0,0,0.0,0
user_02606,Tammy Moore,woodwardpatricia@yahoo.com,2024-04-17,CA,free,2,2.9,5.73,0.0,3,38,555,0,0,0.0,0
user_02607,Diana Martin,dmurphy@hotmail.com,2023-01-04,US,free,5,6.0,2.28,1.0,0,13,1024,0,0,0.0,0
user_02608,Tanya Little,douglaskirby@hotmail.com,2022-10-05,GB,free,5,8.8,1.98,3.0,1,9,1115,0,0,0.0,0
user_02609,William Johnson,bianca86@yahoo.com,2025-08-06,US,starter,6,9.0,4.0,2.0,2,14,79,0,0,0.0,0
user_02610,Megan Snow,rebeccamartin@yahoo.com,2025-08-15,US,free,3,8.9,1.79,2.0,2,90,70,0,0,0.0,0
user_02611,Stephen Carpenter,donaldsmith@yahoo.com,2024-05-10,US,starter,2,8.6,0.43,0.0,3,70,532,0,0,0.0,0
user_02612,Carlos Scott,pittmanadam@hotmail.com,2024-02-06,US,free,1,5.4,2.14,1.0,0,73,626,1,0,0.0,0
user_02613,Phyllis Jackson,garciaheidi@hotmail.com,2024-02-23,AU,free,2,7.3,2.29,1.0,1,74,609,0,1,0.0,1
user_02614,Clarence King,cynthiaknight@gmail.com,2024-07-07,US,starter,1,8.1,2.78,3.0,1,5,474,0,0,0.0,0
user_02615,Megan Burgess,plloyd@yahoo.com,2024-02-13,US,free,3,8.8,8.06,1.0,4,67,619,0,0,0.0,0
user_02616,Kenneth Johnson,rthompson@yahoo.com,2024-02-09,IN,free,4,7.7,3.6,0.0,6,7,623,0,0,0.0,0
user_02617,Anthony Maddox,stevenskim@yahoo.com,2022-06-14,US,free,4,10.9,2.59,2.0,0,54,1228,1,0,0.0,0
user_02618,Angela Hunter,samuelpayne@hotmail.com,2025-09-17,CA,free,1,8.4,4.23,3.0,2,23,37,0,0,0.0,0
user_02619,Stephanie Shannon,richard86@yahoo.com,2025-01-09,AU,starter,1,8.8,0.46,2.0,3,8,288,0,0,0.0,0
user_02620,Patrick Ibarra,dylanjohnson@hotmail.com,2022-09-30,IN,free,5,6.5,5.46,2.0,1,15,1120,1,0,0.0,0
user_02621,Lindsay Dixon,allenclaire@hotmail.com,2025-08-31,FR,starter,3,3.8,3.98,2.0,3,17,54,0,0,0.0,0
user_02622,Tyler Miller,piercecolleen@gmail.com,2023-12-14,GB,pro,3,10.6,8.61,2.6,1,39,680,0,0,0.0,0
user_02623,Shane Johnson,youngbenjamin@gmail.com,2022-08-31,US,free,8,12.8,1.81,3.0,0,27,1150,0,0,0.0,0
user_02624,Jerry Foster,zsantiago@gmail.com,2023-01-01,CA,pro,5,11.8,4.79,3.9000000000000004,4,50,1027,1,0,85.54,0
user_02625,Jaime Kelly,nfoster@yahoo.com,2025-01-05,IN,free,5,4.7,1.88,3.0,2,15,292,1,0,0.0,0
user_02626,Walter Patterson,tammiebishop@gmail.com,2024-03-15,CA,pro,6,13.3,11.55,6.5,3,40,588,1,0,87.93,0
user_02627,Wesley Morris,nunezgina@gmail.com,2024-12-19,FR,free,2,6.7,1.98,1.0,1,47,309,0,0,0.0,0
user_02628,Henry Allison,robertmiles@gmail.com,2022-09-18,IN,starter,7,10.9,0.98,2.0,1,1,1132,0,0,0.0,0
user_02629,Jesse Poole,markpreston@gmail.com,2023-04-02,AU,free,0,6.5,1.16,1.0,1,14,936,0,1,0.0,0
user_02630,Joanna Miller,nichole33@yahoo.com,2022-01-08,DE,free,3,9.4,2.82,1.0,3,65,1385,1,1,0.0,1
user_02631,Christine Newman,macdonaldlynn@hotmail.com,2022-02-16,IN,starter,4,5.9,3.88,2.0,0,36,1346,0,0,0.0,0
user_02632,Dennis Crawford,jessicabell@yahoo.com,2023-09-04,GB,starter,4,6.0,1.17,3.0,1,16,781,0,0,0.0,0
user_02633,Andrew Jones,susannoble@gmail.com,2024-08-06,US,free,4,1.7,3.69,5.0,1,6,444,1,0,0.0,0
user_02634,Rebecca Acosta,lindsaymueller@gmail.com,2025-01-20,AU,free,8,10.0,5.43,3.0,1,3,277,1,0,0.0,0
user_02635,Cody Anderson,andrewskrystal@yahoo.com,2024-05-18,CA,starter,4,9.5,4.96,1.0,0,7,524,0,0,0.0,0
user_02636,Ryan Carroll,jill32@gmail.com,2024-12-25,US,starter,2,9.7,3.65,4.0,3,8,303,0,0,0.0,0
user_02637,Crystal Johnson,perkinsmonica@yahoo.com,2024-02-16,US,pro,4,11.1,5.92,1.3,1,13,616,0,0,0.0,0
user_02638,Allison Chavez,adrianperez@yahoo.com,2023-04-16,GB,starter,2,5.0,3.38,1.0,3,5,922,0,0,0.0,0
user_02639,John Young,hallbelinda@yahoo.com,2023-05-22,US,pro,3,13.9,0.77,2.6,1,4,886,0,0,0.0,0
user_02640,Kathryn Rowe,pam28@yahoo.com,2024-08-01,US,starter,4,12.0,4.45,0.0,2,55,449,0,0,0.0,0
user_02641,Daniel Smith,sarahholmes@gmail.com,2023-12-10,IN,free,3,4.8,1.74,3.0,1,8,684,0,0,0.0,0
user_02642,Nicholas Kelley,douglascohen@yahoo.com,2022-11-14,US,free,1,10.1,5.24,2.0,2,24,1075,1,0,0.0,0
user_02643,Felicia Jenkins,sandra46@gmail.com,2023-07-19,IN,starter,3,11.5,1.43,1.0,3,6,828,0,0,0.0,0
user_02644,Jennifer Barnes,dustinkelly@hotmail.com,2023-01-22,US,starter,6,6.1,1.92,3.0,2,20,1006,0,0,0.0,0
user_02645,Kimberly Donovan,kristenwilson@hotmail.com,2022-08-20,US,free,4,6.8,3.0,2.0,2,9,1161,1,0,0.0,0
user_02646,Michael Hansen,ffrost@hotmail.com,2022-03-07,CA,free,1,10.1,9.53,0.0,0,2,1327,0,0,0.0,0
user_02647,Douglas Stone,kgriffith@yahoo.com,2025-09-14,IN,pro,4,4.0,4.66,1.3,2,120,40,1,0,94.36,0
user_02648,Ana Blanchard,davidsonsandra@gmail.com,2024-05-08,US,free,3,3.6,3.11,3.0,1,18,534,0,0,0.0,0
user_02649,Nicholas Swanson,kingkevin@hotmail.com,2025-06-13,US,free,3,4.0,1.03,2.0,1,14,133,0,0,0.0,0
user_02650,Joseph Acosta,barnessean@hotmail.com,2022-02-02,GB,free,7,1.0,0.81,1.0,2,6,1360,1,0,0.0,0
user_02651,Sandra Foster,mullendaniel@gmail.com,2023-05-08,US,free,5,12.3,1.68,2.0,1,20,900,1,0,0.0,0
user_02652,Ernest Howell,george19@hotmail.com,2023-02-27,US,free,7,1.0,3.86,3.0,1,30,970,0,0,0.0,0
user_02653,William Olsen,nicholas60@hotmail.com,2022-05-18,US,free,3,9.4,3.11,3.0,0,10,1255,1,0,0.0,0
user_02654,Crystal Mcknight,stefaniedavis@gmail.com,2022-07-26,DE,free,2,11.2,2.46,1.0,1,19,1186,1,0,0.0,0
user_02655,Jeffrey Tyler,simonjeremiah@yahoo.com,2025-05-01,DE,starter,4,6.8,1.81,1.0,3,8,176,0,0,0.0,0
user_02656,Valerie Rogers,wjohnson@yahoo.com,2022-03-10,DE,free,2,5.3,4.45,3.0,1,22,1324,1,0,0.0,0
user_02657,William Campbell,amandabrown@yahoo.com,2024-07-03,CA,starter,6,8.9,6.68,4.0,2,46,478,0,0,0.0,0
user_02658,Lisa Hunt,xavier87@gmail.com,2025-05-09,CA,pro,6,10.0,6.36,0.0,5,1,168,0,0,0.0,0
user_02659,John Mueller,steven39@hotmail.com,2022-04-10,IN,free,1,12.0,5.8,5.0,3,21,1293,0,1,0.0,0
user_02660,Sylvia Scott,francesclark@hotmail.com,2023-05-17,GB,starter,2,1.0,2.29,6.0,4,15,891,0,0,0.0,0
user_02661,Jacqueline Ellis,ypayne@hotmail.com,2022-04-01,US,free,6,4.3,3.89,0.0,0,2,1302,0,0,0.0,0
user_02662,Alexandra Sims,tgomez@hotmail.com,2024-04-03,GB,pro,7,12.2,12.34,3.9000000000000004,2,84,569,1,0,82.33,0
user_02663,Sarah Fowler,goodwinheather@gmail.com,2024-06-17,DE,free,3,8.2,5.77,0.0,1,9,494,1,0,0.0,0
user_02664,Kimberly Delgado,deannadiaz@yahoo.com,2023-04-25,IN,starter,4,11.0,7.37,3.0,2,24,913,0,0,0.0,0
user_02665,Kevin Sherman,lisa45@yahoo.com,2025-01-10,US,starter,3,9.0,5.87,4.0,3,13,287,0,0,0.0,0
user_02666,Eric White,jonesisaac@hotmail.com,2023-03-21,US,free,4,7.5,6.88,1.0,2,9,948,0,0,0.0,0
user_02667,Phillip Mitchell,oadams@yahoo.com,2022-04-26,GB,free,2,6.8,1.77,3.0,1,22,1277,0,0,0.0,0
user_02668,Chad Beck,bbrown@hotmail.com,2022-10-14,CA,starter,7,17.3,1.41,5.0,3,35,1106,0,0,0.0,0
user_02669,Jasmine Roach,horngary@yahoo.com,2024-10-28,FR,starter,3,14.1,2.21,3.0,3,46,361,0,0,0.0,0
user_02670,Fred Ford,teresa78@hotmail.com,2023-08-16,US,free,4,10.0,1.93,4.0,3,30,800,0,0,0.0,0
user_02671,Jennifer Johnson,glennpacheco@gmail.com,2023-04-25,DE,starter,6,8.3,1.59,2.0,4,22,913,1,0,20.0,0
user_02672,Austin Jackson,vcervantes@hotmail.com,2025-03-25,GB,free,4,10.2,6.9,2.0,2,45,213,1,0,0.0,0
user_02673,Robert Newman,david39@hotmail.com,2023-10-16,FR,starter,2,11.3,0.85,3.0,2,21,739,0,0,0.0,0
user_02674,Caitlin Singleton,omeyer@gmail.com,2025-03-28,IN,free,6,9.7,5.81,2.0,1,109,210,0,0,0.0,0
user_02675,Brenda Coffey,gaustin@hotmail.com,2025-05-09,IN,pro,5,7.0,6.15,5.2,1,22,168,1,0,93.23,0
user_02676,Christopher Brown,ashley85@yahoo.com,2023-10-19,GB,free,3,15.1,0.04,3.0,1,11,736,0,0,0.0,0
user_02677,Susan Thomas,hobbskatelyn@hotmail.com,2023-05-01,CA,free,2,9.0,1.84,2.0,2,17,907,0,0,0.0,0
user_02678,Lee White,katherine59@yahoo.com,2023-09-11,AU,free,4,16.1,1.65,2.0,0,20,774,0,0,0.0,0
user_02679,Deborah Andrews,gonzaleschloe@hotmail.com,2022-10-21,US,free,6,8.7,1.31,2.0,2,10,1099,1,0,0.0,0
user_02680,Anna Williams,stephen89@gmail.com,2025-09-14,US,free,2,7.0,1.29,0.0,2,5,40,0,0,0.0,0
user_02681,Marcus Dean,crawfordkenneth@gmail.com,2024-12-03,AU,free,2,13.5,1.46,1.0,1,16,325,0,0,0.0,0
user_02682,Cheryl Mcknight,tchapman@hotmail.com,2023-03-29,IN,starter,6,9.2,1.35,2.0,2,68,940,0,0,0.0,0
user_02683,Cheryl Wiley,whernandez@gmail.com,2024-04-26,GB,free,2,8.5,1.83,4.0,0,8,546,0,0,0.0,0
user_02684,Benjamin Monroe,levineemily@hotmail.com,2023-09-08,IN,free,1,3.2,1.44,0.0,1,13,777,0,0,0.0,0
user_02685,Daniel Schaefer,millermegan@hotmail.com,2023-07-18,US,free,6,10.6,1.62,4.0,0,42,829,0,0,0.0,0
user_02686,Tyrone Wilson,christopherhayes@hotmail.com,2022-05-05,DE,free,4,6.0,9.06,2.0,2,2,1268,0,0,0.0,0
user_02687,David Rodriguez PhD,logan35@gmail.com,2025-02-14,CA,free,4,6.2,3.81,2.0,1,52,252,0,0,0.0,0
user_02688,Jeremy Wolfe,schultzbailey@gmail.com,2025-04-26,US,free,2,6.0,6.32,2.0,1,38,181,0,0,0.0,0
user_02689,Annette Sherman,jgarcia@yahoo.com,2022-12-25,US,free,1,9.8,0.88,1.0,0,23,1034,0,0,0.0,0
user_02690,Angela Kent,kellybeasley@hotmail.com,2025-07-06,FR,free,4,1.9,1.57,1.0,1,7,110,1,0,0.0,0
user_02691,Shannon Davis,hpierce@hotmail.com,2024-05-24,US,free,5,7.2,1.23,0.0,2,2,518,0,0,0.0,0
user_02692,Michael Ortega,qstephens@yahoo.com,2025-02-12,FR,free,5,11.9,9.64,3.0,2,7,254,1,0,0.0,0
user_02693,Anthony Taylor,lmendoza@yahoo.com,2024-10-12,US,free,2,3.0,4.84,2.0,1,43,377,0,0,0.0,0
user_02694,Sean Fry,wcarter@gmail.com,2022-04-07,GB,free,2,8.7,2.32,0.0,5,81,1296,1,1,0.0,1
user_02695,William Carter,tranzachary@gmail.com,2023-12-07,AU,pro,6,7.5,8.04,3.9000000000000004,2,40,687,0,0,0.0,0
user_02696,Gabriel Yu,kevinmontoya@gmail.com,2025-08-10,CA,free,7,6.4,2.25,2.0,1,22,75,0,0,0.0,0
user_02697,Joseph Meyer,agreen@gmail.com,2024-02-20,IN,starter,3,14.6,2.3,3.0,2,90,612,1,0,20.0,0
user_02698,Robert Jones,zstrickland@hotmail.com,2024-12-10,CA,free,5,1.4,1.43,4.0,0,52,318,0,0,0.0,0
user_02699,Cheyenne Reid,stewartmarcus@gmail.com,2023-10-15,US,starter,4,11.1,2.05,2.0,2,31,740,0,0,0.0,0
user_02700,Anthony Lambert,westryan@hotmail.com,2024-05-02,US,starter,2,6.1,2.46,0.0,3,1,540,0,0,0.0,0
user_02701,Sherry Nelson,laura40@hotmail.com,2024-04-16,AU,free,0,5.9,1.17,1.0,1,10,556,0,0,0.0,0
user_02702,Cynthia Rodriguez,dennisrose@hotmail.com,2022-11-02,DE,pro,7,5.6,8.9,5.2,3,11,1087,0,0,0.0,0
user_02703,Miss Laura Collins,taylorjennings@hotmail.com,2023-09-07,GB,free,0,11.0,5.62,2.0,1,12,778,0,1,0.0,0
user_02704,Lindsey Rojas,pattongabriel@yahoo.com,2024-02-10,US,free,1,7.2,1.59,2.0,3,14,622,0,0,0.0,0
user_02705,Ms. Sara Hill,walterssamantha@yahoo.com,2023-01-12,US,starter,1,6.7,0.38,3.0,3,84,1016,0,0,0.0,0
user_02706,Derrick Copeland,xhill@gmail.com,2025-01-06,US,starter,6,8.4,2.22,1.0,0,40,291,0,0,0.0,0
user_02707,James Small,ehunt@yahoo.com,2024-08-27,GB,free,2,7.3,2.32,2.0,0,35,423,1,0,0.0,0
user_02708,Lisa Lopez,callahankristen@gmail.com,2023-05-09,DE,free,7,1.0,4.89,2.0,2,16,899,0,0,0.0,0
user_02709,Mark Foley,fgarcia@yahoo.com,2023-04-07,IN,free,4,6.0,2.79,1.0,1,12,931,0,0,0.0,0
user_02710,Brandi Bryant,katherine43@gmail.com,2023-09-08,FR,free,6,11.6,0.5,4.0,0,3,777,0,0,0.0,0
user_02711,John Smith,orobbins@yahoo.com,2022-10-23,US,starter,5,2.0,2.17,0.0,3,18,1097,0,0,0.0,0
user_02712,William Baker,carlacarpenter@hotmail.com,2024-08-06,US,free,1,3.6,2.89,0.0,4,6,444,0,0,0.0,0
user_02713,Patricia Parker,samantha87@hotmail.com,2022-04-29,US,free,4,6.3,1.51,5.0,2,14,1274,0,0,0.0,0
user_02714,Gregory Doyle,ryanrobinson@yahoo.com,2025-02-25,IN,free,3,5.1,5.12,1.0,2,5,241,0,0,0.0,0
user_02715,Cody Anderson,heather24@hotmail.com,2024-04-25,US,free,5,7.9,5.11,2.0,0,12,547,1,0,0.0,0
user_02716,Brian Blankenship,anthony97@hotmail.com,2024-05-03,AU,free,1,3.6,2.67,4.0,0,1,539,0,0,0.0,0
user_02717,Kelsey Peters,karen16@yahoo.com,2025-02-15,US,starter,3,6.4,5.85,2.0,2,0,251,0,0,0.0,0
user_02718,Bob Underwood Jr.,patriciaholmes@gmail.com,2024-12-21,AU,pro,8,9.8,0.39,6.5,2,61,307,1,0,84.78,0
user_02719,Michele Horn,adamalvarez@gmail.com,2022-10-02,IN,starter,3,10.6,3.35,1.0,0,30,1118,1,0,20.0,0
user_02720,David Mitchell,ericrodriguez@gmail.com,2024-03-06,AU,free,0,13.0,3.5,1.0,2,26,597,0,1,0.0,0
user_02721,Gary Carter,tnelson@yahoo.com,2023-05-13,GB,pro,5,9.0,2.88,1.3,2,21,895,0,0,0.0,0
user_02722,Kevin Cameron,tonismith@gmail.com,2023-06-07,AU,starter,2,15.6,0.29,3.0,2,38,870,0,0,0.0,0
user_02723,Diana Andersen,ryan97@yahoo.com,2023-02-21,US,starter,3,7.3,2.06,2.0,2,39,976,1,0,20.0,0
user_02724,Tina Reynolds,lchoi@gmail.com,2023-11-08,CA,free,4,11.3,1.67,2.0,0,82,716,0,0,0.0,0
user_02725,Timothy Harvey,alyssa00@gmail.com,2025-08-17,AU,free,4,15.7,6.59,1.0,2,8,68,0,0,0.0,0
user_02726,Joe Brown,mendozajennifer@gmail.com,2022-06-11,US,free,3,8.6,4.24,2.0,2,46,1231,1,0,0.0,0
user_02727,Samantha Watson,garymcintyre@hotmail.com,2024-07-10,US,free,0,2.5,2.6,2.0,0,141,471,0,0,0.0,0
user_02728,Brittany Collins,timothy71@yahoo.com,2024-01-30,IN,free,2,8.4,2.33,1.0,3,0,633,0,0,0.0,0
user_02729,Matthew Barber,pyates@yahoo.com,2022-07-09,AU,free,2,5.6,6.89,2.0,0,14,1203,1,0,0.0,0
user_02730,Nicole Oneill,pdavis@hotmail.com,2025-01-01,IN,free,9,6.9,0.36,0.0,1,17,296,1,0,0.0,0
user_02731,Adam Pope,melissaabbott@hotmail.com,2023-01-26,IN,starter,3,15.9,0.38,1.0,2,51,1002,0,0,0.0,0
user_02732,Jennifer Pham,qle@yahoo.com,2022-04-16,US,free,5,3.1,9.07,1.0,1,0,1287,0,0,0.0,0
user_02733,George Johnson,sthomas@hotmail.com,2023-07-04,US,free,3,9.2,2.04,1.0,1,27,843,0,0,0.0,0
user_02734,Jeffrey Doyle,bailey85@hotmail.com,2024-02-12,DE,pro,7,6.5,1.23,5.2,3,66,620,0,0,0.0,0
user_02735,Maria Harris,sean79@hotmail.com,2025-05-23,US,pro,5,8.8,0.61,1.3,3,4,154,0,0,0.0,0
user_02736,Michelle Pearson,jenniferbennett@hotmail.com,2025-05-19,GB,starter,0,11.0,7.04,3.0,4,3,158,0,0,0.0,0
user_02737,Amanda Collins,washingtonamanda@yahoo.com,2022-03-22,AU,pro,4,11.3,1.67,2.6,3,253,1312,0,1,0.0,1
user_02738,Brian Hamilton,larryroach@yahoo.com,2022-05-30,US,free,0,7.1,0.95,2.0,4,52,1243,0,0,0.0,0
user_02739,Lisa Wilson,john12@gmail.com,2023-01-21,CA,pro,5,7.4,4.88,1.3,2,35,1007,0,0,0.0,0
user_02740,David Morris,regina32@gmail.com,2025-04-18,US,free,5,9.3,4.48,3.0,1,15,189,0,0,0.0,0
user_02741,Stacey Wilkerson,vaughanjason@gmail.com,2025-02-18,GB,free,3,14.8,3.15,2.0,1,57,248,0,0,0.0,0
user_02742,Scott Willis,taylorbonnie@yahoo.com,2023-03-21,US,free,3,4.4,3.15,3.0,1,76,948,0,0,0.0,0
user_02743,Kelly Johnson,michellestevens@gmail.com,2024-09-08,CA,free,2,15.6,1.24,1.0,0,39,411,0,0,0.0,0
user_02744,Michael Walsh,jefferyholmes@gmail.com,2023-03-04,US,free,1,12.8,3.27,2.0,2,15,965,0,0,0.0,0
user_02745,Jonathan Davis,hernandezkatie@gmail.com,2023-11-13,IN,starter,3,13.5,6.21,2.0,2,26,711,0,0,0.0,0
user_02746,Michelle Fisher,david82@gmail.com,2023-09-13,GB,starter,2,9.2,3.46,2.0,1,3,772,1,0,20.0,0
user_02747,Austin Dawson,vgraves@yahoo.com,2022-02-01,US,free,2,12.7,1.37,2.0,3,5,1361,0,0,0.0,0
user_02748,James Carter,bradley16@gmail.com,2023-03-10,CA,free,3,4.0,4.61,3.0,2,45,959,0,0,0.0,0
user_02749,Elizabeth Richards,jennifer19@gmail.com,2023-01-25,US,starter,1,5.3,1.44,1.0,0,0,1003,0,0,0.0,0
user_02750,Jeremy Davis MD,nicoleharmon@hotmail.com,2022-08-29,CA,starter,0,11.1,2.67,3.0,0,1,1152,1,0,20.0,0
user_02751,Raymond Odom,dana07@hotmail.com,2024-09-07,US,free,3,9.2,2.77,0.0,0,21,412,0,0,0.0,0
user_02752,Daniel Miller,walkerleslie@gmail.com,2023-05-12,CA,starter,3,7.4,9.16,7.0,1,5,896,0,0,0.0,0
user_02753,Jacob Francis,katherinemontgomery@hotmail.com,2025-05-22,US,free,5,1.0,3.55,4.0,3,10,155,0,0,0.0,0
user_02754,Diane Miller,michellecortez@gmail.com,2023-02-23,IN,free,2,6.3,1.08,3.0,2,15,974,0,0,0.0,0
user_02755,Sara Johnson,john80@gmail.com,2024-03-23,US,pro,6,5.3,1.48,1.3,1,22,580,0,0,0.0,0
user_02756,Katherine Mann,david06@gmail.com,2023-05-06,CA,free,3,10.0,2.76,1.0,1,10,902,0,0,0.0,0
user_02757,Jesus Anderson,curtis71@yahoo.com,2025-02-04,US,free,2,7.2,6.77,2.0,2,19,262,0,0,0.0,0
user_02758,Michelle Ortiz,iross@yahoo.com,2023-10-21,FR,pro,9,7.5,0.42,1.3,3,13,734,1,0,89.54,0
user_02759,Randy Acosta,mannthomas@gmail.com,2023-08-03,FR,starter,5,18.6,2.79,1.0,1,2,813,1,0,20.0,0
user_02760,Ricky Turner,smithsandra@gmail.com,2024-02-19,US,free,3,12.2,6.19,7.0,1,60,613,0,0,0.0,0
user_02761,Crystal Herring,elizabethjackson@yahoo.com,2024-08-12,GB,free,1,12.2,4.1,2.0,3,9,438,0,0,0.0,0
user_02762,Rodney Austin,jonesbrittney@hotmail.com,2024-12-28,US,free,3,16.8,7.87,2.0,2,28,300,1,0,0.0,0
user_02763,Mark Hampton,sydneyfrost@hotmail.com,2025-08-21,US,starter,4,11.2,2.13,1.0,4,25,64,0,0,0.0,0
user_02764,Eric Clarke,crichardson@yahoo.com,2024-01-06,CA,free,2,4.9,1.0,2.0,1,6,657,1,0,0.0,0
user_02765,Christina Powell,kgraves@gmail.com,2023-09-24,CA,free,2,4.4,2.11,3.0,2,0,761,1,0,0.0,0
user_02766,Amy Small,hburch@yahoo.com,2023-06-20,GB,pro,6,13.9,1.69,2.6,1,58,857,0,0,0.0,0
user_02767,Richard Griffith,gsmith@gmail.com,2024-01-07,US,free,2,1.0,8.85,3.0,2,20,656,1,0,0.0,0
user_02768,Elizabeth Ortiz,ljones@gmail.com,2024-11-16,US,free,1,7.7,2.94,1.0,1,16,342,0,0,0.0,0
user_02769,Brian Jones,cooperbenjamin@hotmail.com,2024-10-15,US,free,1,1.0,3.43,1.0,2,43,374,0,1,0.0,1
user_02770,Seth Smith,millerjill@yahoo.com,2024-08-12,CA,starter,3,8.4,1.02,3.0,1,1,438,1,0,20.0,0
user_02771,Jasmine Leonard,carlosbecker@hotmail.com,2022-07-21,IN,free,3,11.4,1.57,2.0,2,43,1191,0,0,0.0,0
user_02772,Kimberly Lloyd,nicole70@hotmail.com,2024-08-19,CA,free,3,9.1,5.04,2.0,2,15,431,0,0,0.0,0
user_02773,Douglas Wright,sullivanyvonne@gmail.com,2023-10-18,US,starter,0,11.8,2.49,5.0,3,24,737,0,0,0.0,0
user_02774,Dana Garcia,robert78@gmail.com,2023-02-21,US,free,4,15.9,1.87,2.0,2,41,976,0,0,0.0,0
user_02775,Dr. Brandon Shepherd,jamesmoreno@hotmail.com,2024-01-30,US,free,3,7.4,2.85,1.0,1,23,633,0,0,0.0,0
user_02776,Kristine Johnson,joshuasoto@yahoo.com,2023-10-03,US,free,5,19.2,1.9,1.0,2,1,752,0,0,0.0,0
user_02777,Sharon Lin,michelle08@hotmail.com,2024-04-27,US,free,8,8.9,0.18,3.0,1,39,545,0,0,0.0,0
user_02778,Carl Day,oross@hotmail.com,2022-04-04,DE,free,3,11.8,0.73,3.0,2,46,1299,0,0,0.0,0
user_02779,Jerry Carroll,owallace@yahoo.com,2025-02-26,FR,free,2,5.6,2.72,1.0,2,18,240,0,0,0.0,0
user_02780,Emily Marshall,vthomas@hotmail.com,2023-03-30,IN,free,5,14.5,5.06,1.0,1,17,939,0,0,0.0,0
user_02781,Timothy Morgan,flittle@hotmail.com,2022-10-26,IN,free,3,12.2,1.7,1.0,4,8,1094,0,0,0.0,0
user_02782,Jason Medina II,alexandria22@gmail.com,2022-02-03,US,starter,0,13.9,6.9,1.0,1,30,1359,1,0,20.0,0
user_02783,Robert Gibson,qadams@hotmail.com,2023-06-19,FR,pro,7,10.2,7.44,2.6,0,64,858,0,1,0.0,1
user_02784,Rodney Warren,zmason@hotmail.com,2025-02-07,US,starter,1,3.0,5.47,3.0,1,32,259,0,0,0.0,0
user_02785,Joshua Dixon,michaelpatterson@yahoo.com,2025-04-11,AU,pro,4,11.8,0.91,1.3,0,44,196,0,0,0.0,0
user_02786,Dennis Barr,elizabethhoffman@yahoo.com,2025-04-01,IN,free,2,1.2,4.79,4.0,1,54,206,0,0,0.0,0
user_02787,Katherine Thompson,diamondnorman@hotmail.com,2024-05-05,US,pro,4,8.7,2.41,0.0,1,7,537,1,0,88.49,0
user_02788,David Ortega,rhall@hotmail.com,2023-08-28,AU,free,3,8.8,7.19,4.0,1,15,788,0,0,0.0,0
user_02789,Jessica Gardner,qjohnson@gmail.com,2022-11-09,US,pro,8,19.5,3.2,2.6,3,17,1080,1,0,88.43,0
user_02790,Anita Jones,aaronjohnson@gmail.com,2023-02-06,GB,pro,7,11.3,2.32,3.9000000000000004,0,24,991,1,0,88.17,0
user_02791,Tina Brown,afitzgerald@gmail.com,2023-11-07,IN,starter,3,8.6,1.6,5.0,2,1,717,1,0,20.0,0
user_02792,Eric Johnson,kennedyrobert@yahoo.com,2023-04-17,US,pro,6,9.7,6.41,2.6,0,26,921,0,0,0.0,0
user_02793,Cindy Diaz,davegraves@hotmail.com,2024-02-17,IN,free,4,2.6,0.55,0.0,3,2,615,0,0,0.0,0
user_02794,Jose Lyons,pughmark@gmail.com,2025-03-12,CA,free,3,8.3,3.03,1.0,3,49,226,0,0,0.0,0
user_02795,Jesse Smith,mark01@yahoo.com,2023-05-19,CA,free,3,8.4,2.39,1.0,1,98,889,1,0,0.0,0
user_02796,Mary Oliver,denise44@gmail.com,2024-10-19,US,free,2,4.1,1.24,3.0,2,10,370,0,0,0.0,0
user_02797,Lauren Castro,john91@gmail.com,2025-02-01,AU,free,3,3.3,5.41,2.0,2,21,265,0,0,0.0,0
user_02798,Joshua Butler,rebecca74@gmail.com,2025-09-02,US,starter,4,6.1,4.03,0.0,1,51,52,0,0,0.0,0
user_02799,Kendra Hansen,williamsmichael@hotmail.com,2023-11-23,US,pro,5,10.3,1.97,6.5,1,11,701,0,0,0.0,0
user_02800,Lauren Moore,patricia98@gmail.com,2023-06-12,US,free,8,6.2,0.88,1.0,2,5,865,0,0,0.0,0
user_02801,John Rice,pachecoandrew@gmail.com,2024-09-27,US,starter,2,3.8,2.25,2.0,2,40,392,0,0,0.0,0
user_02802,Amy Peterson,shumphrey@hotmail.com,2025-08-07,US,pro,4,11.2,6.16,1.3,4,35,78,0,0,0.0,0
user_02803,William Robbins,ideleon@gmail.com,2024-10-01,AU,pro,11,12.2,5.26,5.2,5,25,388,0,0,0.0,0
user_02804,Danielle Smith,jamesanderson@gmail.com,2024-08-01,US,pro,5,10.5,6.26,5.2,1,86,449,0,0,0.0,0
user_02805,Michelle Johnson,blake34@yahoo.com,2022-12-11,US,free,3,5.7,0.34,5.0,2,93,1048,0,0,0.0,0
user_02806,Jodi Hall,sarahhunter@gmail.com,2023-12-23,US,pro,4,12.4,1.74,3.9000000000000004,2,59,671,0,0,0.0,0
user_02807,Claudia Christensen,hannamary@hotmail.com,2022-12-13,CA,starter,3,7.2,3.28,0.0,3,10,1046,0,0,0.0,0
user_02808,Jeremy Wolfe,rebekahmiller@hotmail.com,2022-10-14,FR,free,6,3.2,1.31,2.0,2,7,1106,1,0,0.0,0
user_02809,Jordan Jordan,fmorales@yahoo.com,2025-01-24,US,free,3,12.1,5.48,0.0,2,54,273,1,0,0.0,0
user_02810,Jack Edwards,rodney53@yahoo.com,2024-09-27,US,starter,2,9.4,2.09,3.0,3,31,392,0,0,0.0,0
user_02811,Martha Bird,katherinemartin@gmail.com,2023-01-12,US,free,2,7.5,0.91,3.0,1,15,1016,0,0,0.0,0
user_02812,Brandon Williams,lori79@gmail.com,2025-01-15,US,starter,2,1.7,0.83,1.0,4,15,282,0,0,0.0,0
user_02813,Derek Ross,iwise@yahoo.com,2025-08-07,US,starter,4,5.0,2.88,3.0,0,57,78,1,0,20.0,0
user_02814,Andrew Webster,marthaholmes@gmail.com,2022-05-01,IN,free,3,16.1,1.01,4.0,0,5,1272,0,0,0.0,0
user_02815,Donna Sullivan,arich@hotmail.com,2024-12-09,US,free,1,2.0,0.38,3.0,1,86,319,0,0,0.0,0
user_02816,Morgan Klein,esalazar@gmail.com,2022-03-11,IN,starter,5,7.0,1.34,1.0,1,30,1323,0,0,0.0,0
user_02817,Linda Fitzpatrick,sgomez@yahoo.com,2022-06-02,US,free,2,7.9,9.01,2.0,2,47,1240,0,0,0.0,0
user_02818,Rachel Ward,nknight@gmail.com,2025-09-30,AU,free,3,9.3,0.22,3.0,0,13,24,0,0,0.0,0
user_02819,Michelle Campos,farmermadeline@yahoo.com,2022-04-10,AU,free,3,2.0,1.62,2.0,1,26,1293,0,0,0.0,0
user_02820,Erin Elliott,sarah48@hotmail.com,2022-01-14,GB,free,5,8.7,1.59,3.0,1,41,1379,0,0,0.0,0
user_02821,Jennifer Smith,meghansnyder@gmail.com,2024-04-24,US,pro,7,3.3,2.04,2.6,1,17,548,0,0,0.0,0
user_02822,Christopher Weaver,philiphess@hotmail.com,2022-10-09,US,free,6,8.4,2.29,2.0,1,20,1111,1,0,0.0,0
user_02823,Jennifer Martin,hsingleton@gmail.com,2025-07-15,IN,starter,4,5.4,3.18,3.0,3,26,101,0,0,0.0,0
user_02824,Mathew Doyle,jacquelinelowery@hotmail.com,2023-04-19,CA,free,1,4.5,4.69,1.0,2,1,919,0,0,0.0,0
user_02825,Julie Roberts,dhartman@gmail.com,2022-05-20,IN,free,4,11.3,11.27,4.0,0,59,1253,0,0,0.0,0
user_02826,Keith Bailey,stephencampbell@gmail.com,2022-11-06,FR,starter,2,7.1,4.19,2.0,2,60,1083,1,0,20.0,0
user_02827,Tammy Jones,josechambers@yahoo.com,2022-01-19,AU,starter,2,9.9,5.46,3.0,4,9,1374,0,0,0.0,0
user_02828,Sheila Irwin,blacklisa@hotmail.com,2023-03-24,US,free,5,10.0,1.68,2.0,1,63,945,0,0,0.0,0
user_02829,Mary Ward,tonicordova@gmail.com,2024-11-01,GB,free,2,13.1,2.35,3.0,1,41,357,0,0,0.0,0
user_02830,Jennifer Gallagher,johnsmith@yahoo.com,2024-07-22,US,free,2,3.2,2.14,3.0,3,19,459,0,0,0.0,0
user_02831,Sara Flores,vanessa57@yahoo.com,2024-02-04,US,free,1,11.7,1.42,3.0,0,12,628,0,0,0.0,0
user_02832,David Perkins,zunigadanielle@hotmail.com,2022-05-04,IN,starter,4,8.1,2.62,4.0,3,15,1269,0,0,0.0,0
user_02833,Janice Richards,leemegan@yahoo.com,2025-06-19,US,free,2,6.5,0.67,1.0,1,22,127,0,0,0.0,0
user_02834,Jason Alexander,frostangela@gmail.com,2025-07-30,FR,free,4,3.4,1.6,2.0,3,15,86,0,0,0.0,0
user_02835,Jennifer Jackson,msmith@hotmail.com,2025-09-27,US,free,0,10.4,6.01,1.0,0,16,27,1,0,0.0,0
user_02836,Timothy Sanchez,vhaley@hotmail.com,2025-06-16,IN,pro,6,6.3,4.35,1.3,5,6,130,0,0,0.0,0
user_02837,Debra Bond,allenfields@gmail.com,2024-09-16,GB,pro,9,12.1,9.12,2.6,3,36,403,1,0,90.83,0
user_02838,Zachary Anderson,jcarter@hotmail.com,2025-09-12,CA,free,3,15.7,2.94,2.0,1,28,42,0,0,0.0,0
user_02839,Gary Dean,jesusjames@gmail.com,2024-09-26,US,starter,1,11.9,2.14,1.0,3,144,393,0,0,0.0,0
user_02840,Catherine Johnson,gomezrobert@yahoo.com,2022-02-02,FR,free,4,13.6,1.04,1.0,3,4,1360,0,0,0.0,0
user_02841,Patricia Ramsey,anthonytracy@hotmail.com,2022-01-14,GB,free,0,5.1,2.48,3.0,0,3,1379,0,1,0.0,0
user_02842,Alex Frazier,williamsstephanie@hotmail.com,2024-12-25,IN,starter,2,11.1,1.44,3.0,4,21,303,0,0,0.0,0
user_02843,Tammie Gonzalez,williamwilliams@yahoo.com,2025-02-03,US,pro,7,5.4,1.18,2.6,1,4,263,0,0,0.0,0
user_02844,Elizabeth Dudley,tsullivan@yahoo.com,2024-04-22,IN,pro,4,9.1,1.71,6.5,0,28,550,0,0,0.0,0
user_02845,Christian Mosley,sarajohnson@hotmail.com,2022-01-25,DE,free,3,15.0,3.64,2.0,0,6,1368,0,0,0.0,0
user_02846,Sara Harris,nguyensteven@hotmail.com,2022-02-04,GB,free,5,5.6,5.89,1.0,3,19,1358,0,0,0.0,0
user_02847,Mary Cook,johnstonsteven@hotmail.com,2024-12-20,FR,starter,2,12.4,3.86,0.0,5,28,308,0,0,0.0,0
user_02848,Laura Cunningham,aspencer@gmail.com,2023-07-17,IN,free,1,12.1,1.08,1.0,3,18,830,1,0,0.0,0
user_02849,Paula Evans,lori25@hotmail.com,2025-01-02,US,free,5,12.3,2.9,5.0,1,11,295,0,0,0.0,0
user_02850,Mary Holt,jennifer57@yahoo.com,2023-08-11,US,free,1,2.9,1.97,3.0,4,45,805,1,0,0.0,0
user_02851,Randy Potts,tasha11@yahoo.com,2022-02-05,US,starter,2,10.1,3.28,0.0,2,57,1357,0,1,0.0,1
user_02852,Kari Estrada,dmccarty@gmail.com,2024-10-25,CA,free,2,7.4,1.6,0.0,0,9,364,1,0,0.0,0
user_02853,Paul Davis,jennifer56@hotmail.com,2024-05-31,DE,free,2,12.4,4.48,2.0,1,50,511,0,0,0.0,0
user_02854,Sean Benton,jeffreyodom@gmail.com,2023-01-03,US,pro,5,3.4,6.72,2.6,6,14,1025,0,0,0.0,0
user_02855,Heather Banks,barrettsara@gmail.com,2022-08-08,IN,free,1,9.5,4.08,0.0,2,20,1173,1,0,0.0,0
user_02856,Amber Hernandez,mooremonique@yahoo.com,2022-07-17,IN,free,2,8.9,2.77,0.0,1,7,1195,1,0,0.0,0
user_02857,Emily Hernandez,luisburns@gmail.com,2024-12-09,IN,free,3,1.0,4.58,3.0,2,29,319,0,0,0.0,0
user_02858,Jocelyn Martin,rberry@hotmail.com,2022-11-01,US,free,3,4.5,0.64,4.0,1,3,1088,1,0,0.0,0
user_02859,Rebecca Watson,ian23@gmail.com,2023-05-09,US,free,0,1.0,1.88,3.0,0,26,899,0,0,0.0,0
user_02860,Alex King,hernandezjonathan@yahoo.com,2023-01-29,US,free,5,5.1,5.53,0.0,1,137,999,1,0,0.0,0
user_02861,Victor Foster,melissacollins@hotmail.com,2025-06-23,US,pro,10,12.2,1.62,1.3,0,42,123,1,0,83.34,0
user_02862,Joanne Mayer,kevin05@gmail.com,2024-12-14,US,free,3,8.8,4.73,2.0,1,67,314,0,0,0.0,0
user_02863,Nancy Ibarra,davidthompson@yahoo.com,2023-06-01,US,pro,4,10.7,4.55,5.2,3,18,876,1,0,80.94,0
user_02864,Kristin Matthews,claudia53@gmail.com,2023-12-27,GB,free,3,3.8,2.32,2.0,0,4,667,0,0,0.0,0
user_02865,Randy Miller,wintersbeverly@hotmail.com,2023-07-02,US,free,1,12.5,1.91,2.0,1,10,845,0,0,0.0,0
user_02866,Melissa Kirby,austinheather@yahoo.com,2024-03-23,AU,free,3,7.9,1.08,1.0,2,1,580,0,0,0.0,0
user_02867,Michael Davis,millertammy@gmail.com,2022-06-11,US,free,3,8.1,4.75,1.0,2,20,1231,1,0,0.0,0
user_02868,Michael Murray,mcaldwell@hotmail.com,2024-02-04,US,starter,1,11.8,2.87,6.0,0,31,628,0,0,0.0,0
user_02869,Debra Davis,wadkins@gmail.com,2024-04-11,US,free,5,4.0,5.54,2.0,1,16,561,0,0,0.0,0
user_02870,James Stephenson,hoodnathan@yahoo.com,2024-07-29,US,free,4,8.9,3.92,2.0,1,24,452,1,0,0.0,0
user_02871,Kendra Lee,yateseric@hotmail.com,2025-03-03,FR,pro,3,11.7,3.88,7.800000000000001,1,11,235,1,0,93.66,0
user_02872,Louis Trevino,brandicampos@yahoo.com,2023-05-14,US,pro,6,7.8,2.59,1.3,2,2,894,0,0,0.0,0
user_02873,Stephanie Lee,phale@yahoo.com,2023-04-08,AU,pro,4,12.6,1.49,2.6,2,16,930,1,0,88.48,0
user_02874,Brian Farrell,dgreen@gmail.com,2023-09-07,FR,free,11,9.9,0.79,2.0,0,23,778,0,0,0.0,0
user_02875,Christopher Reed,pattersonlauren@gmail.com,2022-06-15,IN,starter,0,7.6,5.38,1.0,3,121,1227,1,1,20.0,1
user_02876,Wanda Webb,adamscarl@yahoo.com,2025-08-31,IN,free,4,7.5,2.06,2.0,0,12,54,0,0,0.0,0
user_02877,Daniel Hunt,baldwineric@gmail.com,2025-08-23,CA,free,3,10.1,3.65,1.0,1,33,62,0,0,0.0,0
user_02878,David Byrd,fgriffin@hotmail.com,2022-03-06,US,free,3,11.2,1.07,3.0,2,51,1328,0,0,0.0,0
user_02879,Curtis Rodriguez,jmunoz@gmail.com,2022-07-11,GB,free,0,8.3,1.37,1.0,2,12,1201,0,0,0.0,0
user_02880,Lori Peters,fstrickland@gmail.com,2024-04-10,US,free,1,12.5,1.92,2.0,1,79,562,0,0,0.0,0
user_02881,Benjamin Mcdonald,masseychristian@gmail.com,2024-02-16,US,free,4,10.6,2.35,1.0,2,12,616,0,0,0.0,0
user_02882,Pamela Smith,kellyevans@gmail.com,2024-02-12,IN,pro,10,2.8,0.78,3.9000000000000004,3,105,620,0,0,0.0,0
user_02883,Katrina West,valerie87@hotmail.com,2025-02-05,IN,free,1,2.4,0.59,1.0,1,0,261,0,0,0.0,0
user_02884,Amanda Dominguez,christinathompson@gmail.com,2024-09-01,FR,free,0,12.7,1.3,2.0,3,30,418,0,0,0.0,0
user_02885,Mark Oliver,psaunders@hotmail.com,2022-04-25,US,free,2,7.0,2.9,1.0,0,46,1278,1,0,0.0,0
user_02886,Stephen Hunter,jmccarthy@gmail.com,2025-07-28,DE,pro,7,10.7,5.23,2.6,1,9,88,0,1,0.0,0
user_02887,Christopher Bryan,zcaldwell@gmail.com,2022-01-20,US,free,2,12.6,3.61,3.0,2,3,1373,0,0,0.0,0
user_02888,Derek Phillips,shawn54@hotmail.com,2022-12-17,US,free,3,8.0,4.85,3.0,3,0,1042,1,0,0.0,0
user_02889,Ethan Mullins,keithross@hotmail.com,2022-06-19,US,starter,3,8.1,0.67,4.0,1,2,1223,0,0,0.0,0
user_02890,Tiffany Spencer,ambergray@hotmail.com,2024-10-20,IN,starter,1,4.5,2.58,1.0,2,23,369,1,0,20.0,0
user_02891,Erin Johnson,paulallen@hotmail.com,2024-06-07,US,free,3,9.5,3.05,2.0,0,54,504,1,0,0.0,0
user_02892,Kevin Simmons,adamsjohn@hotmail.com,2025-08-13,IN,starter,2,10.3,7.95,2.0,1,1,72,1,0,20.0,0
user_02893,Paul Stanley,grimesclifford@hotmail.com,2023-11-10,DE,starter,4,5.7,5.1,4.0,1,3,714,0,0,0.0,0
user_02894,Alicia Rivas,markbrown@yahoo.com,2025-03-04,IN,starter,4,4.3,2.14,1.0,3,0,234,0,0,0.0,0
user_02895,Jorge Baldwin,schroederlisa@hotmail.com,2022-07-15,IN,free,2,18.5,1.96,3.0,0,9,1197,1,0,0.0,0
user_02896,Lynn Randolph,clarkdaniel@gmail.com,2024-12-17,FR,pro,4,9.6,1.44,1.3,0,76,311,0,0,0.0,0
user_02897,Stephanie Bradley,raymondpena@hotmail.com,2022-03-29,CA,free,3,5.3,1.58,4.0,1,9,1305,0,0,0.0,0
user_02898,Sean Brown,morrisjoyce@gmail.com,2023-04-16,IN,free,2,10.8,3.46,1.0,1,17,922,0,0,0.0,0
user_02899,Zachary Carlson,ggrant@gmail.com,2023-03-09,US,free,5,7.8,2.98,3.0,0,5,960,1,0,0.0,0
user_02900,Pamela Crawford,alexandermcdaniel@yahoo.com,2025-03-06,FR,free,3,3.7,1.27,5.0,1,3,232,0,0,0.0,0
user_02901,Alejandro White,melissahubbard@yahoo.com,2024-08-31,GB,free,3,9.9,1.02,1.0,4,6,419,0,0,0.0,0
user_02902,John Jones,thomasjason@hotmail.com,2023-07-10,US,starter,7,4.6,3.92,5.0,2,7,837,1,0,20.0,0
user_02903,Robert Walker,gonzalespeggy@hotmail.com,2022-04-06,US,free,4,14.3,3.22,1.0,0,4,1297,1,0,0.0,0
user_02904,Ann Williams,jonesmegan@gmail.com,2022-06-02,DE,free,2,10.0,1.37,0.0,0,47,1240,0,0,0.0,0
user_02905,Janet Davis DDS,normanbyrd@hotmail.com,2023-07-29,US,free,4,6.9,3.98,2.0,0,19,818,0,0,0.0,0
user_02906,Rebecca Mason,roachtyler@yahoo.com,2025-01-17,AU,free,3,8.4,2.34,2.0,1,23,280,0,0,0.0,0
user_02907,Dawn Padilla,rwhite@yahoo.com,2025-02-28,US,pro,6,13.6,3.16,5.2,3,14,238,1,0,89.77,0
user_02908,Devin Shepherd,john04@hotmail.com,2025-09-09,DE,free,6,8.7,0.42,1.0,3,7,45,0,0,0.0,0
user_02909,Doris Walker,williamkennedy@gmail.com,2022-03-09,US,free,2,16.5,2.73,6.0,1,2,1325,1,0,0.0,0
user_02910,Tyler Hernandez,rhondamora@yahoo.com,2023-01-03,IN,free,0,12.5,1.37,1.0,2,2,1025,1,0,0.0,0
user_02911,John Tapia,ericaday@yahoo.com,2023-10-07,FR,free,3,10.0,2.22,1.0,2,6,748,0,0,0.0,0
user_02912,Glenn Parker,alexander38@yahoo.com,2022-02-02,IN,free,3,4.3,3.27,3.0,1,56,1360,0,0,0.0,0
user_02913,Christina Hansen,margaretmiller@hotmail.com,2023-03-01,IN,starter,1,7.4,1.39,3.0,2,7,968,1,0,20.0,0
user_02914,Sharon Horne,arroyologan@yahoo.com,2025-04-17,US,pro,6,11.9,1.61,3.9000000000000004,1,13,190,0,0,0.0,0
user_02915,Colton Bennett,markcortez@yahoo.com,2022-10-23,US,free,0,4.7,0.91,3.0,1,25,1097,0,0,0.0,0
user_02916,Kelly Jackson,ecollier@gmail.com,2024-03-26,US,starter,2,13.2,6.66,1.0,1,21,577,0,0,0.0,0
user_02917,Christine Martinez,snydertimothy@yahoo.com,2022-06-07,CA,starter,4,4.1,1.56,3.0,3,32,1235,0,0,0.0,0
user_02918,Julie Jackson,mdiaz@hotmail.com,2023-09-05,US,starter,6,5.5,1.78,1.0,2,6,780,1,0,20.0,0
user_02919,Steven Burgess,megan66@hotmail.com,2022-11-29,US,free,3,5.8,2.91,4.0,1,22,1060,0,0,0.0,0
user_02920,Jason White,haley26@yahoo.com,2025-02-28,IN,free,3,11.0,4.45,0.0,0,43,238,0,0,0.0,0
user_02921,Francisco Gonzales,gpace@gmail.com,2023-05-08,GB,free,0,4.8,3.19,1.0,1,14,900,0,0,0.0,0
user_02922,Gregory Calderon,hancockeric@yahoo.com,2025-03-06,CA,starter,7,1.0,1.26,1.0,2,107,232,0,0,0.0,0
user_02923,Laura Quinn,mtaylor@yahoo.com,2024-03-07,US,starter,3,12.4,1.19,0.0,3,25,596,0,0,0.0,0
user_02924,Christine Davis,wcox@hotmail.com,2025-01-12,US,free,4,6.2,1.79,2.0,2,33,285,0,0,0.0,0
user_02925,Nicolas Bird,vincent46@hotmail.com,2023-11-11,AU,free,5,3.7,5.49,1.0,3,18,713,0,0,0.0,0
user_02926,Angela Copeland,davisjennifer@hotmail.com,2024-02-26,US,pro,5,7.0,4.28,5.2,2,58,606,0,0,0.0,0
user_02927,Jerry Wright,chungmadison@hotmail.com,2022-10-14,FR,starter,0,14.9,2.39,0.0,3,18,1106,0,0,0.0,0
user_02928,Sophia Johnson,martinezchristina@hotmail.com,2022-06-10,FR,pro,4,7.4,2.75,3.9000000000000004,2,85,1232,1,0,97.03,0
user_02929,Bradley Taylor,kimberlysparks@gmail.com,2024-10-22,DE,starter,1,7.5,3.52,9.0,1,11,367,1,0,20.0,0
user_02930,Roy Thomas DVM,yoliver@hotmail.com,2023-12-10,US,free,2,6.2,2.99,3.0,1,60,684,0,0,0.0,0
user_02931,Marissa Vazquez,kellystone@yahoo.com,2022-04-20,DE,free,2,3.1,5.03,0.0,1,30,1283,0,0,0.0,0
user_02932,Jeffrey White,caldwellkayla@yahoo.com,2022-07-20,DE,starter,3,5.0,0.33,3.0,2,48,1192,0,1,0.0,1
user_02933,Amanda Lee,paulshort@hotmail.com,2024-06-14,GB,free,2,2.8,6.09,0.0,2,1,497,1,0,0.0,0
user_02934,Dana Banks,xhunt@hotmail.com,2023-04-21,US,free,3,11.8,3.29,2.0,2,9,917,0,0,0.0,0
user_02935,Christopher Singh,zporter@gmail.com,2022-06-05,US,starter,3,8.4,2.73,4.0,1,56,1237,0,0,0.0,0
user_02936,Charlene Hurley,gwatts@yahoo.com,2023-11-29,US,free,6,17.9,2.01,3.0,1,11,695,1,0,0.0,0
user_02937,Ann Brooks,lopeztracey@gmail.com,2025-05-24,IN,starter,4,5.2,0.26,4.0,2,37,153,1,0,20.0,0
user_02938,James Franklin,hollandhelen@yahoo.com,2025-06-11,GB,free,4,4.6,2.74,1.0,0,145,135,0,0,0.0,0
user_02939,Amy Adams,alvarezandrew@gmail.com,2025-05-04,US,pro,4,16.1,4.1,2.6,3,5,173,0,0,0.0,0
user_02940,William Garcia,ryanmoore@gmail.com,2024-03-23,IN,free,0,12.2,8.33,5.0,0,16,580,1,1,0.0,0
user_02941,Joshua Clark,haydenmichael@gmail.com,2023-10-31,US,free,4,9.5,0.99,1.0,3,5,724,0,1,0.0,0
user_02942,John Logan,garciavictoria@gmail.com,2022-03-02,GB,starter,2,3.5,1.62,2.0,2,5,1332,0,0,0.0,0
user_02943,Kristine Johnson,olawson@hotmail.com,2025-07-22,AU,free,7,15.0,3.1,0.0,1,30,94,1,0,0.0,0
user_02944,Angela Hines,briantucker@gmail.com,2023-07-14,US,starter,3,7.7,5.89,1.0,2,6,833,0,0,0.0,0
user_02945,Sarah Ray,brownlawrence@yahoo.com,2024-07-11,US,starter,1,6.3,2.98,2.0,2,19,470,0,0,0.0,0
user_02946,Tyler Fleming,nwilson@yahoo.com,2024-10-01,US,free,1,12.6,2.18,2.0,0,114,388,1,0,0.0,0
user_02947,Richard Morgan,henry28@gmail.com,2023-04-13,GB,free,4,7.9,0.8,4.0,3,12,925,0,0,0.0,0
user_02948,Alejandro Martinez,madelineglenn@gmail.com,2023-12-30,CA,free,3,3.3,2.65,0.0,1,62,664,0,0,0.0,0
user_02949,James Valdez,ajacobs@yahoo.com,2025-02-06,AU,free,4,8.2,1.19,5.0,0,15,260,1,0,0.0,0
user_02950,David Perez,jsloan@hotmail.com,2024-02-08,US,pro,6,6.9,2.05,1.3,3,9,624,0,0,0.0,0
user_02951,Philip Gill,tiffanyjimenez@yahoo.com,2024-06-03,AU,starter,2,1.0,2.78,0.0,1,12,508,0,0,0.0,0
user_02952,Richard Cruz,oellis@gmail.com,2023-01-16,US,starter,0,4.5,2.18,1.0,5,4,1012,1,0,20.0,0
user_02953,Kimberly Stevens,riverajessica@yahoo.com,2025-04-14,GB,starter,1,5.9,3.02,0.0,2,34,193,0,0,0.0,0
user_02954,Lisa Wilson,edwardwalker@hotmail.com,2025-09-15,US,free,3,3.4,1.77,1.0,2,21,39,1,0,0.0,0
user_02955,Johnny Willis,emily94@yahoo.com,2024-02-18,FR,pro,6,12.3,3.95,1.3,2,28,614,0,0,0.0,0
user_02956,Alexander Rodriguez,scampbell@gmail.com,2022-06-25,IN,starter,3,4.9,1.12,5.0,1,10,1217,0,0,0.0,0
user_02957,David Diaz,nparks@gmail.com,2025-06-20,CA,starter,1,9.9,1.26,2.0,3,31,126,0,0,0.0,0
user_02958,Shane Campbell,blevinstiffany@gmail.com,2023-08-28,FR,pro,9,5.1,7.56,2.6,1,5,788,1,0,82.15,0
user_02959,Samantha Rodgers,alexandrahall@hotmail.com,2023-05-20,US,free,2,11.6,8.22,0.0,2,31,888,1,0,0.0,0
user_02960,William Austin,richardwright@hotmail.com,2022-05-31,US,starter,2,2.9,7.55,2.0,1,2,1242,0,0,0.0,0
user_02961,Richard Vargas,heather75@hotmail.com,2022-06-18,FR,free,5,1.0,1.48,1.0,1,15,1224,0,0,0.0,0
user_02962,Anthony Jacobs,ilee@yahoo.com,2023-07-03,US,free,4,12.9,3.43,1.0,1,28,844,0,0,0.0,0
user_02963,Kevin Wang,phillipscourtney@yahoo.com,2022-11-12,US,free,4,4.6,1.69,5.0,2,57,1077,0,0,0.0,0
user_02964,Anthony Hernandez,gparks@gmail.com,2024-02-18,IN,pro,5,17.0,3.99,3.9000000000000004,2,50,614,0,0,0.0,0
user_02965,Elizabeth Larsen,eortega@hotmail.com,2025-07-22,GB,pro,11,12.3,4.0,2.6,0,22,94,1,0,87.38,0
user_02966,Karen Rocha,cervantestracy@yahoo.com,2022-11-12,US,starter,5,11.2,2.17,4.0,3,64,1077,0,0,0.0,0
user_02967,Michael Thompson,ericgarcia@yahoo.com,2024-03-08,US,starter,5,12.2,2.08,0.0,2,21,595,0,0,0.0,0
user_02968,James Manning,charris@gmail.com,2023-10-11,US,free,7,8.5,0.31,3.0,2,21,744,0,0,0.0,0
user_02969,Nicholas Decker,fmckinney@hotmail.com,2024-01-09,IN,pro,5,10.5,2.38,1.3,1,38,654,0,0,0.0,0
user_02970,John Leon,trevoranderson@yahoo.com,2022-08-07,FR,free,2,13.1,3.48,4.0,2,63,1174,0,0,0.0,0
user_02971,Kristy Lee,pamelaholland@hotmail.com,2022-07-07,AU,free,3,8.4,4.46,1.0,1,27,1205,1,0,0.0,0
user_02972,Pamela Greene,roger20@hotmail.com,2022-01-11,GB,free,6,5.1,2.17,4.0,0,86,1382,0,0,0.0,0
user_02973,James Mack,rmartin@gmail.com,2023-09-24,US,starter,2,10.3,6.44,2.0,3,7,761,1,0,20.0,0
user_02974,Robert Garcia,ocastaneda@hotmail.com,2024-06-29,AU,starter,6,1.0,2.75,3.0,3,77,482,1,0,20.0,0
user_02975,Bradley Ortiz,tammydecker@yahoo.com,2024-01-08,IN,free,6,13.3,5.68,2.0,2,7,655,1,0,0.0,0
user_02976,Kimberly Medina,hensleymichael@gmail.com,2023-07-07,US,free,4,13.4,2.79,1.0,0,22,840,1,0,0.0,0
user_02977,Joseph Walter,andrewfoster@yahoo.com,2022-07-29,AU,starter,5,12.8,0.07,1.0,2,47,1183,0,0,0.0,0
user_02978,Victor Chavez,brendacurry@hotmail.com,2022-09-29,DE,free,4,12.6,5.84,2.0,1,48,1121,0,0,0.0,0
user_02979,Amanda Gomez,travis26@hotmail.com,2022-06-28,CA,starter,2,7.7,2.04,0.0,3,9,1214,0,0,0.0,0
user_02980,Jennifer Cohen,carol09@gmail.com,2023-01-19,CA,pro,5,9.6,2.93,1.3,1,127,1009,0,1,0.0,1
user_02981,Stacey Ford,william39@yahoo.com,2024-06-01,US,free,6,3.1,0.78,0.0,0,2,510,0,0,0.0,0
user_02982,Allen Harper,cartermolly@gmail.com,2024-07-08,US,free,5,15.0,4.61,1.0,3,1,473,1,0,0.0,0
user_02983,Michelle Reed,nicholaswilson@yahoo.com,2025-02-14,CA,starter,2,6.1,0.87,4.0,0,55,252,1,0,20.0,0
user_02984,Hunter Fischer,williamsdavid@hotmail.com,2025-02-10,US,starter,2,9.4,5.8,3.0,3,51,256,1,0,20.0,0
user_02985,John Thompson,bdavis@gmail.com,2024-11-15,IN,free,4,9.0,1.99,0.0,0,37,343,0,0,0.0,0
user_02986,Hayden Robinson,feliciasummers@gmail.com,2024-04-15,DE,pro,6,4.6,6.66,2.6,3,57,557,1,0,107.56,0
user_02987,William Bryant DVM,steven48@hotmail.com,2022-07-31,DE,free,3,1.0,1.08,3.0,0,4,1181,0,0,0.0,0
user_02988,Angela Hooper,gabriella55@yahoo.com,2022-02-23,IN,free,6,8.0,6.12,1.0,1,3,1339,0,0,0.0,0
user_02989,Paul Lopez MD,christina70@yahoo.com,2022-07-03,DE,starter,3,6.2,3.79,0.0,1,104,1209,0,0,0.0,0
user_02990,Emma Valencia,davisdaniel@gmail.com,2023-12-26,FR,pro,7,9.6,2.89,3.9000000000000004,3,29,668,0,1,0.0,0
user_02991,Dr. Lisa Love,kathleen55@gmail.com,2025-02-09,CA,free,4,12.3,5.27,1.0,1,75,257,0,0,0.0,0
user_02992,Cynthia Williams,hortonmichele@gmail.com,2022-07-10,US,starter,4,8.9,2.75,1.0,0,71,1202,0,0,0.0,0
user_02993,Matthew Miller,antonioweeks@yahoo.com,2025-05-07,US,free,4,11.0,7.66,3.0,2,31,170,1,0,0.0,0
user_02994,Lindsey Davis,rojascatherine@hotmail.com,2025-05-09,US,free,5,9.8,1.43,0.0,1,29,168,1,0,0.0,0
user_02995,Leah Sanchez,millersara@yahoo.com,2023-10-27,US,free,0,6.7,4.93,4.0,3,13,728,0,0,0.0,0
user_02996,Rebecca Trujillo,glee@yahoo.com,2024-02-28,US,pro,6,6.0,6.14,1.3,2,4,604,1,0,81.03,0
user_02997,Jason Bass,austinsharon@yahoo.com,2022-01-26,US,free,1,9.1,0.58,4.0,1,34,1367,0,0,0.0,0
user_02998,Kristie Nunez,nchavez@gmail.com,2023-08-21,IN,free,3,8.3,0.77,3.0,1,51,795,1,0,0.0,0
user_02999,Eugene Reynolds,ntaylor@hotmail.com,2024-04-27,AU,free,10,11.7,1.85,2.0,3,23,545,1,0,0.0,0
user_03000,Sara Taylor,moorematthew@hotmail.com,2024-03-05,US,pro,6,9.4,4.88,2.6,2,1,598,1,0,88.54,0
user_03001,Julie Hernandez,vbrown@yahoo.com,2022-06-23,CA,starter,3,6.8,4.37,1.0,2,4,1219,0,0,0.0,0
user_03002,Julie White,kimberlylewis@gmail.com,2025-02-19,CA,starter,2,7.1,3.2,0.0,3,3,247,0,1,0.0,0
user_03003,Jennifer Rodriguez,tonypreston@gmail.com,2023-05-13,US,free,2,4.3,4.87,1.0,3,32,895,1,0,0.0,0
user_03004,Melissa Palmer,ovaughan@hotmail.com,2025-03-17,AU,starter,1,13.8,2.1,1.0,3,24,221,0,1,0.0,0
user_03005,Carl Kaufman,suarezcorey@yahoo.com,2024-12-03,GB,free,4,12.6,4.46,3.0,3,18,325,0,0,0.0,0
user_03006,Brian Holder,gravesjanet@hotmail.com,2022-12-14,US,starter,4,3.1,2.72,0.0,1,23,1045,0,0,0.0,0
user_03007,Mrs. Sarah Vang PhD,alexschaefer@hotmail.com,2024-02-19,DE,pro,8,13.2,2.77,2.6,1,9,613,1,0,80.8,0
user_03008,Karen Miller,inorton@gmail.com,2022-12-14,US,free,6,1.0,0.79,2.0,1,49,1045,0,1,0.0,1
user_03009,Crystal Burns,william85@hotmail.com,2022-10-12,CA,starter,2,11.9,0.37,4.0,3,11,1108,0,0,0.0,0
user_03010,Holly Phillips,hlopez@gmail.com,2023-07-05,US,free,2,5.2,2.06,2.0,3,31,842,1,0,0.0,0
user_03011,Jeffrey Mason,hurstjeremiah@hotmail.com,2023-09-09,FR,free,2,9.4,2.86,0.0,2,14,776,0,0,0.0,0
user_03012,Tina Elliott,laurenmoore@gmail.com,2023-07-04,IN,free,2,1.0,1.39,2.0,0,2,843,0,0,0.0,0
user_03013,Sara Dillon,lopezkayla@hotmail.com,2024-10-06,GB,free,1,3.2,1.73,2.0,1,8,383,1,0,0.0,0
user_03014,Emily Jackson,laura55@yahoo.com,2022-10-26,US,free,2,9.9,1.88,4.0,2,100,1094,0,0,0.0,0
user_03015,Chloe York,pbrown@gmail.com,2022-05-10,CA,starter,4,5.2,1.0,2.0,1,6,1263,0,0,0.0,0
user_03016,Brandon Martinez,toddlawson@gmail.com,2022-12-09,DE,free,4,4.6,1.32,1.0,2,3,1050,0,0,0.0,0
user_03017,Donna Brown,lyonschristopher@yahoo.com,2024-06-09,IN,starter,3,13.6,3.91,4.0,2,10,502,0,0,0.0,0
user_03018,Billy Duncan,latoyahernandez@hotmail.com,2023-07-20,GB,free,2,16.8,2.25,4.0,1,63,827,0,1,0.0,1
user_03019,Jesse Allen,usaunders@hotmail.com,2024-05-12,IN,free,2,11.7,3.2,2.0,3,10,530,0,0,0.0,0
user_03020,Mary Rose MD,thomasmercer@yahoo.com,2023-09-06,FR,starter,2,3.6,0.48,0.0,1,16,779,0,0,0.0,0
user_03021,Kathy Wells,matthewmcneil@hotmail.com,2024-09-18,IN,free,1,15.1,5.51,3.0,3,11,401,0,0,0.0,0
user_03022,Jared Green,williamsoncassandra@gmail.com,2022-06-07,FR,free,2,1.8,2.6,2.0,1,135,1235,0,1,0.0,1
user_03023,Rebecca Boyer,asnow@hotmail.com,2024-01-10,DE,starter,3,6.8,4.34,1.0,0,269,653,0,0,0.0,0
user_03024,Kimberly Hoffman,qsmith@hotmail.com,2023-05-31,IN,free,2,8.2,0.86,2.0,3,19,877,1,0,0.0,0
user_03025,William Murray,patriciahunter@hotmail.com,2023-05-21,US,free,3,15.7,3.55,1.0,2,46,887,0,0,0.0,0
user_03026,Amy Curtis,hallamanda@gmail.com,2025-07-04,IN,free,5,11.7,1.88,3.0,3,7,112,0,0,0.0,0
user_03027,John Garrett,travis05@gmail.com,2024-10-12,DE,pro,8,8.1,13.2,1.3,2,14,377,0,0,0.0,0
user_03028,Julie Davidson,delgadojohn@yahoo.com,2025-05-01,US,starter,1,4.2,1.48,1.0,3,34,176,0,0,0.0,0
user_03029,Duane Garcia,kflores@hotmail.com,2025-06-16,IN,starter,3,12.0,2.69,4.0,4,10,130,0,0,0.0,0
user_03030,Rachel Butler,twilliams@gmail.com,2023-02-05,DE,starter,6,5.9,0.94,0.0,1,7,992,0,0,0.0,0
user_03031,Wesley Lewis,claynathan@yahoo.com,2024-07-26,US,free,3,8.9,2.66,5.0,0,76,455,0,0,0.0,0
user_03032,Elijah Davies,rebecca22@hotmail.com,2022-08-08,GB,free,3,2.5,2.38,4.0,0,8,1173,0,0,0.0,0
user_03033,Edward Leon,karen00@hotmail.com,2022-10-05,US,starter,1,10.3,5.16,1.0,3,1,1115,0,0,0.0,0
user_03034,Dustin Terry,nathan64@gmail.com,2023-09-16,US,free,2,10.0,2.79,4.0,2,41,769,0,0,0.0,0
user_03035,Nancy Perkins,glennsmith@yahoo.com,2022-01-14,DE,free,0,3.0,1.93,0.0,0,8,1379,0,0,0.0,0
user_03036,Ashlee Lambert,piercerichard@yahoo.com,2024-03-21,US,free,2,12.1,2.34,1.0,0,17,582,0,0,0.0,0
user_03037,Keith Mendoza,terryanthony@gmail.com,2023-11-12,US,free,4,10.2,0.46,1.0,1,3,712,0,0,0.0,0
user_03038,Ashley Simmons,johnsonlori@gmail.com,2025-06-24,FR,pro,8,13.0,4.4,2.6,3,2,122,0,0,0.0,0
user_03039,Stacey Castillo,bennettnicholas@gmail.com,2024-02-18,US,free,6,6.5,4.66,0.0,2,18,614,1,0,0.0,0
user_03040,Cody Green,krichards@yahoo.com,2023-11-06,AU,free,6,8.7,2.73,5.0,3,12,718,1,0,0.0,0
user_03041,Anthony Massey,xzimmerman@hotmail.com,2024-06-20,AU,free,6,8.3,0.57,4.0,2,21,491,0,0,0.0,0
user_03042,Dawn Sloan,tmercado@hotmail.com,2023-11-17,US,pro,6,9.4,4.79,0.0,0,101,707,0,0,0.0,0
user_03043,Joshua Soto,stephen23@gmail.com,2024-05-31,US,free,3,8.7,3.29,1.0,2,15,511,0,0,0.0,0
user_03044,Patricia Bennett,melody62@hotmail.com,2025-08-26,CA,free,5,13.0,3.5,0.0,1,27,59,1,0,0.0,0
user_03045,Glen Johnson,caroline84@hotmail.com,2025-05-02,IN,starter,2,12.3,2.35,1.0,3,3,175,0,0,0.0,0
user_03046,Kevin Todd,stephenspaul@hotmail.com,2022-10-06,US,starter,4,3.3,2.89,3.0,2,65,1114,0,0,0.0,0
user_03047,Anthony Craig,justinmacdonald@hotmail.com,2023-09-08,CA,free,4,11.9,3.28,3.0,1,49,777,0,0,0.0,0
user_03048,Jenna Harris,lonnie61@yahoo.com,2023-10-19,US,free,4,12.8,1.15,2.0,0,22,736,0,0,0.0,0
user_03049,Pamela Williams,qgomez@gmail.com,2025-05-20,FR,free,5,7.4,1.32,3.0,3,6,157,0,0,0.0,0
user_03050,William Martin,whaney@hotmail.com,2023-02-16,US,free,4,10.0,3.55,2.0,1,16,981,1,0,0.0,0
user_03051,Stephen Roberts,smithmarie@yahoo.com,2024-09-08,US,free,6,10.0,1.29,0.0,2,10,411,0,0,0.0,0
user_03052,Brad Hansen,thomasdawn@yahoo.com,2023-10-06,US,free,3,4.6,2.23,2.0,1,156,749,0,0,0.0,0
user_03053,Mark Fernandez,zachary98@gmail.com,2022-12-30,AU,free,0,6.5,3.51,0.0,1,20,1029,0,0,0.0,0
user_03054,Francisco Baker,vernonmunoz@gmail.com,2024-03-26,CA,free,2,11.0,4.88,2.0,3,16,577,1,0,0.0,0
user_03055,Zachary Bean,brittney44@yahoo.com,2023-10-16,DE,starter,5,6.0,1.52,2.0,1,5,739,0,0,0.0,0
user_03056,Mrs. Mary Reilly,tperez@hotmail.com,2023-08-20,US,pro,4,13.9,1.9,1.3,1,8,796,0,0,0.0,0
user_03057,Christopher Cunningham,dnielsen@yahoo.com,2025-07-20,US,starter,2,13.2,3.52,3.0,1,37,96,0,0,0.0,0
user_03058,Justin Ayala,josephsoto@gmail.com,2024-10-02,US,free,7,12.6,5.05,1.0,2,22,387,0,0,0.0,0
user_03059,Lisa Hendrix,qriley@hotmail.com,2025-03-25,IN,free,2,15.9,0.56,1.0,1,13,213,0,0,0.0,0
user_03060,Ashley Jordan,marquezalice@yahoo.com,2023-05-12,GB,pro,8,9.6,3.78,2.6,1,10,896,0,0,0.0,0
user_03061,Kayla Nolan,davisjanice@gmail.com,2023-10-30,GB,free,4,8.7,6.59,0.0,2,6,725,0,0,0.0,0
user_03062,Christopher Snyder,daniel67@hotmail.com,2024-02-10,US,free,2,9.3,1.18,1.0,3,1,622,0,0,0.0,0
user_03063,Kimberly Owens,frederickamy@hotmail.com,2023-07-29,AU,free,2,7.8,3.62,2.0,1,113,818,1,0,0.0,0
user_03064,Blake Elliott,toddfrazier@gmail.com,2024-03-15,US,starter,1,10.2,2.3,1.0,2,41,588,1,0,20.0,0
user_03065,Carl Savage,laurenmorgan@hotmail.com,2024-01-18,AU,starter,0,1.2,2.35,1.0,2,78,645,0,0,0.0,0
user_03066,April Acevedo,sruiz@gmail.com,2022-08-22,US,free,2,8.8,2.11,2.0,1,15,1159,0,0,0.0,0
user_03067,David Warren,david56@gmail.com,2025-02-28,IN,free,3,2.5,3.02,4.0,2,61,238,0,0,0.0,0
user_03068,Madison Peck,htownsend@hotmail.com,2023-02-14,US,pro,6,6.1,7.8,3.9000000000000004,1,8,983,1,0,81.49,0
user_03069,Christina Edwards,sandracortez@yahoo.com,2025-04-27,IN,free,2,10.9,1.22,1.0,3,21,180,0,0,0.0,0
user_03070,Amber Jones,gerald69@yahoo.com,2025-01-22,GB,starter,3,7.2,1.32,1.0,0,6,275,0,0,0.0,0
user_03071,Elizabeth Romero,annajuarez@yahoo.com,2023-01-04,IN,starter,2,10.8,2.94,4.0,2,44,1024,0,0,0.0,0
user_03072,Henry Collins,christinecollins@yahoo.com,2025-01-31,IN,starter,5,7.1,3.06,1.0,1,20,266,0,0,0.0,0
user_03073,Julie Rodriguez,oyoung@gmail.com,2022-02-25,CA,free,2,12.4,2.09,3.0,3,23,1337,1,0,0.0,0
user_03074,Gabriela Haley,jason98@hotmail.com,2024-08-03,CA,free,3,7.0,4.69,1.0,1,58,447,0,0,0.0,0
user_03075,Richard Steele,pdelgado@yahoo.com,2023-03-06,FR,free,1,1.0,1.43,0.0,2,40,963,0,0,0.0,0
user_03076,April Davis DVM,teresa83@gmail.com,2024-06-16,US,pro,7,10.9,2.02,5.2,4,101,495,1,0,83.88,0
user_03077,Gabrielle Leonard,jenniferdillon@gmail.com,2023-08-20,GB,pro,3,1.3,4.07,1.3,1,15,796,0,0,0.0,0
user_03078,Jason Moore,cforbes@gmail.com,2022-05-22,GB,free,1,2.2,1.19,2.0,3,18,1251,0,0,0.0,0
user_03079,Desiree Luna,gabrielsimon@gmail.com,2024-04-17,US,free,6,4.5,10.44,0.0,2,28,555,0,0,0.0,0
user_03080,Kelly Johnson,maryblackburn@hotmail.com,2024-10-19,IN,pro,6,6.0,1.09,3.9000000000000004,1,18,370,0,0,0.0,0
user_03081,Sandra Williams,johnbailey@hotmail.com,2022-10-13,US,starter,4,5.8,6.13,3.0,0,16,1107,0,0,0.0,0
user_03082,Kimberly Frank,simpsonearl@gmail.com,2025-07-21,US,pro,8,5.8,2.07,1.3,3,12,95,1,0,95.63,0
user_03083,Mark Miller,sarah30@gmail.com,2023-09-13,US,free,8,2.4,0.71,0.0,1,53,772,0,0,0.0,0
user_03084,Sandra Powell MD,kimberlywiley@hotmail.com,2023-05-11,US,free,7,14.2,2.9,0.0,1,22,897,0,0,0.0,0
user_03085,Karen Simpson,jameswilliam@yahoo.com,2023-06-02,CA,starter,3,5.3,2.07,1.0,4,28,875,1,0,20.0,0
user_03086,Jean Gould,robert60@gmail.com,2025-09-10,CA,starter,3,1.0,8.48,4.0,4,6,44,1,0,20.0,0
user_03087,Steve Frazier,tiffanyowens@yahoo.com,2022-11-12,AU,free,1,6.6,3.21,1.0,0,8,1077,0,0,0.0,0
user_03088,Amanda Wright,palmerrebecca@gmail.com,2024-05-16,CA,free,7,3.5,2.01,4.0,1,12,526,0,0,0.0,0
user_03089,Barbara Stone,franktanner@hotmail.com,2024-02-12,US,free,8,4.5,2.32,2.0,3,18,620,0,0,0.0,0
user_03090,Lori Hull,dcrawford@yahoo.com,2022-06-01,FR,free,1,10.8,0.29,1.0,2,1,1241,0,0,0.0,0
user_03091,Robert Herman,rodriguezemily@hotmail.com,2024-07-08,FR,free,5,6.2,0.22,1.0,2,65,473,0,0,0.0,0
user_03092,Gregory Cook,fhammond@gmail.com,2025-05-09,IN,pro,6,5.4,0.81,6.5,0,70,168,0,1,0.0,1
user_03093,Heather Peterson,sstout@yahoo.com,2024-09-08,GB,free,5,9.8,2.11,1.0,2,32,411,0,0,0.0,0
user_03094,Ivan Marshall,alisonhill@hotmail.com,2025-04-07,AU,starter,2,12.6,2.46,4.0,2,11,200,0,0,0.0,0
user_03095,Douglas Castillo,josedaniels@gmail.com,2024-03-31,IN,free,3,10.1,3.29,1.0,0,14,572,0,0,0.0,0
user_03096,Sara Ortiz,georgemyers@hotmail.com,2024-12-30,AU,starter,4,1.0,3.97,0.0,3,39,298,1,0,20.0,0
user_03097,Scott Hunt,christina92@hotmail.com,2024-11-03,US,pro,9,5.5,0.46,1.3,1,10,355,0,0,0.0,0
user_03098,Jordan Norman,carolowens@hotmail.com,2024-05-06,US,free,1,8.2,3.0,5.0,2,28,536,1,0,0.0,0
user_03099,Miss Alexis Logan,vreeves@gmail.com,2025-01-18,IN,free,7,7.0,5.49,3.0,1,71,279,0,0,0.0,0
user_03100,Bobby Parker,bishopkendra@hotmail.com,2022-03-17,GB,free,3,6.7,1.77,2.0,0,15,1317,0,0,0.0,0
user_03101,Lisa Chavez,mollysparks@gmail.com,2024-01-07,DE,free,4,4.1,10.02,0.0,1,26,656,0,0,0.0,0
user_03102,Michelle Mclean,joshua10@yahoo.com,2025-01-04,AU,starter,6,2.4,2.34,1.0,1,79,293,1,0,20.0,0
user_03103,Stacey Howard,gwendolynthompson@gmail.com,2025-05-01,US,pro,5,18.0,2.19,5.2,0,12,176,0,0,0.0,0
user_03104,Amanda Pitts,yreyes@gmail.com,2025-07-30,US,free,0,8.1,4.37,1.0,1,42,86,0,0,0.0,0
user_03105,Theresa Cochran,jonespaul@yahoo.com,2022-06-24,DE,free,1,10.6,3.29,2.0,2,42,1218,0,0,0.0,0
user_03106,Melissa Mack,lauren51@hotmail.com,2022-08-12,GB,free,4,8.0,5.67,1.0,0,79,1169,0,0,0.0,0
user_03107,Pamela Flowers,garrett22@yahoo.com,2023-05-24,US,starter,3,8.2,3.94,0.0,0,58,884,0,0,0.0,0
user_03108,Dr. Matthew Moore,jfrye@hotmail.com,2025-09-08,IN,free,3,7.8,2.48,0.0,3,41,46,1,0,0.0,0
user_03109,Ann Odonnell,justin79@gmail.com,2025-09-23,CA,free,4,3.5,4.06,1.0,0,30,31,0,0,0.0,0
user_03110,Alexander Harrison,srice@yahoo.com,2023-12-29,DE,starter,5,1.9,0.49,0.0,2,8,665,0,0,0.0,0
user_03111,Christopher Barton,howellbrian@yahoo.com,2022-12-07,IN,starter,1,9.5,3.48,6.0,1,33,1052,1,0,20.0,0
user_03112,Charles Cantrell,pjordan@gmail.com,2025-08-18,US,free,7,8.8,2.26,2.0,3,9,67,0,0,0.0,0
user_03113,Casey Lopez,chelsea20@gmail.com,2025-06-08,AU,starter,6,11.8,0.78,2.0,2,17,138,0,0,0.0,0
user_03114,Connie Nguyen,carpenterdean@gmail.com,2022-04-01,CA,free,2,10.9,3.87,0.0,0,37,1302,0,0,0.0,0
user_03115,Sarah Phelps,aball@hotmail.com,2025-02-27,IN,free,3,4.8,5.14,5.0,2,33,239,0,0,0.0,0
user_03116,Ryan Douglas,kylie85@hotmail.com,2025-08-14,US,pro,7,14.5,2.84,1.3,3,15,71,0,0,0.0,0
user_03117,Peter Murray,stanley78@gmail.com,2025-08-17,CA,starter,1,11.1,1.18,3.0,4,6,68,0,0,0.0,0
user_03118,Julia Oconnell,stephanie43@yahoo.com,2024-03-29,US,free,4,10.8,4.65,3.0,2,19,574,1,0,0.0,0
user_03119,Antonio Sherman,bakercarl@hotmail.com,2023-11-11,US,free,7,17.0,1.15,3.0,0,9,713,0,0,0.0,0
user_03120,Curtis Daugherty,natalie32@gmail.com,2024-05-31,IN,free,1,16.2,2.49,3.0,2,8,511,0,0,0.0,0
user_03121,Jason Norton,garciaelizabeth@yahoo.com,2022-08-05,US,free,3,10.8,2.4,1.0,1,11,1176,1,0,0.0,0
user_03122,Mary Gonzalez,porterdiana@hotmail.com,2022-01-22,GB,free,1,10.3,1.1,3.0,2,36,1371,0,0,0.0,0
user_03123,Jennifer Woods,chambersdaniel@yahoo.com,2022-07-21,US,free,4,12.3,0.72,1.0,2,20,1191,0,0,0.0,0
user_03124,Nicole Jones,briley@hotmail.com,2023-06-14,CA,free,4,5.7,4.28,1.0,2,14,863,0,0,0.0,0
user_03125,Patrick Smith,michaelbenson@gmail.com,2023-03-31,US,starter,2,5.7,3.12,2.0,1,69,938,1,0,20.0,0
user_03126,Tracy Moore,mcochran@yahoo.com,2024-11-11,US,starter,6,10.7,1.7,5.0,2,36,347,0,0,0.0,0
user_03127,Michael Horton,henrycook@gmail.com,2024-11-28,US,starter,3,4.6,1.75,1.0,2,20,330,0,0,0.0,0
user_03128,Michele Henson,jeffery50@yahoo.com,2025-02-16,AU,free,4,10.4,3.3,0.0,4,16,250,0,0,0.0,0
user_03129,Priscilla Li,xhall@yahoo.com,2025-04-03,FR,pro,5,10.6,2.34,1.3,0,51,204,0,0,0.0,0
user_03130,Kevin Williams,william18@gmail.com,2025-03-24,US,starter,5,4.6,2.07,1.0,3,5,214,0,0,0.0,0
user_03131,Tyler Perez,hjones@gmail.com,2023-03-29,DE,starter,3,8.1,1.45,6.0,0,32,940,0,0,0.0,0
user_03132,Michael Martin,mperez@gmail.com,2024-07-01,GB,starter,4,13.2,1.91,2.0,0,0,480,0,0,0.0,0
user_03133,Pamela Christian,kingjane@hotmail.com,2024-02-06,AU,pro,6,10.3,3.05,2.6,1,0,626,0,0,0.0,0
user_03134,Ann Flowers,margaretmarsh@hotmail.com,2024-03-12,US,free,3,8.3,3.4,0.0,2,80,591,0,0,0.0,0
user_03135,Stephen Rice,lsanders@yahoo.com,2024-08-06,CA,free,6,9.3,1.39,4.0,2,21,444,0,0,0.0,0
user_03136,David West,rebeccachapman@gmail.com,2025-04-20,US,starter,1,9.8,4.84,4.0,2,11,187,0,1,0.0,0
user_03137,Emily Raymond,charlesmoore@gmail.com,2024-10-21,US,starter,4,6.7,3.33,4.0,3,47,368,0,0,0.0,0
user_03138,Miss Jennifer Roberts,maldonadomatthew@gmail.com,2022-11-05,AU,starter,1,9.4,2.27,3.0,1,125,1084,0,0,0.0,0
user_03139,Michael Gonzales,garmstrong@hotmail.com,2023-12-08,IN,free,1,3.8,1.94,4.0,2,1,686,0,0,0.0,0
user_03140,Michael Howell,jonathanbass@gmail.com,2022-02-20,US,free,4,4.8,1.72,1.0,2,1,1342,0,0,0.0,0
user_03141,David Gray,carolinepittman@yahoo.com,2024-09-15,US,free,3,5.3,4.26,3.0,2,57,404,1,0,0.0,0
user_03142,Brent Johnson,tuckerrichard@gmail.com,2022-08-03,CA,pro,4,11.9,2.34,5.2,2,24,1178,0,0,0.0,0
user_03143,Suzanne West,thancock@yahoo.com,2023-08-29,GB,free,2,8.6,0.32,1.0,1,64,787,0,1,0.0,1
user_03144,Amy Hahn,warnerlawrence@yahoo.com,2024-05-01,US,free,2,7.5,1.52,1.0,3,35,541,0,0,0.0,0
user_03145,Juan Smith,xlewis@hotmail.com,2022-06-25,AU,free,2,10.8,5.79,2.0,4,19,1217,0,0,0.0,0
user_03146,Robert White,andreaparker@hotmail.com,2022-08-26,US,free,3,9.5,0.92,2.0,2,5,1155,1,0,0.0,0
user_03147,Rodney Finley,brewerderek@hotmail.com,2022-10-18,US,pro,7,8.8,10.2,2.6,2,14,1102,0,0,0.0,0
user_03148,Jennifer Brandt,sharonwashington@hotmail.com,2023-12-15,AU,starter,7,3.9,1.64,1.0,2,46,679,0,0,0.0,0
user_03149,Amy Simmons,heatherturner@gmail.com,2023-10-01,US,starter,2,4.7,1.57,2.0,1,7,754,0,0,0.0,0
user_03150,Ryan Villarreal,caleb64@gmail.com,2023-12-04,US,free,7,2.1,7.64,1.0,1,37,690,0,0,0.0,0
user_03151,Anthony Rodgers,christophergallagher@yahoo.com,2024-07-21,IN,starter,0,8.6,2.73,2.0,5,8,460,0,1,0.0,0
user_03152,Stephanie Howard,nicoleyork@yahoo.com,2023-02-28,DE,free,3,4.6,4.06,2.0,2,18,969,1,0,0.0,0
user_03153,John Gillespie,reedjustin@gmail.com,2024-12-03,US,starter,6,6.0,1.09,2.0,2,2,325,0,0,0.0,0
user_03154,Christopher Benson,chandlerbrendan@yahoo.com,2024-09-16,AU,free,2,7.5,1.8,4.0,4,18,403,0,0,0.0,0
user_03155,Jessica Wilson,barbara13@hotmail.com,2023-12-15,DE,free,1,12.2,0.23,3.0,3,28,679,0,0,0.0,0
user_03156,Angela Mcgrath,waltonkaren@gmail.com,2024-09-02,US,starter,2,11.7,1.46,1.0,2,24,417,0,0,0.0,0
user_03157,Amanda Wagner,psanchez@hotmail.com,2022-07-19,CA,pro,9,9.8,2.76,5.2,1,15,1193,0,0,0.0,0
user_03158,Eric Duncan,mercedeswalton@gmail.com,2024-06-16,US,free,3,13.1,1.71,0.0,0,13,495,0,0,0.0,0
user_03159,Kristen Brown,bullockdebra@hotmail.com,2024-07-15,IN,starter,2,1.0,2.05,1.0,3,9,466,0,0,0.0,0
user_03160,Denise Griffin,uandrews@gmail.com,2023-10-16,DE,free,6,15.5,1.79,2.0,3,43,739,0,0,0.0,0
user_03161,Anthony Jackson,zsmith@yahoo.com,2022-05-18,AU,free,3,10.8,0.29,2.0,1,45,1255,0,0,0.0,0
user_03162,Deborah Martin,tiffanyharris@hotmail.com,2023-09-07,US,free,1,8.4,1.4,4.0,0,19,778,0,1,0.0,0
user_03163,Katherine Ward,nguyennicole@hotmail.com,2022-04-02,IN,free,3,4.4,2.53,1.0,2,14,1301,0,0,0.0,0
user_03164,Matthew Nguyen,smithjames@gmail.com,2022-08-24,IN,free,4,6.2,2.96,1.0,1,30,1157,0,0,0.0,0
user_03165,Lisa Mendez,johnsonjason@gmail.com,2022-02-16,US,free,5,10.4,5.54,1.0,0,24,1346,1,0,0.0,0
user_03166,Kyle Mason,rogerscynthia@hotmail.com,2023-12-04,US,free,5,10.5,0.23,3.0,3,33,690,0,0,0.0,0
user_03167,Kevin Kelly,jdeleon@hotmail.com,2025-08-20,US,pro,4,12.7,2.21,7.800000000000001,1,10,65,0,0,0.0,0
user_03168,Megan Huerta,johnsonantonio@gmail.com,2022-08-12,CA,free,2,5.1,4.2,3.0,2,46,1169,1,0,0.0,0
user_03169,Courtney Williams,williamscheyenne@yahoo.com,2022-12-03,IN,starter,7,4.3,2.41,2.0,2,11,1056,1,0,20.0,0
user_03170,Luis Huerta,jessicaanderson@gmail.com,2023-05-15,US,free,3,8.8,1.52,3.0,3,16,893,0,0,0.0,0
user_03171,Jennifer Moran,maryhamilton@yahoo.com,2024-11-22,DE,starter,3,11.1,4.53,2.0,3,4,336,0,0,0.0,0
user_03172,Beth Wall,joseph95@hotmail.com,2022-12-24,DE,free,2,8.0,2.35,1.0,0,58,1035,0,0,0.0,0
user_03173,Mr. Todd Walton II,gmoore@yahoo.com,2025-02-04,IN,free,2,13.9,3.8,2.0,1,31,262,1,0,0.0,0
user_03174,Rebekah Stone,karenwaters@hotmail.com,2022-11-24,US,free,2,8.1,2.14,0.0,1,8,1065,0,0,0.0,0
user_03175,Kayla House,jeremiah74@yahoo.com,2023-11-09,GB,free,4,8.0,0.25,2.0,2,57,715,0,0,0.0,0
user_03176,Alexander Zamora,shaffermichael@gmail.com,2025-02-20,US,free,6,10.7,5.64,1.0,2,36,246,1,0,0.0,0
user_03177,Dennis Carpenter,mcdowelltina@yahoo.com,2024-05-23,US,starter,10,12.9,1.94,1.0,1,17,519,1,0,20.0,0
user_03178,Suzanne West,ashleygonzalez@gmail.com,2024-08-04,CA,pro,6,4.6,0.8,1.3,1,137,446,0,1,0.0,1
user_03179,Wesley Welch,amybranch@gmail.com,2023-04-20,US,starter,3,3.5,1.43,1.0,1,12,918,0,0,0.0,0
user_03180,Lawrence Carr,mweaver@yahoo.com,2024-04-09,US,starter,2,6.7,0.99,0.0,1,3,563,0,0,0.0,0
user_03181,Ross Freeman,ibarraalexis@gmail.com,2025-07-13,US,free,2,20.6,0.14,2.0,2,39,103,0,0,0.0,0
user_03182,Sergio Barnes,victor71@yahoo.com,2023-01-13,US,free,6,7.0,1.75,2.0,2,42,1015,0,0,0.0,0
user_03183,Sarah Porter,rebecca71@gmail.com,2023-01-17,US,free,1,7.5,0.26,3.0,1,1,1011,0,0,0.0,0
user_03184,Scott Frederick MD,ztorres@gmail.com,2025-08-04,AU,free,4,10.5,1.74,3.0,3,51,81,0,0,0.0,0
user_03185,Stephanie Johnson,jessica39@yahoo.com,2025-09-08,US,free,6,11.9,2.71,3.0,1,44,46,0,0,0.0,0
user_03186,Bradley Miranda,dixonholly@gmail.com,2024-06-04,US,free,2,8.7,2.66,3.0,2,79,507,0,1,0.0,1
user_03187,Mark Thompson,david95@gmail.com,2024-03-21,US,free,3,12.7,1.27,3.0,2,3,582,1,0,0.0,0
user_03188,Jennifer Tran,shannon73@hotmail.com,2022-03-01,AU,free,1,3.2,0.71,3.0,3,27,1333,0,1,0.0,0
user_03189,Michael Ward,katherine32@yahoo.com,2025-06-11,IN,starter,5,4.9,4.06,3.0,3,7,135,0,0,0.0,0
user_03190,Terry Middleton,brandyhouston@hotmail.com,2023-02-09,US,starter,1,12.6,3.06,4.0,3,15,988,1,0,20.0,0
user_03191,Philip Thomas,jennifercampos@yahoo.com,2024-07-09,FR,free,3,8.0,1.49,0.0,2,9,472,0,0,0.0,0
user_03192,Terry Gonzalez,camerontorres@yahoo.com,2025-04-27,US,pro,6,5.0,0.66,0.0,3,17,180,0,0,0.0,0
user_03193,Ryan Meza DDS,garrettbrown@yahoo.com,2024-05-29,US,pro,7,4.7,1.32,1.3,1,3,513,0,0,0.0,0
user_03194,Timothy Martin,wbautista@gmail.com,2024-03-07,US,free,2,4.8,6.92,1.0,1,10,596,1,0,0.0,0
user_03195,Matthew Finley,bgibson@yahoo.com,2022-01-10,US,free,2,8.0,3.83,3.0,0,2,1383,0,0,0.0,0
user_03196,Gabrielle Vaughn,ymartinez@hotmail.com,2023-03-16,US,free,4,9.9,2.73,2.0,0,20,953,1,0,0.0,0
user_03197,Kristina Cline,mooresabrina@gmail.com,2023-02-26,CA,pro,3,8.7,1.49,6.5,3,10,971,0,0,0.0,0
user_03198,Thomas Hill,susan70@hotmail.com,2023-07-25,US,pro,6,11.5,1.51,3.9000000000000004,4,26,822,0,0,0.0,0
user_03199,David Smith,murphysheila@yahoo.com,2022-05-09,GB,free,3,6.3,4.18,1.0,2,18,1264,1,0,0.0,0
user_03200,Linda Jones,linda53@gmail.com,2025-03-28,US,free,7,12.9,6.06,0.0,3,8,210,1,0,0.0,0
user_03201,Tracy Hood,tanyalittle@yahoo.com,2022-07-28,US,free,3,18.2,4.22,2.0,1,3,1184,0,0,0.0,0
user_03202,Larry Walls,coleryan@yahoo.com,2025-01-04,IN,free,2,6.4,1.7,0.0,3,41,293,0,0,0.0,0
user_03203,Alexandra Williams,ajohnson@hotmail.com,2023-01-18,AU,free,2,9.9,1.15,6.0,1,30,1010,1,0,0.0,0
user_03204,Joshua Spencer,colin88@hotmail.com,2024-01-20,US,pro,4,11.6,1.36,6.5,4,1,643,0,0,0.0,0
user_03205,Eric Odom,jamesburgess@yahoo.com,2023-10-30,CA,starter,1,8.6,1.58,3.0,3,136,725,0,0,0.0,0
user_03206,Michelle Schmidt,michaelliu@gmail.com,2023-02-08,US,starter,3,10.6,1.0,2.0,5,30,989,0,0,0.0,0
user_03207,Ms. Brenda Miller,bryantucker@gmail.com,2024-07-26,US,pro,5,11.9,3.52,5.2,3,6,455,1,0,93.2,0
user_03208,Katrina Benson,helen97@yahoo.com,2022-08-22,US,starter,3,6.1,2.13,4.0,2,55,1159,1,0,20.0,0
user_03209,Sean Hudson Jr.,willisashley@gmail.com,2023-06-22,US,free,6,13.3,8.18,0.0,0,64,855,0,0,0.0,0
user_03210,Erica Murphy,cassandraclark@hotmail.com,2024-09-29,US,starter,2,8.8,4.23,1.0,3,25,390,0,0,0.0,0
user_03211,Timothy Brennan,perezjudy@gmail.com,2024-12-16,US,free,3,6.5,2.38,2.0,2,65,312,0,0,0.0,0
user_03212,Maria Hendricks,haley84@gmail.com,2025-08-01,DE,starter,2,17.8,8.13,1.0,3,0,84,1,0,20.0,0
user_03213,David Nicholson,toni78@gmail.com,2023-10-04,US,free,3,7.5,3.05,1.0,1,87,751,0,0,0.0,0
user_03214,Frank Banks,haroldwilliams@hotmail.com,2025-05-07,GB,starter,1,9.0,0.95,2.0,0,1,170,0,0,0.0,0
user_03215,Stephanie Martin,xstevens@yahoo.com,2024-03-06,US,free,1,8.7,4.03,3.0,0,30,597,0,1,0.0,0
user_03216,Kimberly Horn,tylerrichardson@yahoo.com,2025-06-05,IN,free,1,7.5,0.72,1.0,2,12,141,0,0,0.0,0
user_03217,Kristine Garza,scottbartlett@hotmail.com,2024-03-14,GB,free,1,9.8,0.31,2.0,0,1,589,0,0,0.0,0
user_03218,Christopher Fuller,jamesdavid@hotmail.com,2025-04-17,US,free,3,4.6,2.98,1.0,2,79,190,0,0,0.0,0
user_03219,Gabrielle Cox,fnelson@gmail.com,2022-08-22,US,starter,6,10.4,3.38,4.0,2,4,1159,1,0,20.0,0
user_03220,Joshua Jennings,jaredking@yahoo.com,2023-12-14,CA,starter,5,1.0,4.04,1.0,2,57,680,0,0,0.0,0
user_03221,Abigail Johnson,olsonvanessa@hotmail.com,2023-12-22,FR,free,3,2.8,3.36,2.0,2,12,672,1,0,0.0,0
user_03222,Timothy Ruiz,nicolemartin@hotmail.com,2024-07-26,US,free,3,15.3,2.88,1.0,1,40,455,0,0,0.0,0
user_03223,Leslie Johnson,yprice@yahoo.com,2025-06-18,US,free,4,3.0,1.32,0.0,1,8,128,1,0,0.0,0
user_03224,Holly Beard,ndavila@yahoo.com,2022-12-20,FR,free,2,1.0,2.6,1.0,2,26,1039,0,0,0.0,0
user_03225,Sara Lang,gjackson@yahoo.com,2023-09-02,US,free,3,3.1,4.05,0.0,3,48,783,0,0,0.0,0
user_03226,Willie Rivera,vanessa58@hotmail.com,2025-06-12,GB,pro,8,17.0,4.32,1.3,1,25,134,0,0,0.0,0
user_03227,Richard Rollins,tonya81@yahoo.com,2025-04-23,US,free,6,1.0,3.58,4.0,2,10,184,1,0,0.0,0
user_03228,Michael Moore,cory10@hotmail.com,2022-06-23,US,free,1,4.2,3.5,0.0,4,7,1219,0,0,0.0,0
user_03229,Meghan Michael,smejia@yahoo.com,2022-10-02,GB,free,4,2.2,4.44,2.0,2,5,1118,1,0,0.0,0
user_03230,Michael Coleman,bryan65@hotmail.com,2023-10-04,IN,free,3,6.9,0.48,3.0,3,54,751,0,0,0.0,0
user_03231,Shari Huber,breannayoung@yahoo.com,2022-08-30,US,free,4,6.3,2.92,2.0,3,28,1151,0,0,0.0,0
user_03232,Edward Wood,xrobinson@gmail.com,2023-05-04,IN,starter,2,6.1,7.9,1.0,4,21,904,0,0,0.0,0
user_03233,Jose Mcbride,ufleming@gmail.com,2023-09-18,DE,free,5,15.4,2.51,2.0,2,8,767,0,0,0.0,0
user_03234,Jeremy Farmer,cookjennifer@gmail.com,2022-08-28,GB,free,1,3.2,2.53,3.0,2,17,1153,0,0,0.0,0
user_03235,Colton Young,vwagner@hotmail.com,2023-01-10,US,free,4,7.6,1.8,1.0,0,29,1018,0,0,0.0,0
user_03236,Meagan Rodriguez,hortonbenjamin@hotmail.com,2024-02-04,IN,free,5,9.4,1.7,2.0,1,2,628,0,0,0.0,0
user_03237,David Miller,schneiderjeffery@gmail.com,2022-10-17,CA,free,1,4.1,6.6,4.0,1,13,1103,1,0,0.0,0
user_03238,Lee Castillo,garrisontimothy@hotmail.com,2024-11-12,DE,pro,4,11.9,0.37,1.3,0,8,346,1,0,82.4,0
user_03239,Russell Mckee,smithchad@gmail.com,2024-03-06,GB,starter,4,6.4,2.78,0.0,0,31,597,0,0,0.0,0
user_03240,Chase Soto MD,ohood@hotmail.com,2024-05-06,US,free,1,9.5,1.85,7.0,1,27,536,0,1,0.0,0
user_03241,Jason Keith,dariusharrison@yahoo.com,2025-05-06,CA,free,4,7.6,0.37,2.0,0,10,171,0,0,0.0,0
user_03242,Kelsey Dunn,kirbyanthony@gmail.com,2022-10-10,CA,free,3,1.0,4.03,1.0,0,1,1110,0,0,0.0,0
user_03243,Matthew Hood,hallbryan@yahoo.com,2025-03-23,US,free,4,13.2,2.1,1.0,0,6,215,0,1,0.0,0
user_03244,Christopher Anderson,wilsonkevin@hotmail.com,2024-02-25,IN,starter,5,16.3,2.74,2.0,2,5,607,0,0,0.0,0
user_03245,Debra Mason,scotttammy@gmail.com,2024-05-16,US,starter,4,7.3,1.59,3.0,3,25,526,0,1,0.0,0
user_03246,Amanda Lopez,rogersjason@yahoo.com,2023-01-16,CA,free,3,4.4,3.1,4.0,2,5,1012,1,0,0.0,0
user_03247,William Flynn,kellywoods@gmail.com,2024-09-23,US,free,5,14.0,3.41,3.0,3,19,396,0,0,0.0,0
user_03248,Anthony Moore,jennifer65@yahoo.com,2025-07-25,GB,free,6,15.6,0.87,2.0,2,28,91,0,0,0.0,0
user_03249,Robert Howe,nathan49@hotmail.com,2025-01-05,AU,pro,7,9.3,1.29,7.800000000000001,1,63,292,0,0,0.0,0
user_03250,Jamie Erickson,sarawebb@gmail.com,2025-08-14,DE,starter,2,7.1,1.58,4.0,3,8,71,0,0,0.0,0
user_03251,Connor Greer,trevor75@gmail.com,2022-12-21,AU,free,1,7.7,6.02,1.0,2,6,1038,1,0,0.0,0
user_03252,Michael Trujillo,kimchad@gmail.com,2025-02-10,AU,free,1,1.3,1.65,3.0,1,5,256,1,0,0.0,0
user_03253,Johnny Bass DVM,mooredwayne@yahoo.com,2022-12-08,US,starter,1,6.8,1.61,1.0,3,13,1051,1,0,20.0,0
user_03254,Anita Spencer,jeffreysmall@gmail.com,2024-09-29,GB,free,2,14.9,1.34,1.0,0,31,390,1,0,0.0,0
user_03255,Jason King,laura05@gmail.com,2023-08-15,IN,free,2,7.3,6.91,3.0,2,33,801,0,0,0.0,0
user_03256,Mr. Justin Phillips,martinezsandra@hotmail.com,2022-10-15,FR,free,3,3.8,2.55,2.0,1,7,1105,0,0,0.0,0
user_03257,Gary Newman,fcarroll@yahoo.com,2023-01-19,US,starter,5,10.0,4.72,1.0,3,4,1009,0,0,0.0,0
user_03258,Valerie Taylor,whitekeith@gmail.com,2023-10-07,AU,free,4,5.3,5.03,2.0,0,17,748,0,0,0.0,0
user_03259,Kevin Ellis,brian33@hotmail.com,2024-07-12,GB,free,2,7.7,0.95,6.0,1,4,469,0,0,0.0,0
user_03260,Michael Patterson,awest@hotmail.com,2025-06-22,DE,pro,7,4.9,1.81,1.3,2,50,124,0,0,0.0,0
user_03261,Robert Jones,vazquezmegan@yahoo.com,2022-04-20,US,free,3,3.9,2.72,3.0,3,2,1283,0,0,0.0,0
user_03262,Stephanie Trujillo,deanna62@yahoo.com,2024-01-06,US,free,1,11.0,0.91,1.0,0,41,657,0,0,0.0,0
user_03263,Joseph Garcia,castillodebra@gmail.com,2022-01-20,DE,free,2,8.5,1.17,2.0,2,1,1373,0,0,0.0,0
user_03264,Christopher Stephens,deborahevans@gmail.com,2024-09-19,US,free,1,4.9,1.71,0.0,1,49,400,0,0,0.0,0
user_03265,Devon Harris,teresa21@yahoo.com,2022-10-07,DE,starter,3,8.5,1.22,1.0,0,29,1113,1,0,20.0,0
user_03266,Martin Thomas,mckinneybrittany@yahoo.com,2023-02-04,US,free,4,5.6,0.74,2.0,1,11,993,1,0,0.0,0
user_03267,Jillian Cunningham,jdavis@gmail.com,2024-02-26,CA,free,7,4.9,1.37,2.0,2,15,606,1,0,0.0,0
user_03268,Kayla Moore,benjaminlevine@gmail.com,2025-02-24,US,free,4,12.7,2.34,2.0,3,33,242,1,0,0.0,0
user_03269,Ivan Wyatt,qmurray@gmail.com,2024-11-01,GB,starter,2,11.1,1.01,1.0,2,6,357,0,0,0.0,0
user_03270,Leslie Ramsey,robert73@gmail.com,2025-08-30,CA,starter,2,7.9,1.43,2.0,2,66,55,0,0,0.0,0
user_03271,Bryan Hernandez,gardnerjohn@hotmail.com,2024-10-10,US,free,3,8.6,1.84,2.0,1,19,379,0,0,0.0,0
user_03272,Angela Bennett,jschneider@gmail.com,2024-04-17,US,free,3,8.0,7.04,2.0,1,42,555,1,0,0.0,0
user_03273,Terry Higgins,ogarrison@gmail.com,2024-10-04,US,starter,1,9.9,1.14,0.0,3,21,385,0,0,0.0,0
user_03274,Victor Pace,ksmith@hotmail.com,2024-05-01,GB,free,3,4.8,5.51,3.0,0,18,541,0,0,0.0,0
user_03275,Ann Reeves,donna25@yahoo.com,2024-06-28,IN,starter,3,11.5,0.24,2.0,1,19,483,0,0,0.0,0
user_03276,Abigail Velez,lindsey47@yahoo.com,2024-09-27,CA,starter,3,9.4,3.91,2.0,3,13,392,0,0,0.0,0
user_03277,Jennifer Logan MD,ohurst@yahoo.com,2022-12-09,IN,starter,3,6.9,3.41,3.0,4,39,1050,0,0,0.0,0
user_03278,Abigail Rodriguez,judithrodriguez@gmail.com,2022-06-19,IN,free,3,6.0,3.9,1.0,0,56,1223,0,1,0.0,1
user_03279,Micheal Gonzalez,karen17@gmail.com,2025-03-03,US,free,5,11.4,3.57,1.0,2,57,235,1,0,0.0,0
user_03280,David Ramsey MD,gfranklin@hotmail.com,2022-03-05,US,starter,3,7.4,4.46,2.0,1,3,1329,1,0,20.0,0
user_03281,Michael Jones,gburton@gmail.com,2023-03-28,US,free,2,5.2,1.67,3.0,0,42,941,0,0,0.0,0
user_03282,Daniel Moody,stephaniemitchell@gmail.com,2023-08-22,AU,free,4,6.5,5.58,1.0,3,6,794,1,0,0.0,0
user_03283,Tammy Smith,jsnyder@yahoo.com,2022-03-08,FR,pro,6,13.1,1.78,3.9000000000000004,2,0,1326,0,0,0.0,0
user_03284,Diana Ross,kendracunningham@hotmail.com,2023-07-17,US,pro,4,3.6,0.42,3.9000000000000004,0,9,830,0,0,0.0,0
user_03285,Alejandro Houston,kimberly17@yahoo.com,2023-04-06,GB,free,1,6.6,0.37,1.0,3,10,932,1,0,0.0,0
user_03286,Jose Bennett,hutchinsonrachel@gmail.com,2025-01-06,FR,free,4,12.3,2.53,1.0,1,49,291,1,0,0.0,0
user_03287,Patricia Moore,weissmary@gmail.com,2023-08-15,IN,free,3,7.3,3.18,2.0,2,40,801,0,0,0.0,0
user_03288,Tammy Webb,alexmacias@gmail.com,2022-12-11,US,starter,2,9.1,4.06,0.0,2,2,1048,0,0,0.0,0
user_03289,Jaclyn Davis,jonathanhill@gmail.com,2024-07-25,US,pro,8,14.3,3.69,3.9000000000000004,1,11,456,0,0,0.0,0
user_03290,William Allen,scottphillips@hotmail.com,2025-03-04,IN,free,7,11.6,1.28,1.0,1,8,234,0,0,0.0,0
user_03291,Deborah Bean,kurtreed@hotmail.com,2024-10-11,AU,free,1,6.2,3.99,3.0,1,27,378,0,0,0.0,0
user_03292,Eugene Hardy,candice77@gmail.com,2025-01-30,CA,pro,7,9.5,3.38,2.6,1,23,267,0,0,0.0,0
user_03293,Douglas Humphrey,hansenchristopher@yahoo.com,2024-11-12,US,free,2,11.6,1.23,1.0,2,34,346,0,0,0.0,0
user_03294,Joe Mckay,patriciahopkins@gmail.com,2022-08-20,US,free,3,11.8,3.03,4.0,0,72,1161,0,0,0.0,0
user_03295,Kimberly White,qmoreno@hotmail.com,2025-03-18,DE,pro,5,9.6,3.3,2.6,2,16,220,0,0,0.0,0
user_03296,Laurie Jenkins,kirkmelissa@hotmail.com,2022-08-22,FR,free,0,7.8,12.61,2.0,2,32,1159,0,0,0.0,0
user_03297,Jamie Patton,fharrington@hotmail.com,2023-07-03,GB,starter,3,9.1,10.04,2.0,3,75,844,1,0,20.0,0
user_03298,Sandra Chan,bcruz@gmail.com,2025-01-17,GB,free,4,13.5,1.13,2.0,2,23,280,0,0,0.0,0
user_03299,Angela Haynes,sullivanaaron@gmail.com,2024-01-22,US,free,0,12.3,0.34,3.0,3,11,641,0,0,0.0,0
user_03300,Danny Williams,martinezcynthia@hotmail.com,2025-01-15,DE,starter,0,10.8,0.92,4.0,5,15,282,0,0,0.0,0
user_03301,Melissa Butler,ulevy@yahoo.com,2022-03-27,DE,free,1,3.7,0.42,2.0,3,42,1307,0,0,0.0,0
user_03302,Robert Scott,danielle76@hotmail.com,2024-06-22,US,pro,6,8.9,5.08,2.6,3,38,489,0,0,0.0,0
user_03303,Danny Macias,qbennett@yahoo.com,2025-01-23,CA,free,1,7.1,5.2,4.0,2,41,274,0,0,0.0,0
user_03304,David Marsh,ethornton@yahoo.com,2023-03-24,US,free,2,13.7,0.93,2.0,0,40,945,0,0,0.0,0
user_03305,Samuel Moore MD,edward42@hotmail.com,2024-05-20,US,free,5,7.0,4.9,1.0,1,75,522,0,0,0.0,0
user_03306,Deanna Rivera,keithsanford@gmail.com,2022-07-29,US,free,3,13.0,0.67,1.0,2,43,1183,0,0,0.0,0
user_03307,Christina Smith,xperez@gmail.com,2025-08-31,US,free,5,5.7,4.79,1.0,1,58,54,0,0,0.0,0
user_03308,Sharon Rivera,williamserin@gmail.com,2023-05-22,US,free,3,6.0,1.08,2.0,1,25,886,0,0,0.0,0
user_03309,Jasmine Paul,melindapearson@hotmail.com,2023-09-02,IN,free,5,9.9,2.38,0.0,1,30,783,1,0,0.0,0
user_03310,Samantha Wilson,ashley76@gmail.com,2022-03-08,IN,free,4,14.3,4.07,0.0,3,102,1326,0,0,0.0,0
user_03311,Theresa Dean,christopherrusso@gmail.com,2024-07-10,IN,starter,7,7.2,1.68,2.0,1,61,471,0,0,0.0,0
user_03312,Kelli Holmes,matthew29@yahoo.com,2023-06-23,US,starter,2,1.0,0.62,4.0,2,45,854,0,0,0.0,0
user_03313,Victor Spencer,paulpeterson@gmail.com,2023-12-15,US,starter,4,1.7,8.69,4.0,2,34,679,0,0,0.0,0
user_03314,Arthur Rangel,brad10@yahoo.com,2022-06-28,GB,free,2,9.2,0.62,1.0,0,13,1214,0,0,0.0,0
user_03315,Mark Bell,millsjamie@hotmail.com,2024-06-18,US,free,3,2.1,6.99,2.0,3,23,493,0,0,0.0,0
user_03316,Gabriel Grant,sriddle@gmail.com,2022-08-29,US,starter,2,4.5,3.33,1.0,2,1,1152,0,0,0.0,0
user_03317,Paul Lopez,millerchristopher@gmail.com,2023-05-01,FR,free,1,8.0,5.25,2.0,1,16,907,0,0,0.0,0
user_03318,Mario Zimmerman,meagan84@gmail.com,2023-03-06,CA,free,8,1.0,3.61,2.0,2,3,963,0,0,0.0,0
user_03319,Manuel Ramsey,leemicheal@gmail.com,2025-04-19,FR,starter,2,6.5,0.65,5.0,1,39,188,1,0,20.0,0
user_03320,Donald Johnson,michellemartin@gmail.com,2023-12-20,IN,starter,1,3.3,0.44,0.0,3,66,674,0,0,0.0,0
user_03321,Jerry Barrera,lcarter@gmail.com,2025-06-03,US,free,5,2.0,1.28,3.0,0,5,143,0,0,0.0,0
user_03322,Annette Sawyer,danielleduran@hotmail.com,2025-07-19,CA,free,3,4.8,0.21,6.0,1,8,97,1,0,0.0,0
user_03323,Cassandra Williams,ihunt@yahoo.com,2024-05-26,US,starter,1,3.7,2.46,2.0,1,58,516,1,0,20.0,0
user_03324,Miss Carolyn Singleton,brooksamber@hotmail.com,2022-12-06,IN,free,1,9.9,2.57,2.0,2,26,1053,0,0,0.0,0
user_03325,Cynthia Williams,cookcrystal@hotmail.com,2025-06-15,US,starter,3,12.8,1.87,3.0,3,26,131,0,0,0.0,0
user_03326,Roy Baker,nathansampson@yahoo.com,2022-10-13,DE,starter,5,6.5,0.92,0.0,3,24,1107,0,0,0.0,0
user_03327,Ms. Sandra Roman DDS,mclark@hotmail.com,2023-02-28,US,starter,1,5.6,2.84,1.0,2,7,969,0,0,0.0,0
user_03328,Kimberly Gilmore,christinejones@hotmail.com,2023-02-28,AU,free,1,6.3,1.08,1.0,2,8,969,0,1,0.0,0
user_03329,Margaret Hill,kristen65@gmail.com,2022-05-02,FR,free,4,3.6,2.3,1.0,1,89,1271,1,1,0.0,1
user_03330,Brandy Ramirez,toliver@hotmail.com,2025-03-13,IN,starter,5,2.8,1.04,3.0,3,38,225,0,0,0.0,0
user_03331,Emily Neal,emilygregory@yahoo.com,2023-12-20,CA,starter,5,1.4,1.61,2.0,0,2,674,0,0,0.0,0
user_03332,Renee Branch,estradarobert@hotmail.com,2024-12-26,GB,starter,6,2.7,11.69,3.0,4,7,302,1,0,20.0,0
user_03333,Jason Anthony,jeffreywells@yahoo.com,2023-07-30,DE,free,4,14.5,4.34,1.0,2,29,817,0,0,0.0,0
user_03334,Mr. Dennis Patel,sfowler@yahoo.com,2025-05-07,IN,free,0,5.2,0.68,1.0,3,9,170,0,0,0.0,0
user_03335,Tyler Brown,michaelmay@gmail.com,2025-01-08,DE,pro,5,1.0,10.66,6.5,3,8,289,0,0,0.0,0
user_03336,David Smith,gloverfrancisco@yahoo.com,2022-12-11,IN,starter,3,5.7,3.57,2.0,1,6,1048,1,0,20.0,0
user_03337,Spencer Allison,smithjoan@gmail.com,2023-10-25,AU,pro,8,3.6,2.66,2.6,1,6,730,1,0,103.16,0
user_03338,Elizabeth Jones,owhite@yahoo.com,2023-08-23,IN,starter,1,8.2,2.02,2.0,3,28,793,0,0,0.0,0
user_03339,Michael Berry,qholmes@hotmail.com,2023-08-16,IN,free,4,7.8,2.84,3.0,0,70,800,0,0,0.0,0
user_03340,Sheryl Cox,williamfox@hotmail.com,2025-03-18,DE,starter,3,8.2,7.03,5.0,1,13,220,0,0,0.0,0
user_03341,Elizabeth Smith,vasquezjames@gmail.com,2023-07-02,DE,pro,6,9.8,4.94,3.9000000000000004,0,3,845,0,0,0.0,0
user_03342,Donna Lawson,denise74@gmail.com,2024-11-19,GB,free,7,6.5,1.26,0.0,1,3,339,1,0,0.0,0
user_03343,Christopher Green,erikagregory@yahoo.com,2022-07-15,US,starter,5,2.2,1.77,2.0,0,81,1197,0,1,0.0,1
user_03344,Jennifer Nielsen,jason75@hotmail.com,2022-10-05,IN,free,1,7.7,1.29,1.0,2,22,1115,0,0,0.0,0
user_03345,Amber Rios,xsanchez@hotmail.com,2024-04-22,AU,free,3,12.1,2.92,3.0,1,18,550,0,0,0.0,0
user_03346,Heather Caldwell,carloshill@yahoo.com,2022-05-02,DE,starter,5,15.3,3.51,2.0,1,66,1271,0,0,0.0,0
user_03347,Marc Greer,curtis80@hotmail.com,2023-07-22,DE,free,5,7.0,3.54,0.0,2,21,825,0,1,0.0,0
user_03348,Craig Morgan,dsmith@hotmail.com,2025-09-05,US,free,6,7.5,5.67,2.0,0,19,49,0,0,0.0,0
user_03349,Dawn Reilly,greenandrea@yahoo.com,2022-09-17,IN,free,2,10.0,3.39,1.0,2,78,1133,0,0,0.0,0
user_03350,Scott Hudson,imorrison@gmail.com,2022-09-29,GB,free,4,14.0,0.87,2.0,1,19,1121,1,0,0.0,0
user_03351,Pamela Hayes,ymendez@hotmail.com,2023-05-27,FR,free,6,6.1,5.88,0.0,0,14,881,0,0,0.0,0
user_03352,Monique Carlson,hgreen@gmail.com,2022-10-27,US,free,1,10.8,2.05,1.0,1,26,1093,0,0,0.0,0
user_03353,Mary Parks,knelson@hotmail.com,2023-10-22,FR,pro,4,6.7,3.4,1.3,3,113,733,0,0,0.0,0
user_03354,Laurie Calhoun,sharon52@gmail.com,2023-05-22,IN,free,1,9.3,1.68,1.0,0,99,886,0,0,0.0,0
user_03355,Erik Day,melinda43@hotmail.com,2024-03-15,US,free,3,11.9,1.15,0.0,4,44,588,0,0,0.0,0
user_03356,Melissa Pearson,robertsbrandi@gmail.com,2024-09-29,US,free,4,2.8,1.23,3.0,3,20,390,0,0,0.0,0
user_03357,Morgan Sweeney,joshuawilson@gmail.com,2022-10-19,US,starter,2,5.9,4.49,2.0,3,63,1101,0,0,0.0,0
user_03358,Angie Carter,tranpaige@yahoo.com,2025-03-28,IN,free,2,11.8,2.46,2.0,0,16,210,0,0,0.0,0
user_03359,Melissa Williams,danielle80@yahoo.com,2025-07-19,US,starter,3,10.5,1.73,3.0,1,30,97,0,0,0.0,0
user_03360,Patrick Hunt,stevensalicia@yahoo.com,2023-07-05,US,starter,5,12.1,5.75,2.0,1,5,842,1,0,20.0,0
user_03361,Eileen Davis,burnsmicheal@gmail.com,2025-07-09,DE,starter,5,11.4,3.39,3.0,1,32,107,0,1,0.0,1
user_03362,Diane Aguilar,colondanny@gmail.com,2024-04-28,US,free,2,6.6,1.9,1.0,6,9,544,0,0,0.0,0
user_03363,Alexis Wilson,herrerakenneth@gmail.com,2024-02-08,US,starter,5,16.8,6.23,1.0,1,44,624,1,0,20.0,0
user_03364,Daniel Cox MD,zcruz@gmail.com,2024-07-14,IN,free,1,8.5,5.35,2.0,1,16,467,1,0,0.0,0
user_03365,Jacqueline Horton,jacquelinemendoza@yahoo.com,2022-06-04,IN,pro,4,1.0,2.61,3.9000000000000004,4,15,1238,0,0,0.0,0
user_03366,Richard Carrillo,carla04@hotmail.com,2025-07-21,DE,starter,4,6.9,1.4,0.0,1,41,95,0,0,0.0,0
user_03367,Michael Hardy,blove@hotmail.com,2022-07-10,IN,free,3,6.1,3.74,2.0,1,16,1202,0,0,0.0,0
user_03368,David Santos,lawrence13@gmail.com,2024-04-05,DE,free,4,11.2,1.65,1.0,4,37,567,0,0,0.0,0
user_03369,Lisa Johnston,hendersonlauren@yahoo.com,2024-11-21,GB,free,4,6.2,2.48,1.0,1,57,337,1,0,0.0,0
user_03370,Jeffrey Foster,timothy40@gmail.com,2023-07-24,US,starter,5,12.4,2.13,1.0,3,4,823,0,0,0.0,0
user_03371,Kelly Wilson,bakermisty@hotmail.com,2024-01-26,US,free,0,10.2,2.55,3.0,0,19,637,0,0,0.0,0
user_03372,Spencer Jackson,marvinbell@yahoo.com,2024-07-20,IN,free,6,4.0,6.61,1.0,2,86,461,1,0,0.0,0
user_03373,Katie Sanders,sarahfox@yahoo.com,2024-09-26,US,free,3,7.4,2.51,1.0,1,50,393,0,0,0.0,0
user_03374,William Sosa,joshuahernandez@yahoo.com,2023-11-02,CA,starter,4,4.9,4.08,1.0,3,109,722,1,0,20.0,0
user_03375,Lauren Pitts,brendan34@yahoo.com,2025-04-06,GB,starter,1,8.7,2.65,2.0,2,59,201,0,0,0.0,0
user_03376,Alexander Snyder,robertmcknight@hotmail.com,2022-01-06,US,starter,1,4.9,2.46,0.0,1,11,1387,0,0,0.0,0
user_03377,Candice Martin,heather64@hotmail.com,2022-07-10,US,starter,3,8.3,0.92,2.0,2,5,1202,0,0,0.0,0
user_03378,Raymond Cox,candiceberger@yahoo.com,2024-07-27,US,free,6,6.9,0.43,5.0,0,7,454,0,0,0.0,0
user_03379,Sandra Thompson,hammondaustin@hotmail.com,2025-07-24,GB,free,6,7.4,1.22,1.0,2,7,92,0,1,0.0,0
user_03380,Emily Berg,gloria45@hotmail.com,2025-09-22,IN,starter,2,16.2,0.3,2.0,3,2,32,1,0,20.0,0
user_03381,Cody Jones,smithryan@gmail.com,2024-01-04,IN,free,7,6.6,1.28,4.0,2,71,659,0,0,0.0,0
user_03382,Regina Frazier,ocarter@hotmail.com,2022-05-10,US,free,1,1.0,2.49,0.0,1,20,1263,0,0,0.0,0
user_03383,Brian Carr,carolynmiller@hotmail.com,2024-12-30,CA,free,2,12.1,1.54,4.0,3,3,298,0,0,0.0,0
user_03384,Tina Kramer,catherine16@gmail.com,2024-03-25,FR,free,4,12.0,0.37,2.0,2,43,578,1,0,0.0,0
user_03385,Alyssa Cook,smithleslie@yahoo.com,2023-03-23,US,free,3,1.0,13.61,2.0,1,11,946,0,0,0.0,0
user_03386,Patricia Liu,teresaphillips@hotmail.com,2024-05-29,IN,pro,10,7.2,3.3,0.0,3,2,513,1,0,86.68,0
user_03387,Nathan Farrell,pcain@yahoo.com,2023-03-10,AU,free,2,9.7,2.16,1.0,2,6,959,0,0,0.0,0
user_03388,Cynthia Morales,osborncristian@gmail.com,2024-10-10,US,free,1,10.1,5.42,3.0,0,32,379,1,0,0.0,0
user_03389,Justin Young,wagnerjessica@yahoo.com,2023-07-04,GB,free,1,8.0,4.84,3.0,0,47,843,0,0,0.0,0
user_03390,Richard Jones,tgarcia@gmail.com,2023-10-24,US,starter,6,8.1,2.16,2.0,4,8,731,0,0,0.0,0
user_03391,Rachel Mitchell,brendasalas@gmail.com,2023-08-04,GB,free,1,4.2,2.34,0.0,1,25,812,0,0,0.0,0
user_03392,Ms. Cheryl Sandoval,shawn40@hotmail.com,2023-11-23,US,pro,4,1.0,11.78,5.2,2,0,701,0,0,0.0,0
user_03393,William Warren,lfreeman@yahoo.com,2025-01-25,AU,pro,4,18.2,3.28,1.3,0,9,272,0,0,0.0,0
user_03394,Sandra Adams,annawalker@gmail.com,2025-03-29,CA,free,3,4.1,4.64,4.0,2,6,209,1,0,0.0,0
user_03395,Bryan Cabrera,johnlevine@gmail.com,2022-09-25,DE,pro,7,10.7,2.15,2.6,1,2,1125,0,1,0.0,0
user_03396,Jodi Webb,larry27@hotmail.com,2025-03-05,CA,pro,5,9.4,1.55,0.0,1,19,233,1,0,92.35,0
user_03397,Ashley Stafford,cpowell@yahoo.com,2024-09-20,GB,starter,3,11.6,3.43,2.0,3,29,399,0,0,0.0,0
user_03398,Maria Knight,shellyharper@gmail.com,2023-12-05,IN,starter,4,8.5,4.59,3.0,3,1,689,0,0,0.0,0
user_03399,Gregory Garcia,lopezbradley@yahoo.com,2022-04-10,FR,free,3,8.6,0.74,0.0,2,4,1293,0,0,0.0,0
user_03400,Sandra Baird,robert72@gmail.com,2022-04-05,AU,free,3,1.0,3.32,3.0,0,80,1298,0,0,0.0,0
user_03401,Charles Mccarthy,karen03@gmail.com,2022-07-23,IN,free,2,4.7,1.48,2.0,1,7,1189,0,0,0.0,0
user_03402,Lindsey Cook,nicholas25@hotmail.com,2025-07-06,AU,free,3,11.0,0.17,2.0,1,42,110,0,0,0.0,0
user_03403,David Santos,cheyennehernandez@yahoo.com,2024-07-30,GB,pro,7,12.6,1.19,1.3,3,41,451,0,0,0.0,0
user_03404,Rachel Long,andrea30@hotmail.com,2022-02-03,IN,free,3,4.2,1.69,5.0,2,11,1359,0,1,0.0,0
user_03405,Sherry Hays,rpatel@hotmail.com,2022-09-12,IN,starter,3,1.7,4.56,2.0,2,6,1138,0,0,0.0,0
user_03406,Alicia Suarez,xbell@gmail.com,2022-11-20,US,starter,2,8.5,3.75,0.0,3,8,1069,1,0,20.0,0
user_03407,Gregory Webb,mcguiredanielle@yahoo.com,2024-06-22,US,pro,7,1.0,1.05,5.2,2,25,489,0,0,0.0,0
user_03408,Leslie Collins,woneill@hotmail.com,2024-07-23,US,pro,7,5.4,5.21,2.6,2,14,458,0,0,0.0,0
user_03409,Jeffrey Lynn,johnsonerin@yahoo.com,2022-01-02,IN,free,2,15.0,1.11,6.0,0,20,1391,0,0,0.0,0
user_03410,Paul Contreras,wmiller@gmail.com,2024-05-26,US,free,6,13.8,3.23,2.0,1,50,516,0,0,0.0,0
user_03411,Miguel Williams,kwilson@yahoo.com,2023-02-19,IN,free,1,9.9,1.2,2.0,1,20,978,0,0,0.0,0
user_03412,Douglas Warner,johnscott@hotmail.com,2022-09-28,AU,free,3,9.2,7.45,4.0,2,160,1122,0,0,0.0,0
user_03413,Joshua Miller,thomaspreston@gmail.com,2025-08-24,US,free,3,1.0,1.31,0.0,1,32,61,0,0,0.0,0
user_03414,Dawn Johns,greenjessica@yahoo.com,2023-09-11,IN,free,4,5.0,1.78,2.0,1,6,774,0,0,0.0,0
user_03415,Christopher Hart,dyang@gmail.com,2022-11-22,US,starter,4,6.8,1.11,1.0,1,20,1067,0,0,0.0,0
user_03416,Bradley Jones,scottrobert@gmail.com,2023-07-16,US,free,6,5.1,3.51,1.0,0,50,831,1,0,0.0,0
user_03417,Brad Weber,wadenancy@gmail.com,2022-07-11,DE,free,1,6.6,1.07,1.0,2,7,1201,0,0,0.0,0
user_03418,Carmen Jones,carolgutierrez@hotmail.com,2025-09-02,GB,starter,4,13.2,0.37,4.0,2,39,52,1,0,20.0,0
user_03419,April Ray,richardsdiamond@hotmail.com,2024-01-09,DE,free,2,5.8,3.06,3.0,2,1,654,0,0,0.0,0
user_03420,Elizabeth Johnson,mary03@yahoo.com,2023-05-28,US,free,4,6.6,2.97,1.0,1,85,880,0,0,0.0,0
user_03421,Mary Adams,marywilliams@gmail.com,2022-06-18,GB,starter,5,11.0,0.89,1.0,1,32,1224,1,0,20.0,0
user_03422,Michael Wilson,victor92@gmail.com,2024-02-01,US,starter,4,2.3,1.14,3.0,3,5,631,1,0,20.0,0
user_03423,Paul Cruz DDS,baileyelizabeth@yahoo.com,2025-09-22,US,starter,2,4.6,1.94,2.0,4,62,32,0,0,0.0,0
user_03424,Donna Robertson,jennifergordon@gmail.com,2025-08-21,US,free,5,5.0,3.64,1.0,1,2,64,0,0,0.0,0
user_03425,Edward Mclaughlin Jr.,johnburke@yahoo.com,2022-12-05,US,starter,2,8.2,8.78,1.0,2,15,1054,0,0,0.0,0
user_03426,Evelyn Stark,catherine73@gmail.com,2022-04-17,US,starter,5,6.6,3.62,3.0,1,40,1286,1,0,20.0,0
user_03427,Lisa Morris,derek85@gmail.com,2024-03-22,US,free,1,6.7,3.94,2.0,2,83,581,0,1,0.0,1
user_03428,Veronica Carr,jessicamccall@yahoo.com,2025-07-05,AU,starter,2,5.3,6.6,2.0,2,12,111,0,0,0.0,0
user_03429,Heather Williams,josephgomez@hotmail.com,2023-09-18,US,pro,7,5.7,6.16,1.3,5,53,767,1,0,83.07,0
user_03430,Rebecca Rosales,rodriguezbailey@hotmail.com,2023-04-25,US,free,2,10.4,7.24,5.0,2,6,913,1,0,0.0,0
user_03431,Matthew Francis,gloria00@hotmail.com,2024-05-29,US,free,3,6.6,2.56,4.0,1,1,513,1,0,0.0,0
user_03432,Miss Erin Morgan MD,ogeorge@hotmail.com,2025-09-04,GB,pro,4,12.5,4.48,1.3,2,0,50,0,0,0.0,0
user_03433,Angela Calhoun,cwheeler@hotmail.com,2022-07-06,US,starter,4,3.6,1.13,2.0,5,32,1206,0,0,0.0,0
user_03434,Stephen Hill,toddellis@yahoo.com,2022-07-14,FR,free,1,5.3,0.92,3.0,2,5,1198,0,0,0.0,0
user_03435,Christina Patterson,pamela23@gmail.com,2022-01-03,AU,starter,2,7.1,1.53,6.0,1,1,1390,0,0,0.0,0
user_03436,Amy Solomon,julie69@hotmail.com,2023-03-14,US,free,0,7.5,4.21,2.0,1,112,955,0,0,0.0,0
user_03437,Edward Winters,mooreandrew@yahoo.com,2024-09-03,IN,free,1,11.0,4.37,2.0,1,8,416,0,0,0.0,0
user_03438,Dana Davis,mariebailey@yahoo.com,2022-06-09,US,free,3,6.3,2.37,4.0,3,18,1233,0,0,0.0,0
user_03439,Jennifer Chandler,donaldsonnatasha@gmail.com,2022-09-29,GB,pro,7,13.0,7.71,2.6,2,28,1121,1,0,88.02,0
user_03440,Sonya Goodwin,thomaslara@yahoo.com,2025-04-30,IN,pro,3,11.5,2.51,2.6,3,4,177,0,0,0.0,0
user_03441,Stephanie Jackson,shannon95@gmail.com,2023-04-09,US,free,8,7.6,0.82,4.0,0,13,929,0,0,0.0,0
user_03442,Donna Cox,sheilaperry@gmail.com,2024-11-29,US,free,3,4.2,3.65,1.0,3,31,329,0,0,0.0,0
user_03443,Shannon Mendoza,wilcoxerin@gmail.com,2024-06-30,CA,free,3,11.0,2.88,3.0,0,30,481,0,0,0.0,0
user_03444,Harry Ochoa,mspencer@yahoo.com,2022-01-20,IN,pro,6,6.3,4.42,1.3,1,55,1373,0,0,0.0,0
user_03445,Susan Woods,fruiz@gmail.com,2022-01-17,US,pro,4,9.9,11.16,0.0,0,17,1376,0,1,0.0,0
user_03446,Michelle Wong,terrencegraham@yahoo.com,2023-12-05,CA,starter,4,7.8,2.93,1.0,1,66,689,0,0,0.0,0
user_03447,Cynthia Turner,angelbennett@gmail.com,2022-09-04,GB,starter,3,7.2,4.72,4.0,4,34,1146,0,0,0.0,0
user_03448,Derek Torres,amymacdonald@gmail.com,2024-05-14,FR,starter,3,6.4,0.05,5.0,0,24,528,0,0,0.0,0
user_03449,Joshua Summers,aarongreen@gmail.com,2022-09-28,US,free,3,4.7,2.87,2.0,0,3,1122,1,0,0.0,0
user_03450,Jonathan Wagner,mercerlaurie@hotmail.com,2024-09-05,DE,free,3,1.5,0.63,3.0,3,25,414,0,0,0.0,0
user_03451,Mark Harrison,howellryan@gmail.com,2022-05-26,CA,free,2,13.6,2.03,1.0,2,27,1247,1,0,0.0,0
user_03452,Kristin Warren,duncandanielle@gmail.com,2023-04-14,US,starter,2,6.0,1.58,1.0,2,42,924,1,0,20.0,0
user_03453,James Walker,christinaarnold@yahoo.com,2024-02-24,CA,starter,3,7.5,6.43,1.0,0,38,608,0,1,0.0,1
user_03454,Stephanie Benson,zacharyflowers@hotmail.com,2022-07-02,IN,free,3,7.5,6.69,1.0,2,22,1210,0,0,0.0,0
user_03455,Bruce Roman,ellisstephanie@gmail.com,2022-07-29,AU,pro,8,14.4,10.68,0.0,2,26,1183,0,0,0.0,0
user_03456,Joseph Mcmahon,john22@gmail.com,2022-07-31,US,free,1,15.7,2.74,2.0,1,44,1181,0,0,0.0,0
user_03457,Teresa Campbell,cainjeremy@yahoo.com,2023-10-04,GB,free,1,8.6,0.23,2.0,1,12,751,0,0,0.0,0
user_03458,Darius Jones,nicoleandrade@gmail.com,2024-01-23,US,starter,3,7.4,3.32,2.0,2,4,640,0,0,0.0,0
user_03459,Elizabeth Meyer,englishlouis@hotmail.com,2023-09-05,AU,starter,2,3.5,1.73,1.0,2,62,780,0,0,0.0,0
user_03460,Catherine Mccall,andrew73@gmail.com,2022-10-08,US,starter,4,2.2,2.64,2.0,3,100,1112,0,0,0.0,0
user_03461,Leonard Vasquez,stephanie44@yahoo.com,2024-02-23,AU,free,3,1.0,1.0,0.0,2,16,609,0,0,0.0,0
user_03462,Andrea Conrad,hogangrace@yahoo.com,2022-09-30,AU,free,3,4.8,6.34,2.0,2,139,1120,0,0,0.0,0
user_03463,Carrie Collins,jordanthomas@gmail.com,2025-08-06,US,starter,1,1.0,4.14,2.0,3,11,79,1,0,20.0,0
user_03464,Erik Lindsey,elopez@yahoo.com,2022-10-20,DE,free,2,12.3,2.02,2.0,2,2,1100,0,0,0.0,0
user_03465,John Miller,jacobsphilip@gmail.com,2022-05-21,AU,free,5,9.7,1.22,2.0,2,25,1252,0,0,0.0,0
user_03466,Cheryl Lloyd,susanreyes@hotmail.com,2024-12-22,US,starter,2,7.0,4.52,2.0,3,60,306,0,0,0.0,0
user_03467,April Mcbride,rnelson@gmail.com,2025-02-27,IN,free,3,12.4,5.16,1.0,2,28,239,0,0,0.0,0
user_03468,Joseph Tapia,lindsey56@yahoo.com,2022-01-18,IN,starter,2,3.7,1.73,0.0,2,0,1375,0,0,0.0,0
user_03469,Alexander English,parkernielsen@hotmail.com,2025-06-03,US,starter,3,4.7,1.26,0.0,3,0,143,0,0,0.0,0
user_03470,Terry Anderson,trevor69@hotmail.com,2025-08-24,US,free,1,1.0,2.75,1.0,0,38,61,0,0,0.0,0
user_03471,Christopher Hamilton,fgillespie@yahoo.com,2022-12-03,US,free,4,11.1,3.22,1.0,2,55,1056,1,0,0.0,0
user_03472,Jacqueline Morris,dominguezana@gmail.com,2024-06-20,US,starter,2,4.8,0.85,2.0,4,8,491,1,0,20.0,0
user_03473,Damon Allen,pamelaconner@hotmail.com,2023-12-21,IN,starter,3,8.1,4.82,2.0,1,19,673,1,0,20.0,0
user_03474,Stephanie Hicks,rebekahwilliamson@hotmail.com,2023-03-13,US,starter,1,12.0,2.08,3.0,2,97,956,0,0,0.0,0
user_03475,Evan Ruiz,jstevens@yahoo.com,2025-07-10,FR,starter,1,13.5,5.67,1.0,0,18,106,0,1,0.0,0
user_03476,Mary White,egraves@gmail.com,2022-11-07,CA,starter,1,7.9,5.74,2.0,3,4,1082,0,1,0.0,0
user_03477,Geoffrey Ruiz,sharpgary@gmail.com,2024-04-23,US,pro,6,11.5,8.1,1.3,2,72,549,0,0,0.0,0
user_03478,Jessica Moore,wendyreynolds@gmail.com,2025-06-15,CA,free,0,4.4,0.59,4.0,2,20,131,1,0,0.0,0
user_03479,Janet Morris,phillipwood@gmail.com,2024-06-25,CA,free,2,14.7,0.77,1.0,0,12,486,0,0,0.0,0
user_03480,Brandi Johnson,josephmedina@gmail.com,2023-03-21,AU,free,2,7.3,4.35,0.0,2,3,948,1,0,0.0,0
user_03481,Michael Rubio,cody26@hotmail.com,2022-06-27,US,free,3,8.3,4.34,0.0,1,18,1215,1,0,0.0,0
user_03482,Stephanie Parker,xsoto@gmail.com,2022-07-25,US,free,5,6.4,0.91,2.0,2,44,1187,1,0,0.0,0
user_03483,Kristen Wood,fjohnson@hotmail.com,2022-10-14,AU,free,3,12.8,2.3,1.0,2,37,1106,1,0,0.0,0
user_03484,Nicholas Gardner,sharris@hotmail.com,2022-09-10,AU,pro,8,10.8,7.52,2.6,2,20,1140,0,0,0.0,0
user_03485,Brad Peterson,karachen@gmail.com,2025-04-22,CA,free,5,11.0,3.6,2.0,0,38,185,0,0,0.0,0
user_03486,Debra Waller,kristywong@yahoo.com,2024-02-26,DE,free,1,9.4,4.28,1.0,2,12,606,0,0,0.0,0
user_03487,Heather Bruce,andersonfrances@gmail.com,2023-12-21,US,free,5,7.1,3.2,3.0,2,39,673,0,0,0.0,0
user_03488,Tony Soto,cpowell@yahoo.com,2024-05-29,IN,free,3,11.7,3.72,0.0,1,2,513,0,0,0.0,0
user_03489,Sue Jones,hgraves@gmail.com,2023-10-07,US,free,0,9.4,2.4,1.0,1,6,748,0,1,0.0,0
user_03490,Mary Berry,joshuabeck@gmail.com,2022-10-14,US,free,4,4.2,2.05,1.0,1,63,1106,0,1,0.0,1
user_03491,Joshua Smith,qhuff@gmail.com,2023-05-23,DE,free,2,4.0,2.69,4.0,3,10,885,0,0,0.0,0
user_03492,Nicholas Doyle,bradleykendra@hotmail.com,2023-07-22,US,starter,6,8.6,4.83,3.0,3,6,825,1,0,20.0,0
user_03493,James Price,cheryl11@yahoo.com,2025-08-13,IN,pro,4,13.6,2.38,0.0,3,2,72,0,0,0.0,0
user_03494,Allen Martinez,melissa86@yahoo.com,2022-06-22,AU,pro,5,16.6,2.78,3.9000000000000004,4,14,1220,1,0,92.7,0
user_03495,Ashley Norris,karen33@yahoo.com,2023-05-24,US,starter,1,1.0,0.85,2.0,1,2,884,0,1,0.0,0
user_03496,Jeffrey King,kennethbenson@gmail.com,2025-02-07,AU,free,2,8.1,2.06,1.0,2,20,259,0,0,0.0,0
user_03497,Diana Nguyen,dominguezjennifer@hotmail.com,2025-05-15,AU,pro,7,12.0,1.3,0.0,3,75,162,0,0,0.0,0
user_03498,Michelle Stewart,robert52@hotmail.com,2025-05-13,GB,pro,8,11.2,8.04,6.5,6,46,164,1,0,97.22,0
user_03499,Michael Maldonado,peggy21@gmail.com,2025-05-29,US,free,1,12.0,2.25,2.0,1,1,148,0,0,0.0,0
user_03500,Erin Sullivan,gregory29@gmail.com,2023-08-07,US,starter,6,10.6,1.03,2.0,2,10,809,1,0,20.0,0
user_03501,Rebecca Haley,christopher18@yahoo.com,2022-02-24,IN,free,7,4.1,4.87,1.0,0,6,1338,1,0,0.0,0
user_03502,Stephanie Jordan,emilykeller@hotmail.com,2025-09-10,US,starter,2,3.9,1.05,3.0,0,2,44,0,0,0.0,0
user_03503,Michael Hale,ncherry@hotmail.com,2023-09-10,US,pro,5,11.2,1.1,2.6,2,3,775,0,0,0.0,0
user_03504,Jeffrey Hernandez,mariagonzalez@gmail.com,2023-02-25,AU,free,6,12.0,0.34,1.0,0,71,972,0,0,0.0,0
user_03505,Kristen Branch,wigginscheryl@yahoo.com,2024-11-26,US,pro,7,10.6,0.64,2.6,0,11,332,0,0,0.0,0
user_03506,Robert Dawson,pricejoshua@hotmail.com,2025-05-27,CA,starter,5,1.7,2.19,2.0,4,14,150,0,0,0.0,0
user_03507,Christina Sanders,robertsglen@yahoo.com,2024-11-09,US,pro,5,5.8,3.59,2.6,4,19,349,0,0,0.0,0
user_03508,Edward Paul,hernandezsierra@yahoo.com,2023-01-22,GB,free,1,10.8,3.75,0.0,1,40,1006,0,0,0.0,0
user_03509,Michael Anderson,brandon36@yahoo.com,2024-03-13,AU,starter,5,6.6,2.72,3.0,3,48,590,1,0,20.0,0
user_03510,Heather Shaffer,christopher31@yahoo.com,2023-08-29,US,free,6,8.5,2.61,3.0,3,99,787,0,0,0.0,0
user_03511,Thomas Mathews,joseph93@gmail.com,2025-08-16,US,free,3,12.3,0.97,2.0,1,7,69,0,0,0.0,0
user_03512,Natalie Mitchell,velasquezomar@yahoo.com,2022-04-22,CA,free,2,3.2,5.02,2.0,1,10,1281,1,0,0.0,0
user_03513,Kristy Wilson,lisasullivan@hotmail.com,2023-05-06,CA,pro,5,8.3,4.63,6.5,1,11,902,0,0,0.0,0
user_03514,Jonathan Bowman,chandleredward@hotmail.com,2024-10-10,CA,starter,4,5.9,2.09,1.0,1,17,379,0,0,0.0,0
user_03515,James Riggs,michael67@hotmail.com,2024-03-01,US,pro,8,11.4,4.25,1.3,3,49,602,1,0,89.21,0
user_03516,Andrew Calhoun,samantha73@yahoo.com,2022-08-19,US,pro,7,13.1,6.05,6.5,2,8,1162,0,0,0.0,0
user_03517,Jared Vaughn,william26@gmail.com,2023-05-09,AU,free,7,2.1,0.87,1.0,2,45,899,0,0,0.0,0
user_03518,Jamie Martin,candrews@yahoo.com,2024-10-20,AU,free,2,8.0,1.33,1.0,1,6,369,0,0,0.0,0
user_03519,Joshua West,stacey29@yahoo.com,2025-07-30,IN,free,3,11.5,0.25,4.0,1,37,86,0,0,0.0,0
user_03520,Mr. Ricky Evans,samantha24@hotmail.com,2025-05-01,FR,free,4,1.0,2.33,0.0,0,48,176,0,0,0.0,0
user_03521,Kristina Bell,mrogers@yahoo.com,2022-05-26,IN,free,2,7.7,3.41,2.0,1,57,1247,0,0,0.0,0
user_03522,Amanda Garcia,michelle06@gmail.com,2024-12-17,IN,free,2,3.1,3.14,2.0,3,21,311,0,0,0.0,0
user_03523,Kevin Downs,bcohen@yahoo.com,2022-01-25,US,free,3,5.4,4.06,4.0,2,11,1368,0,0,0.0,0
user_03524,Nicholas Hicks,kennethmartin@gmail.com,2024-01-10,IN,free,1,1.0,3.83,1.0,0,44,653,1,0,0.0,0
user_03525,Michael Garcia,vjohnson@hotmail.com,2023-10-11,IN,free,2,13.6,2.44,4.0,0,11,744,0,0,0.0,0
user_03526,Matthew Wilson,brian98@gmail.com,2022-09-28,US,free,3,6.6,3.63,0.0,2,4,1122,0,0,0.0,0
user_03527,Jamie Bradley,wisewilliam@hotmail.com,2024-03-03,IN,pro,6,6.8,10.13,0.0,1,53,600,0,0,0.0,0
user_03528,Brian Travis,elizabeth94@gmail.com,2025-03-10,DE,starter,4,9.3,4.74,2.0,2,15,228,1,0,20.0,0
user_03529,James Hurley,theresaphillips@gmail.com,2024-05-11,CA,pro,9,5.8,6.75,3.9000000000000004,2,25,531,0,0,0.0,0
user_03530,Christina Salinas,anthonykelly@yahoo.com,2024-01-19,GB,free,2,3.5,1.74,4.0,2,75,644,0,0,0.0,0
user_03531,Donna Reese,msexton@yahoo.com,2025-01-23,AU,free,5,14.0,1.9,4.0,0,4,274,0,0,0.0,0
user_03532,Timothy Anderson,pperez@gmail.com,2022-12-20,US,starter,2,15.2,5.14,2.0,4,24,1039,1,0,20.0,0
user_03533,Ashlee Martin,gbarry@hotmail.com,2024-08-22,GB,free,2,5.6,0.83,2.0,0,24,428,0,0,0.0,0
user_03534,Jonathan Park,ashleytaylor@gmail.com,2022-05-30,DE,free,3,12.3,2.61,1.0,0,59,1243,1,0,0.0,0
user_03535,Jonathan Fritz,juliebooker@yahoo.com,2022-02-04,IN,free,4,9.4,4.72,1.0,1,12,1358,0,0,0.0,0
user_03536,Michael Rodriguez,kennethcraig@hotmail.com,2025-04-17,US,free,3,2.3,2.66,2.0,5,15,190,0,0,0.0,0
user_03537,Judy Jones,justinlopez@hotmail.com,2022-05-19,US,free,4,4.3,2.21,6.0,0,21,1254,0,0,0.0,0
user_03538,Sandra Shields,dgilbert@gmail.com,2022-01-29,FR,free,4,14.2,4.04,2.0,3,5,1364,0,0,0.0,0
user_03539,Diana Martin,baldwinmartha@gmail.com,2023-06-21,IN,starter,5,2.3,3.4,3.0,1,19,856,0,0,0.0,0
user_03540,Shelby Clark,revans@hotmail.com,2023-03-18,FR,free,3,17.1,4.47,1.0,0,17,951,0,0,0.0,0
user_03541,Michael Curtis,david78@hotmail.com,2022-03-23,GB,free,2,5.7,8.78,3.0,2,6,1311,1,0,0.0,0
user_03542,Bruce Hayes,estradapaula@hotmail.com,2022-05-04,CA,starter,5,14.3,2.01,1.0,3,53,1269,0,0,0.0,0
user_03543,Mrs. Regina Jackson DDS,paulwalton@gmail.com,2024-03-26,DE,free,4,6.8,3.78,1.0,2,16,577,1,0,0.0,0
user_03544,Debra Wilcox,derek79@gmail.com,2024-11-03,CA,free,1,11.2,2.03,2.0,1,10,355,0,0,0.0,0
user_03545,Marcus Wells,joseguzman@gmail.com,2023-08-10,US,pro,3,15.6,1.29,3.9000000000000004,4,4,806,1,0,85.84,0
user_03546,Elizabeth Williams,eaguirre@hotmail.com,2025-07-11,IN,free,3,13.6,2.25,1.0,0,2,105,0,0,0.0,0
user_03547,Melanie Wells,william71@hotmail.com,2024-10-23,DE,free,5,5.7,0.62,4.0,1,96,366,0,0,0.0,0
user_03548,Crystal Gomez,ecampbell@hotmail.com,2024-04-30,US,free,4,4.6,1.02,4.0,1,159,542,0,0,0.0,0
user_03549,Scott Cox,michael55@gmail.com,2024-05-17,US,free,9,7.7,3.68,3.0,0,68,525,1,0,0.0,0
user_03550,Kimberly Tucker,sharon84@gmail.com,2024-04-03,US,free,1,2.8,3.43,2.0,2,18,569,0,0,0.0,0
user_03551,Manuel Macias,erodriguez@gmail.com,2022-06-18,AU,starter,2,9.0,5.86,0.0,2,49,1224,0,0,0.0,0
user_03552,Patricia Oliver DDS,nrios@gmail.com,2025-08-04,US,free,3,4.7,5.17,2.0,5,53,81,0,0,0.0,0
user_03553,Maria Richardson,ehumphrey@yahoo.com,2025-01-03,GB,free,7,12.3,1.31,3.0,2,10,294,0,1,0.0,0
user_03554,Jessica Morris,anthony77@hotmail.com,2025-01-06,IN,free,4,5.7,4.09,3.0,1,26,291,0,0,0.0,0
user_03555,Charles Johnson,anthony30@yahoo.com,2025-06-15,IN,free,6,1.0,3.4,0.0,2,94,131,0,0,0.0,0
user_03556,Spencer Bates,dawntodd@hotmail.com,2022-11-09,CA,starter,3,13.6,1.69,1.0,1,9,1080,0,0,0.0,0
user_03557,Denise Russell,pbush@yahoo.com,2023-07-23,US,free,4,8.7,2.87,2.0,1,32,824,1,0,0.0,0
user_03558,William Garcia,allisonpotter@yahoo.com,2022-06-21,GB,free,2,8.1,1.23,1.0,0,32,1221,0,1,0.0,1
user_03559,Mario Braun,isaiahwhitaker@yahoo.com,2023-09-27,DE,free,1,12.4,5.54,0.0,1,18,758,1,0,0.0,0
user_03560,Shannon Gill,richardsonpaula@gmail.com,2022-06-11,DE,free,1,11.5,3.55,2.0,1,20,1231,0,1,0.0,0
user_03561,Lisa Jones,yedwards@gmail.com,2024-11-13,US,free,2,5.0,5.95,3.0,2,18,345,0,0,0.0,0
user_03562,Jason Kelley,scottmayer@yahoo.com,2023-02-21,FR,starter,1,6.2,2.52,7.0,0,22,976,0,0,0.0,0
user_03563,John Carpenter,pamelablackwell@gmail.com,2022-11-15,CA,free,3,3.5,1.23,2.0,2,4,1074,0,0,0.0,0
user_03564,Matthew Watson,calebmorrow@yahoo.com,2025-01-03,FR,free,1,2.1,0.4,2.0,3,47,294,1,0,0.0,0
user_03565,Gerald Freeman,kfowler@yahoo.com,2023-11-01,IN,free,2,10.3,1.43,1.0,1,32,723,0,1,0.0,1
user_03566,Sheila Alvarez,tammy63@hotmail.com,2024-03-11,IN,starter,2,9.6,1.41,2.0,3,109,592,0,0,0.0,0
user_03567,Jeremy Frazier,joseph80@gmail.com,2025-04-16,AU,free,2,11.0,4.08,2.0,0,8,191,0,0,0.0,0
user_03568,Pamela White,pfoster@gmail.com,2025-07-23,FR,starter,5,13.1,2.97,3.0,2,4,93,0,0,0.0,0
user_03569,Evelyn Lewis,caldwellkaitlin@yahoo.com,2025-08-23,IN,starter,2,11.1,4.63,1.0,3,12,62,0,0,0.0,0
user_03570,Jamie Coleman,ortizashley@hotmail.com,2025-08-10,US,pro,8,13.5,2.43,2.6,2,21,75,0,0,0.0,0
user_03571,Karen Bailey,jestes@yahoo.com,2022-05-16,US,free,5,1.0,4.96,1.0,0,6,1257,1,0,0.0,0
user_03572,Scott Webb,codygould@gmail.com,2023-09-28,US,free,3,6.8,2.17,3.0,1,18,757,0,0,0.0,0
user_03573,Marvin Thomas,jenkinsmichele@hotmail.com,2024-06-14,US,starter,4,11.9,1.32,1.0,3,30,497,0,0,0.0,0
user_03574,Christopher Becker,ashleykent@hotmail.com,2023-05-04,US,pro,5,5.3,0.64,1.3,1,1,904,0,0,0.0,0
user_03575,Donna Fischer,rowechristine@gmail.com,2022-04-29,FR,pro,3,10.4,1.21,2.6,0,42,1274,0,0,0.0,0
user_03576,Maria Mitchell,mitchellzachary@gmail.com,2023-05-16,US,free,1,10.1,1.48,4.0,2,84,892,0,0,0.0,0
user_03577,Michael Myers,fmartinez@gmail.com,2022-06-26,CA,free,5,9.8,2.82,2.0,1,9,1216,0,0,0.0,0
user_03578,Caitlyn Terry,clarkphillip@yahoo.com,2024-06-08,US,free,5,9.5,1.26,4.0,1,44,503,0,0,0.0,0
user_03579,Luis Yang,courtney21@gmail.com,2022-08-26,US,starter,5,10.4,9.16,4.0,0,16,1155,1,0,20.0,0
user_03580,Renee Anderson,kevinstewart@hotmail.com,2024-07-17,US,free,2,8.7,3.92,3.0,0,32,464,1,0,0.0,0
user_03581,Isaiah Smith,qmorris@hotmail.com,2025-06-07,US,free,10,2.1,0.97,3.0,2,40,139,0,0,0.0,0
user_03582,Raymond Walsh,lopezchristopher@yahoo.com,2025-05-31,DE,starter,0,10.0,1.69,1.0,2,10,146,0,0,0.0,0
user_03583,Rita Adams,andrea31@yahoo.com,2022-04-23,FR,free,4,9.1,1.89,0.0,1,46,1280,0,0,0.0,0
user_03584,Bruce King,amymorse@hotmail.com,2023-09-26,US,pro,4,4.2,4.69,1.3,2,3,759,0,0,0.0,0
user_03585,Stephen Roman,mlarson@gmail.com,2025-09-26,IN,free,3,13.5,0.45,4.0,1,129,28,0,1,0.0,1
user_03586,James Morales,marshgina@hotmail.com,2025-09-09,IN,free,3,10.1,7.21,1.0,2,12,45,0,0,0.0,0
user_03587,Gary Moore,johnparker@yahoo.com,2022-12-26,FR,free,4,2.5,8.76,2.0,3,7,1033,0,0,0.0,0
user_03588,Ariel Hines,cbrown@hotmail.com,2022-09-02,DE,starter,1,4.7,3.42,1.0,3,4,1148,0,0,0.0,0
user_03589,Monica Gonzalez,xhenry@hotmail.com,2022-01-26,IN,free,0,5.7,5.83,4.0,0,50,1367,0,1,0.0,1
user_03590,Lawrence Stout,collinscaleb@gmail.com,2022-10-09,CA,free,4,5.7,2.92,3.0,0,26,1111,0,0,0.0,0
user_03591,Brian Bell,jacqueline23@yahoo.com,2022-01-24,FR,pro,6,11.2,2.89,5.2,2,90,1369,0,0,0.0,0
user_03592,Eric Allen,kristy81@hotmail.com,2022-12-02,US,free,5,4.1,1.02,6.0,3,31,1057,1,0,0.0,0
user_03593,Steven Wiley,brittany35@gmail.com,2024-10-13,IN,free,4,12.5,3.35,1.0,1,12,376,0,0,0.0,0
user_03594,Jonathan Bishop,dallen@hotmail.com,2023-12-12,AU,free,2,12.2,2.52,2.0,3,54,682,0,0,0.0,0
user_03595,Erica Knight,jasonortiz@yahoo.com,2024-12-07,CA,free,4,10.5,4.18,3.0,0,9,321,0,0,0.0,0
user_03596,Sean Davis,whitethomas@hotmail.com,2024-11-25,IN,starter,0,8.2,1.15,0.0,0,10,333,0,1,0.0,0
user_03597,Charles Hall,diana98@gmail.com,2023-06-15,IN,free,1,11.7,3.82,3.0,3,0,862,1,0,0.0,0
user_03598,Tyler Taylor,ztrevino@yahoo.com,2022-12-08,US,free,4,6.9,1.61,2.0,0,8,1051,1,0,0.0,0
user_03599,David Zamora DVM,michael69@gmail.com,2024-02-01,IN,free,0,5.1,1.12,4.0,1,9,631,0,0,0.0,0
user_03600,Amy Sparks,mendozaautumn@hotmail.com,2022-09-17,CA,starter,6,12.8,1.5,4.0,1,10,1133,0,0,0.0,0
user_03601,Jo Cooper,brownkendra@yahoo.com,2023-07-05,IN,free,4,9.3,1.31,2.0,0,13,842,1,0,0.0,0
user_03602,Margaret Cooke,njohnson@hotmail.com,2022-08-30,CA,free,6,5.3,3.18,2.0,2,25,1151,0,0,0.0,0
user_03603,Robert Lozano,victoriapotts@gmail.com,2022-03-02,FR,free,4,6.3,4.11,1.0,4,7,1332,0,0,0.0,0
user_03604,Charles Lewis,teresa03@gmail.com,2023-11-18,US,free,4,5.1,0.64,0.0,2,30,706,0,0,0.0,0
user_03605,Lori Baker,erice@hotmail.com,2024-05-29,IN,free,0,16.1,1.42,0.0,1,4,513,0,0,0.0,0
user_03606,Dawn Lyons,robinsonanita@yahoo.com,2023-07-12,IN,free,2,8.0,3.78,0.0,2,80,835,0,0,0.0,0
user_03607,John Harper,jfoster@hotmail.com,2024-12-08,CA,starter,3,8.6,4.26,0.0,1,0,320,0,0,0.0,0
user_03608,Donna Payne,jessicabrown@yahoo.com,2022-05-11,US,free,1,10.9,2.98,1.0,2,71,1262,0,0,0.0,0
user_03609,Dawn Gomez,heather64@gmail.com,2023-06-23,GB,pro,5,5.1,3.49,2.6,2,23,854,0,0,0.0,0
user_03610,Denise Guerra,millerrachel@gmail.com,2025-03-26,FR,pro,6,14.4,1.78,3.9000000000000004,1,37,212,1,0,85.39,0
user_03611,Stacey Riley,jameswalsh@yahoo.com,2025-07-09,IN,free,2,5.6,0.74,0.0,2,10,107,0,0,0.0,0
user_03612,Bruce Rodriguez,lnelson@yahoo.com,2022-06-07,AU,free,3,15.3,1.91,2.0,0,5,1235,1,0,0.0,0
user_03613,Jermaine Johnson,andrew21@yahoo.com,2024-10-13,AU,free,1,6.7,1.95,3.0,1,88,376,0,0,0.0,0
user_03614,Stephen Christensen,murrayedwin@hotmail.com,2024-07-21,US,starter,4,12.2,2.28,3.0,3,17,460,0,0,0.0,0
user_03615,Curtis Leon,gillkimberly@gmail.com,2024-11-12,US,free,2,1.0,3.23,4.0,1,19,346,0,0,0.0,0
user_03616,Juan Rodriguez,thompsonjennifer@hotmail.com,2024-01-08,AU,free,1,3.3,3.1,3.0,1,127,655,0,0,0.0,0
user_03617,Joanna Bowers,johnsonkevin@hotmail.com,2022-04-24,AU,free,4,6.8,3.68,2.0,2,12,1279,1,0,0.0,0
user_03618,Michelle Stone,jacobsondavid@gmail.com,2024-10-20,US,starter,1,1.0,2.43,2.0,3,3,369,0,0,0.0,0
user_03619,Katrina Ruiz,vmitchell@gmail.com,2025-03-06,US,starter,6,10.4,1.16,2.0,1,26,232,1,0,20.0,0
user_03620,David Kim,amanda07@hotmail.com,2022-12-08,US,free,3,9.3,7.55,4.0,1,24,1051,1,0,0.0,0
user_03621,Rose Clark,lhendricks@gmail.com,2024-01-24,AU,starter,3,4.0,0.87,0.0,3,44,639,0,0,0.0,0
user_03622,Christina Contreras,sleblanc@yahoo.com,2022-11-19,US,free,5,7.9,1.18,2.0,1,93,1070,0,0,0.0,0
user_03623,Dylan Hunt,jamesnorton@gmail.com,2023-06-07,IN,free,3,11.2,3.06,2.0,2,11,870,0,0,0.0,0
user_03624,Alfred Franklin,stewartmichael@gmail.com,2022-07-30,FR,pro,8,1.6,2.39,2.6,1,38,1182,1,0,92.39,0
user_03625,William Smith,tmartin@gmail.com,2025-03-21,US,free,2,2.9,5.92,2.0,1,17,217,0,0,0.0,0
user_03626,Ann Jones,nguyenbrittany@hotmail.com,2022-08-25,GB,free,3,6.7,2.45,1.0,2,45,1156,0,0,0.0,0
user_03627,Sharon Pierce,wardthomas@hotmail.com,2023-04-13,US,free,6,8.1,3.63,2.0,1,5,925,0,0,0.0,0
user_03628,Austin Carroll,morrismeghan@yahoo.com,2024-11-08,FR,pro,9,9.8,3.19,1.3,0,20,350,0,0,0.0,0
user_03629,Maria Wagner,fgoodman@gmail.com,2022-01-06,US,starter,3,11.6,0.57,0.0,2,2,1387,0,0,0.0,0
user_03630,Charles Fitzpatrick,kristenreid@gmail.com,2022-04-01,CA,starter,3,9.9,10.0,2.0,1,24,1302,0,0,0.0,0
user_03631,Michael Green,brett06@yahoo.com,2022-01-26,CA,starter,3,10.8,2.94,0.0,0,5,1367,1,0,20.0,0
user_03632,Sharon Perez,lauren70@gmail.com,2023-05-16,US,free,1,2.4,1.16,3.0,0,96,892,0,1,0.0,1
user_03633,Stephen Cunningham,tammyelliott@gmail.com,2022-04-05,US,free,5,8.6,2.32,2.0,0,24,1298,0,0,0.0,0
user_03634,Craig Parker,seandavis@yahoo.com,2024-08-24,IN,free,3,6.8,4.19,3.0,3,22,426,0,0,0.0,0
user_03635,Debra Sullivan,yvonnebryant@hotmail.com,2024-01-16,US,free,4,13.8,0.44,1.0,2,107,647,0,0,0.0,0
user_03636,Angela Weaver,meyersroy@gmail.com,2024-02-24,DE,free,1,8.7,2.46,3.0,3,20,608,0,0,0.0,0
user_03637,Tyrone Alvarez,nmartin@hotmail.com,2022-11-04,DE,pro,6,7.3,2.85,2.6,1,33,1085,0,0,0.0,0
user_03638,Tracy Brown,reevesmichael@yahoo.com,2023-01-02,IN,free,5,11.4,0.9,1.0,2,1,1026,0,1,0.0,0
user_03639,Matthew Brown,vmason@gmail.com,2022-03-14,GB,free,3,10.3,4.26,2.0,0,36,1320,0,0,0.0,0
user_03640,James Porter,ulynn@gmail.com,2025-02-06,GB,free,1,4.7,1.23,3.0,0,3,260,0,0,0.0,0
user_03641,Brianna Barton,carrollmarco@yahoo.com,2025-09-04,DE,free,3,6.6,5.57,0.0,1,45,50,0,0,0.0,0
user_03642,Jeremy Terry,boydjermaine@hotmail.com,2024-05-08,IN,pro,6,8.7,2.44,1.3,2,62,534,1,1,84.04,1
user_03643,Philip Martin,philip01@yahoo.com,2023-04-05,US,free,4,12.9,3.81,3.0,0,11,933,0,0,0.0,0
user_03644,Jeffrey Wells,stephen17@gmail.com,2023-10-22,US,free,2,8.8,3.02,4.0,1,63,733,1,0,0.0,0
user_03645,Eric Cabrera,khenderson@gmail.com,2023-05-24,IN,starter,6,10.9,2.78,1.0,0,19,884,0,0,0.0,0
user_03646,Colleen Ruiz,carlaware@yahoo.com,2024-05-02,IN,free,2,6.0,2.35,1.0,1,25,540,1,0,0.0,0
user_03647,Patricia Colon,kpowell@gmail.com,2023-10-18,IN,free,4,9.3,2.67,3.0,1,15,737,0,0,0.0,0
user_03648,Tamara Parker,anthony34@gmail.com,2023-07-10,US,free,2,13.2,3.78,4.0,1,19,837,0,0,0.0,0
user_03649,Kevin Myers,knelson@gmail.com,2022-06-09,CA,free,7,6.6,5.72,3.0,2,71,1233,0,0,0.0,0
user_03650,Dr. Joseph Howard MD,claytonjames@hotmail.com,2025-03-16,US,pro,10,10.5,2.39,2.6,2,88,222,0,0,0.0,0
user_03651,Richard Knapp,richard88@yahoo.com,2024-02-03,US,starter,2,2.5,8.95,2.0,1,17,629,1,0,20.0,0
user_03652,Brandon Figueroa,larrysmith@gmail.com,2022-09-02,IN,free,5,4.9,4.63,2.0,1,21,1148,0,0,0.0,0
user_03653,Steven Walker,mario62@yahoo.com,2024-10-25,US,starter,3,6.7,3.4,3.0,2,3,364,0,0,0.0,0
user_03654,Terri Garcia,monica53@gmail.com,2022-04-18,GB,free,3,3.8,3.22,3.0,1,11,1285,0,0,0.0,0
user_03655,Chloe Patel,kristymurphy@hotmail.com,2023-01-03,US,free,1,13.3,0.28,1.0,2,21,1025,0,1,0.0,0
user_03656,Joseph Padilla,rodriguezjulie@gmail.com,2023-04-03,IN,free,2,4.6,8.7,0.0,0,6,935,0,0,0.0,0
user_03657,Nathaniel Cummings,myork@yahoo.com,2024-11-22,IN,free,4,11.1,3.99,2.0,3,25,336,0,0,0.0,0
user_03658,David Garcia,betty79@gmail.com,2022-04-05,US,free,5,8.7,1.11,5.0,1,34,1298,0,0,0.0,0
user_03659,Stacey Robles,april21@hotmail.com,2024-04-01,US,starter,2,8.1,0.61,2.0,3,31,571,0,0,0.0,0
user_03660,Richard Bowman,rebecca12@gmail.com,2022-05-22,FR,pro,5,15.9,6.08,0.0,4,17,1251,0,0,0.0,0
user_03661,Megan Clark,stokescristina@hotmail.com,2024-08-10,IN,free,0,1.0,1.66,1.0,3,44,440,0,0,0.0,0
user_03662,Michael Cobb,madison22@yahoo.com,2023-08-02,IN,free,5,7.2,2.28,2.0,1,11,814,0,0,0.0,0
user_03663,Kelly Little,burtonkaren@yahoo.com,2023-09-29,US,free,2,3.7,2.21,1.0,1,19,756,0,0,0.0,0
user_03664,Sharon Martinez,palvarado@hotmail.com,2023-11-02,IN,free,2,1.0,2.27,1.0,2,9,722,1,0,0.0,0
user_03665,Brandy Brock,john80@hotmail.com,2022-06-26,GB,free,4,3.2,0.52,1.0,0,27,1216,1,0,0.0,0
user_03666,Shannon Lopez,yuamber@hotmail.com,2025-02-06,GB,free,6,8.1,5.18,3.0,2,17,260,0,0,0.0,0
user_03667,John Hurley,fordrachel@yahoo.com,2024-07-24,CA,starter,1,5.1,1.61,2.0,3,7,457,0,0,0.0,0
user_03668,Morgan Montoya,stacyhoward@hotmail.com,2022-01-17,US,free,2,11.6,1.98,2.0,2,11,1376,1,0,0.0,0
user_03669,Justin Jensen,jeffrey46@yahoo.com,2024-01-26,US,free,1,7.1,1.33,0.0,1,9,637,0,0,0.0,0
user_03670,Michael Jones,millerhannah@gmail.com,2023-02-15,DE,free,2,6.7,4.36,2.0,2,72,982,1,0,0.0,0
user_03671,Rebecca Kelly,graydana@hotmail.com,2023-08-21,AU,free,2,6.7,1.3,5.0,0,22,795,0,0,0.0,0
user_03672,Pamela Payne,athomas@hotmail.com,2025-02-28,US,free,1,7.6,0.99,1.0,2,31,238,1,0,0.0,0
user_03673,Leslie Evans,david20@hotmail.com,2023-09-15,IN,starter,4,6.3,3.85,2.0,2,81,770,0,0,0.0,0
user_03674,Steven Osborne,srich@gmail.com,2025-06-29,US,free,2,4.6,1.92,5.0,1,6,117,0,0,0.0,0
user_03675,Rachel Mccullough,jamieprice@gmail.com,2023-05-12,US,starter,2,12.0,3.17,7.0,3,82,896,0,0,0.0,0
user_03676,Amanda Martinez,saundersdavid@hotmail.com,2024-08-08,US,free,0,5.5,1.52,0.0,2,23,442,0,0,0.0,0
user_03677,Marissa Lucero,ysimpson@yahoo.com,2024-01-25,US,free,2,6.5,1.01,0.0,1,58,638,0,0,0.0,0
user_03678,Nicholas Rush,riverasarah@yahoo.com,2025-04-26,CA,free,4,9.7,1.76,5.0,1,5,181,0,0,0.0,0
user_03679,Angela Duke,oparsons@gmail.com,2024-10-07,IN,starter,3,9.3,4.65,1.0,2,9,382,0,1,0.0,0
user_03680,James Macdonald,daniel21@hotmail.com,2023-02-05,US,free,1,4.4,1.74,3.0,1,6,992,1,0,0.0,0
user_03681,Charles Serrano,sawyerjohn@yahoo.com,2025-01-24,US,starter,7,11.0,4.93,1.0,1,31,273,0,0,0.0,0
user_03682,Deanna Ortiz,lopezkerri@hotmail.com,2023-05-18,DE,free,2,10.2,1.65,3.0,2,4,890,0,0,0.0,0
user_03683,Jessica Young,zpeterson@gmail.com,2022-11-05,US,starter,3,8.7,3.39,4.0,3,47,1084,0,0,0.0,0
user_03684,Brian Salazar,gwendolyngreene@hotmail.com,2022-01-14,GB,free,3,6.3,2.18,3.0,4,8,1379,0,0,0.0,0
user_03685,Cory Smith,nicholashamilton@yahoo.com,2024-04-19,US,starter,5,6.4,1.67,3.0,2,8,553,0,0,0.0,0
user_03686,Julia Campbell,garmstrong@hotmail.com,2022-02-18,GB,free,1,7.2,1.11,3.0,5,9,1344,0,0,0.0,0
user_03687,Caroline Peterson,holdenrichard@hotmail.com,2023-04-23,US,pro,6,5.1,2.39,2.6,1,41,915,1,0,96.79,0
user_03688,James Rogers,fmoore@yahoo.com,2025-01-14,US,free,1,7.8,2.6,1.0,2,77,283,0,0,0.0,0
user_03689,Carol Williams,tarabean@gmail.com,2023-12-11,US,free,3,11.6,0.53,6.0,5,71,683,0,0,0.0,0
user_03690,Stacey Hendrix,annarios@gmail.com,2025-07-26,US,free,3,11.5,1.03,4.0,2,3,90,0,0,0.0,0
user_03691,Candice Hill PhD,heidi39@hotmail.com,2022-01-20,IN,starter,5,6.5,3.33,4.0,2,9,1373,0,0,0.0,0
user_03692,Nathan Wilson,zstanley@yahoo.com,2023-11-18,CA,free,5,12.3,0.76,3.0,1,33,706,0,0,0.0,0
user_03693,Donna Young,kevinbailey@gmail.com,2022-01-03,US,starter,2,15.6,2.41,1.0,3,28,1390,0,0,0.0,0
user_03694,Victoria Sweeney,zoeray@gmail.com,2025-09-08,US,free,1,6.7,4.0,2.0,3,12,46,1,0,0.0,0
user_03695,Ryan Mccoy,anthony89@yahoo.com,2024-02-10,IN,free,2,10.8,5.73,4.0,1,59,622,1,0,0.0,0
user_03696,David Collier,iwong@yahoo.com,2023-09-22,GB,free,1,1.0,0.4,2.0,2,4,763,0,0,0.0,0
user_03697,Tyler Robbins,andersonnathan@hotmail.com,2022-08-01,AU,pro,7,5.0,3.76,2.6,4,30,1180,0,0,0.0,0
user_03698,Christopher Brown,michaelgutierrez@gmail.com,2023-02-25,GB,starter,5,8.4,7.3,1.0,1,9,972,0,0,0.0,0
user_03699,Rachel Moyer,sean93@gmail.com,2024-12-21,IN,pro,8,6.0,8.92,2.6,2,22,307,0,0,0.0,0
user_03700,Morgan Moore,kelleymelanie@hotmail.com,2023-05-03,GB,free,0,16.2,0.6,3.0,5,14,905,0,0,0.0,0
user_03701,Ashley Gonzales,hamptonadam@hotmail.com,2024-05-09,AU,starter,5,10.4,2.88,3.0,1,116,533,0,0,0.0,0
user_03702,Kevin Hess,zacharydiaz@hotmail.com,2024-10-04,DE,starter,1,11.9,1.4,0.0,2,20,385,0,0,0.0,0
user_03703,Ryan Fox,cynthia67@gmail.com,2022-05-03,US,free,2,7.9,1.44,2.0,2,112,1270,0,0,0.0,0
user_03704,Dawn Long,paynekatherine@hotmail.com,2022-10-19,US,starter,2,4.0,1.55,1.0,1,8,1101,0,0,0.0,0
user_03705,Martha Baker,ssullivan@gmail.com,2023-07-28,US,pro,3,7.9,5.91,2.6,3,43,819,1,0,81.55,0
user_03706,Christopher Steele,benjaminwright@yahoo.com,2022-07-10,IN,pro,6,11.0,4.66,0.0,2,37,1202,0,0,0.0,0
user_03707,Cameron Anderson,christopherpowell@gmail.com,2022-03-31,CA,starter,1,5.4,3.1,3.0,2,56,1303,1,0,20.0,0
user_03708,Leslie Zamora,rwise@hotmail.com,2023-04-20,IN,free,4,10.7,2.99,1.0,2,35,918,1,0,0.0,0
user_03709,Richard Nash,wongashley@hotmail.com,2024-11-30,US,free,3,10.8,1.15,1.0,1,34,328,1,0,0.0,0
user_03710,Zachary Stephens,scottwilliam@yahoo.com,2024-04-25,CA,pro,6,10.0,1.54,7.800000000000001,1,32,547,1,0,89.07,0
user_03711,Jerry Alvarez,stephanie95@yahoo.com,2024-02-02,DE,free,5,1.0,0.85,3.0,2,126,630,0,0,0.0,0
user_03712,William Long,keith42@hotmail.com,2024-07-27,US,starter,3,14.9,2.22,1.0,1,7,454,0,0,0.0,0
user_03713,Maria Frank,jeremytucker@gmail.com,2022-06-23,CA,starter,4,7.1,0.39,3.0,2,0,1219,0,0,0.0,0
user_03714,Victoria Hall,barnesmonica@gmail.com,2025-04-04,IN,starter,1,18.8,3.05,0.0,1,33,203,0,0,0.0,0
user_03715,Donna Ortiz,glennangelica@hotmail.com,2022-07-15,FR,pro,4,12.6,9.69,3.9000000000000004,3,5,1197,0,0,0.0,0
user_03716,Lori Harris,oporter@yahoo.com,2024-11-01,FR,free,4,7.2,3.21,1.0,1,34,357,0,0,0.0,0
user_03717,Eric Woods,katherinerodriguez@hotmail.com,2022-10-01,IN,free,2,9.8,3.49,2.0,0,11,1119,1,0,0.0,0
user_03718,Paul Walker,erin90@hotmail.com,2025-07-29,CA,free,3,1.0,1.34,2.0,2,1,87,0,0,0.0,0
user_03719,Lisa Ayala,hartmanwilliam@gmail.com,2024-03-18,FR,free,1,12.1,1.7,5.0,0,44,585,0,0,0.0,0
user_03720,Stacy Colon,ddeleon@gmail.com,2022-06-03,IN,free,3,18.3,2.16,2.0,2,1,1239,1,0,0.0,0
user_03721,Tony Meadows,justin28@yahoo.com,2025-04-27,US,free,4,1.0,2.08,3.0,2,7,180,0,1,0.0,0
user_03722,Kelly Stanley,wgilbert@gmail.com,2025-03-08,DE,starter,2,6.9,3.06,2.0,1,12,230,0,0,0.0,0
user_03723,Susan Garcia,wendydominguez@gmail.com,2022-05-08,US,pro,7,9.6,9.05,2.6,1,4,1265,1,0,89.65,0
user_03724,Larry Russell,jasontaylor@yahoo.com,2024-06-09,US,free,9,11.5,2.12,4.0,0,73,502,0,1,0.0,1
user_03725,Dr. Briana Sanchez,castrosteven@hotmail.com,2025-09-18,FR,free,4,16.4,5.15,5.0,5,29,36,0,0,0.0,0
user_03726,Brandi Andrews,markslauren@yahoo.com,2022-09-25,CA,pro,5,11.5,3.56,1.3,3,62,1125,0,1,0.0,1
user_03727,Angel Valencia,sharon93@gmail.com,2023-04-30,IN,free,5,16.6,0.73,2.0,1,34,908,0,0,0.0,0
user_03728,Terry Jenkins DDS,jeffreywilkinson@hotmail.com,2023-08-21,US,free,0,8.7,2.59,1.0,1,144,795,0,0,0.0,0
user_03729,Dr. Rebecca Daniels,christophermeadows@hotmail.com,2023-06-19,US,free,2,9.8,2.73,3.0,2,22,858,0,0,0.0,0
user_03730,Angela Moyer,brenda91@yahoo.com,2023-10-08,US,free,2,9.3,0.75,1.0,1,1,747,0,0,0.0,0
user_03731,Pamela Newton,beckymiller@gmail.com,2024-03-15,US,free,4,12.9,5.6,1.0,1,5,588,0,0,0.0,0
user_03732,James Bowman,pwaller@yahoo.com,2023-10-31,CA,pro,4,8.3,5.36,3.9000000000000004,0,26,724,0,0,0.0,0
user_03733,Alexandra Hill,tracey50@yahoo.com,2023-10-14,US,free,3,11.3,4.54,0.0,2,12,741,0,0,0.0,0
user_03734,Thomas Jones,dbrown@hotmail.com,2024-07-16,IN,free,7,3.1,4.71,1.0,3,3,465,0,0,0.0,0
user_03735,Vanessa Howard,ecarroll@hotmail.com,2023-07-11,US,free,1,6.9,1.1,1.0,1,8,836,0,0,0.0,0
user_03736,Sheila Romero,scottcoleman@hotmail.com,2023-04-24,AU,free,3,5.5,4.72,3.0,0,19,914,0,0,0.0,0
user_03737,Andrew Lambert,thomaskelly@yahoo.com,2022-06-02,US,starter,3,8.4,0.51,2.0,1,21,1240,0,0,0.0,0
user_03738,Catherine Scott,erikbartlett@yahoo.com,2023-02-20,US,starter,3,6.7,2.46,1.0,2,81,977,1,0,20.0,0
user_03739,Andrew Knox,aadams@hotmail.com,2022-10-06,US,starter,1,12.5,1.65,1.0,1,2,1114,1,0,20.0,0
user_03740,Courtney Hall,tammy91@hotmail.com,2025-04-12,GB,free,1,4.5,0.76,2.0,0,13,195,0,0,0.0,0
user_03741,Mark Baker,vanderson@gmail.com,2022-08-12,GB,pro,5,3.1,5.21,0.0,2,21,1169,0,0,0.0,0
user_03742,Jeffrey Rivera,pjackson@gmail.com,2022-11-15,IN,starter,7,2.6,3.82,4.0,1,3,1074,1,0,20.0,0
user_03743,Joseph Wong,donna86@gmail.com,2022-08-05,IN,starter,5,12.0,1.06,3.0,0,34,1176,0,0,0.0,0
user_03744,Brent Bennett,jasmineyoung@yahoo.com,2022-12-03,US,free,5,4.1,2.36,1.0,2,21,1056,0,1,0.0,0
user_03745,Jared Miller,michaelwells@gmail.com,2024-07-09,IN,free,2,9.6,3.36,1.0,2,18,472,1,0,0.0,0
user_03746,David Morton,ubell@gmail.com,2024-08-12,IN,free,8,6.8,0.23,1.0,3,32,438,1,0,0.0,0
user_03747,Jeremy Allen,angelaroberts@yahoo.com,2023-10-06,US,starter,5,11.3,3.74,1.0,1,10,749,0,0,0.0,0
user_03748,Evelyn Duran,sarah79@hotmail.com,2024-04-12,US,free,4,7.1,0.92,3.0,0,12,560,0,0,0.0,0
user_03749,Brittany Wilson,jessicagallegos@yahoo.com,2022-09-05,US,free,3,19.1,0.96,2.0,1,5,1145,0,0,0.0,0
user_03750,Anthony Schwartz,wsmith@yahoo.com,2025-01-02,US,pro,8,17.6,5.54,2.6,3,22,295,1,0,88.44,0
user_03751,Elizabeth Perez,philip08@gmail.com,2024-01-04,GB,pro,5,8.7,1.35,1.3,1,13,659,0,0,0.0,0
user_03752,Robert Velasquez,jrussell@gmail.com,2023-03-02,US,pro,7,8.2,7.14,1.3,1,9,967,1,0,93.52,0
user_03753,Kevin Hicks,leah92@yahoo.com,2024-07-14,US,free,0,20.5,1.95,2.0,0,3,467,1,0,0.0,0
user_03754,Troy Hebert,gcruz@hotmail.com,2023-09-24,US,starter,2,3.7,1.52,1.0,5,0,761,0,0,0.0,0
user_03755,Mrs. Wanda Villarreal,vazquezrebecca@gmail.com,2024-08-06,AU,free,3,7.8,4.16,1.0,4,6,444,0,0,0.0,0
user_03756,Cynthia Snyder,brookecervantes@hotmail.com,2023-06-27,FR,free,7,8.1,2.4,1.0,2,8,850,0,0,0.0,0
user_03757,Seth Singleton,whitedonald@gmail.com,2022-09-03,US,free,5,8.0,2.64,4.0,1,19,1147,0,0,0.0,0
user_03758,Chad Levy,williamsmark@gmail.com,2022-07-05,US,free,5,1.0,0.79,1.0,2,8,1207,0,0,0.0,0
user_03759,Joyce Cannon,jennifer05@yahoo.com,2022-11-19,US,free,3,10.0,8.18,1.0,2,51,1070,0,0,0.0,0
user_03760,Michael Li,amylewis@gmail.com,2023-09-16,IN,starter,1,4.1,6.73,3.0,3,19,769,0,0,0.0,0
user_03761,Paul Bell,theresa00@yahoo.com,2025-05-20,US,free,2,13.7,2.48,2.0,3,29,157,0,0,0.0,0
user_03762,Peter Dillon,llambert@gmail.com,2022-03-24,CA,starter,2,2.2,1.73,3.0,1,6,1310,0,1,0.0,0
user_03763,Monica Charles,daniellestokes@yahoo.com,2023-03-17,IN,free,5,8.2,3.2,2.0,3,16,952,0,0,0.0,0
user_03764,Timothy Monroe,sanchezheather@gmail.com,2023-11-03,FR,free,1,1.0,0.55,3.0,3,27,721,0,0,0.0,0
user_03765,Vanessa Pitts,smithrebecca@gmail.com,2022-10-31,US,free,3,1.0,2.95,3.0,2,11,1089,0,0,0.0,0
user_03766,Jessica Crawford,curryrachel@yahoo.com,2022-07-06,DE,free,2,4.6,0.13,2.0,2,12,1206,0,0,0.0,0
user_03767,Amber Pacheco,candicegrant@hotmail.com,2023-05-24,DE,free,2,5.2,1.85,4.0,1,49,884,1,0,0.0,0
user_03768,Tonya Flores,danieljeffrey@gmail.com,2023-12-30,US,free,3,13.9,0.83,3.0,2,54,664,0,0,0.0,0
user_03769,Lynn Daniels,amanda18@hotmail.com,2024-03-22,US,free,5,7.8,3.76,3.0,2,22,581,0,0,0.0,0
user_03770,Brittney Harris,macktiffany@hotmail.com,2024-11-17,US,free,3,13.2,1.45,2.0,1,68,341,0,1,0.0,1
user_03771,Thomas Morgan,benjaminholden@yahoo.com,2022-04-11,US,free,1,6.5,0.72,2.0,1,40,1292,0,0,0.0,0
user_03772,Christopher Thompson,christine05@gmail.com,2023-09-05,US,pro,6,12.4,7.24,1.3,2,1,780,0,0,0.0,0
user_03773,Brett Johnson,oandrews@yahoo.com,2023-06-17,GB,free,1,5.1,16.13,4.0,4,24,860,0,0,0.0,0
user_03774,Logan Adams,alexandramartinez@hotmail.com,2022-12-23,IN,starter,3,4.8,2.18,2.0,1,35,1036,0,0,0.0,0
user_03775,Shannon Luna,kristina74@yahoo.com,2022-03-05,AU,starter,2,1.0,3.17,1.0,2,23,1329,0,0,0.0,0
user_03776,Deborah Hutchinson,travissilva@gmail.com,2024-04-08,US,pro,8,11.3,1.87,2.6,3,53,564,0,0,0.0,0
user_03777,Melissa Archer,gabrielmorris@gmail.com,2024-07-15,AU,starter,4,9.0,1.51,3.0,1,10,466,0,1,0.0,0
user_03778,Jesse Freeman,langkristin@yahoo.com,2025-02-12,US,free,5,11.1,6.08,0.0,5,2,254,0,0,0.0,0
user_03779,Marcus Thompson,rogersdawn@hotmail.com,2025-01-31,DE,starter,1,8.9,3.58,2.0,3,30,266,1,0,20.0,0
user_03780,Christina Jensen,mnolan@gmail.com,2023-05-27,US,pro,4,18.1,5.44,5.2,4,39,881,1,0,84.96,0
user_03781,Gary Harris,bsmith@gmail.com,2022-07-13,US,free,1,8.7,1.36,2.0,3,43,1199,0,0,0.0,0
user_03782,Alexandra Hughes,jose06@hotmail.com,2024-08-04,FR,free,2,12.0,1.04,0.0,2,0,446,0,0,0.0,0
user_03783,Carl Garcia,leecameron@hotmail.com,2022-07-28,US,free,2,6.7,6.9,3.0,0,33,1184,0,0,0.0,0
user_03784,Melinda Adkins,patriciagonzalez@yahoo.com,2022-10-14,CA,starter,1,4.4,2.19,4.0,2,0,1106,0,0,0.0,0
user_03785,Nicole Ballard,suzannekelley@gmail.com,2022-09-06,GB,starter,1,10.9,3.44,0.0,1,44,1144,1,0,20.0,0
user_03786,Courtney Walker,robertsmelissa@yahoo.com,2022-01-25,IN,free,4,7.6,1.12,1.0,3,36,1368,0,0,0.0,0
user_03787,Zoe Lambert,swhite@gmail.com,2022-05-07,IN,free,6,11.3,0.37,2.0,2,25,1266,0,0,0.0,0
user_03788,Christopher Bass,castromelissa@hotmail.com,2023-04-01,CA,free,3,9.4,1.84,3.0,0,21,937,1,0,0.0,0
user_03789,Brenda Hicks,westbrian@yahoo.com,2022-09-25,US,free,1,4.8,7.0,1.0,1,37,1125,0,0,0.0,0
user_03790,Russell Rodriguez,mrobinson@gmail.com,2023-02-10,CA,pro,9,14.3,4.81,2.6,0,1,987,0,0,0.0,0
user_03791,Samuel Molina,dmartinez@yahoo.com,2024-03-31,FR,free,2,4.5,3.18,1.0,2,53,572,0,0,0.0,0
user_03792,Luis Graham,whogan@hotmail.com,2024-02-02,US,free,3,10.5,1.74,5.0,1,6,630,0,0,0.0,0
user_03793,Mary Hodges,aperez@gmail.com,2025-07-14,US,free,7,13.1,2.23,2.0,1,19,102,1,0,0.0,0
user_03794,Vincent White,angelamckinney@gmail.com,2025-08-13,CA,starter,3,6.5,2.54,5.0,2,20,72,0,0,0.0,0
user_03795,Barbara Mitchell,tylervazquez@hotmail.com,2022-06-22,IN,free,5,12.6,2.86,2.0,0,45,1220,0,0,0.0,0
user_03796,Amy Phillips,dorothy55@yahoo.com,2025-04-07,IN,starter,4,9.6,0.75,0.0,1,6,200,1,0,20.0,0
user_03797,Paul Keith,warnerdiane@gmail.com,2025-04-15,US,free,4,11.4,5.38,2.0,0,10,192,0,0,0.0,0
user_03798,Bethany Thomas,parker61@yahoo.com,2023-06-15,IN,free,4,4.7,3.64,2.0,3,32,862,0,0,0.0,0
user_03799,Robert Morgan,hgonzalez@hotmail.com,2022-06-03,US,free,6,8.9,2.64,1.0,1,15,1239,1,0,0.0,0
user_03800,Alicia Lopez,rcasey@gmail.com,2022-02-14,IN,free,3,2.4,4.27,4.0,2,10,1348,0,0,0.0,0
user_03801,Kurt Gonzalez,kevin51@gmail.com,2022-05-13,DE,free,3,14.8,4.94,0.0,1,29,1260,0,0,0.0,0
user_03802,David Ryan,dgraham@hotmail.com,2023-02-09,US,pro,7,1.9,6.4,0.0,2,2,988,0,0,0.0,0
user_03803,Keith Black,ericaodonnell@yahoo.com,2025-08-15,IN,starter,7,6.6,4.43,2.0,1,46,70,0,0,0.0,0
user_03804,Christine Branch,huntandrea@hotmail.com,2024-06-27,AU,pro,5,6.3,2.26,1.3,1,22,484,1,0,86.11,0
user_03805,Ronald Sanchez,hhooper@hotmail.com,2022-09-21,CA,free,1,10.7,2.3,2.0,0,6,1129,0,0,0.0,0
user_03806,Bryan Mathis,ricky95@yahoo.com,2022-07-08,FR,pro,5,17.7,7.15,1.3,1,15,1204,0,0,0.0,0
user_03807,Michelle Ryan,bennettmark@gmail.com,2023-11-11,IN,free,3,10.6,1.96,1.0,1,4,713,0,0,0.0,0
user_03808,Katrina Gardner,danielmargaret@yahoo.com,2022-09-08,DE,free,2,19.8,4.08,1.0,1,28,1142,1,0,0.0,0
user_03809,James Dunn,sballard@yahoo.com,2022-03-29,US,free,3,2.5,1.41,2.0,1,33,1305,0,1,0.0,1
user_03810,Jessica Walls,frazierrobert@gmail.com,2024-08-02,US,free,4,2.8,1.25,1.0,0,15,448,1,0,0.0,0
user_03811,Charles Patterson,gdrake@gmail.com,2022-04-14,US,starter,0,4.4,2.89,1.0,2,12,1289,0,0,0.0,0
user_03812,Dr. Robert Herrera,fhowell@hotmail.com,2022-12-11,IN,free,5,8.5,6.02,4.0,3,56,1048,0,0,0.0,0
user_03813,Stephen Hutchinson,ryan55@gmail.com,2025-03-21,FR,free,0,3.9,3.67,1.0,0,25,217,1,0,0.0,0
user_03814,Brian Vasquez,joshua27@yahoo.com,2024-06-06,US,starter,5,5.0,2.71,1.0,1,32,505,0,0,0.0,0
user_03815,Katrina Salazar,amay@yahoo.com,2024-03-19,CA,free,4,10.5,3.64,0.0,1,4,584,1,0,0.0,0
user_03816,Devin Howell,anthony90@gmail.com,2024-10-13,CA,free,4,3.0,3.12,3.0,1,37,376,0,0,0.0,0
user_03817,Patricia Gomez,ptorres@gmail.com,2022-03-02,GB,free,4,3.5,1.27,1.0,0,17,1332,0,0,0.0,0
user_03818,Anthony Jones,zmoore@gmail.com,2024-02-23,US,starter,2,6.4,2.02,3.0,0,13,609,1,0,20.0,0
user_03819,Tommy Brown,ofuller@hotmail.com,2024-05-23,GB,starter,1,6.8,0.76,4.0,4,79,519,0,0,0.0,0
user_03820,Cynthia Macias,barrettmichael@yahoo.com,2022-12-20,US,free,2,12.0,3.2,4.0,2,1,1039,0,0,0.0,0
user_03821,Johnny Sanchez,danielgarrett@gmail.com,2023-12-26,US,free,5,4.4,4.96,5.0,4,6,668,0,0,0.0,0
user_03822,Christopher Craig,lisa17@hotmail.com,2023-03-16,AU,free,2,5.1,5.49,3.0,1,14,953,0,0,0.0,0
user_03823,Kimberly Wallace,davila@yahoo.com,2023-01-19,US,starter,1,10.3,1.89,1.0,3,11,1009,0,0,0.0,0
user_03824,Taylor Smith,matthew26@yahoo.com,2023-07-18,US,free,5,11.2,1.2,1.0,2,21,829,0,0,0.0,0
user_03825,Amanda Hawkins,joshua92@gmail.com,2023-07-28,FR,free,3,13.7,3.35,0.0,3,15,819,0,0,0.0,0
user_03826,Fernando Quinn,ryanstein@hotmail.com,2024-07-02,US,free,1,9.9,0.71,4.0,0,46,479,1,0,0.0,0
user_03827,Charles Lin,adiaz@gmail.com,2022-11-01,CA,free,0,8.5,0.55,2.0,2,43,1088,0,0,0.0,0
user_03828,Jacob Wood,rmartin@gmail.com,2022-03-12,US,free,5,10.3,3.85,2.0,2,44,1322,1,0,0.0,0
user_03829,Tara Young,andrew84@hotmail.com,2025-06-11,US,starter,3,6.9,2.66,3.0,2,13,135,0,0,0.0,0
user_03830,Michelle Holland,riveraemily@gmail.com,2025-06-22,US,free,3,6.9,3.46,0.0,1,15,124,0,0,0.0,0
user_03831,Emily Riddle,sparker@gmail.com,2025-06-17,US,free,2,1.0,0.66,2.0,2,38,129,1,0,0.0,0
user_03832,Valerie Hamilton,faulknermario@hotmail.com,2023-05-19,IN,starter,2,11.6,7.54,1.0,5,3,889,0,0,0.0,0
user_03833,Angela Robinson,robinmann@hotmail.com,2025-08-18,CA,starter,3,8.8,0.63,1.0,3,57,67,1,0,20.0,0
user_03834,Shannon Greene,zroberts@hotmail.com,2023-08-28,IN,free,2,11.1,5.94,4.0,3,23,788,0,0,0.0,0
user_03835,Paula Wilson,brobinson@yahoo.com,2024-10-18,AU,free,5,1.0,6.01,1.0,1,56,371,0,0,0.0,0
user_03836,Angela Thompson,bgallagher@gmail.com,2024-04-23,US,free,3,7.8,4.7,2.0,2,47,549,0,0,0.0,0
user_03837,Larry Burch,annflores@gmail.com,2025-02-01,IN,pro,7,6.6,5.48,3.9000000000000004,2,14,265,0,0,0.0,0
user_03838,John Arias,bentoneugene@gmail.com,2024-09-08,GB,free,3,14.0,3.28,0.0,1,3,411,0,0,0.0,0
user_03839,Dan King,edaniels@gmail.com,2022-05-05,AU,pro,8,12.5,1.36,2.6,4,76,1268,0,1,0.0,1
user_03840,Teresa Scott,heatherwillis@gmail.com,2022-06-29,US,starter,1,8.9,1.22,2.0,4,12,1213,0,0,0.0,0
user_03841,Steven Long,krystalvelasquez@gmail.com,2023-07-27,GB,free,3,6.3,1.78,2.0,2,14,820,0,0,0.0,0
user_03842,Sonya Williams,rogerswayne@yahoo.com,2024-02-24,FR,free,4,9.6,2.61,1.0,3,71,608,0,0,0.0,0
user_03843,Christopher Wade,lesliesmith@hotmail.com,2022-10-09,US,free,2,4.3,1.86,5.0,1,74,1111,0,0,0.0,0
user_03844,Madeline Martin,arodriguez@hotmail.com,2024-05-08,FR,free,1,7.6,2.13,1.0,1,9,534,1,0,0.0,0
user_03845,Crystal Fuller,collinsgina@gmail.com,2023-02-13,US,free,1,5.7,0.9,3.0,3,2,984,0,0,0.0,0
user_03846,Justin Trujillo,chenthomas@hotmail.com,2025-08-09,CA,starter,3,17.1,6.43,4.0,2,0,76,1,0,20.0,0
user_03847,Robert Dixon,christinatorres@gmail.com,2024-12-12,AU,pro,6,15.9,4.49,2.6,0,17,316,0,0,0.0,0
user_03848,Mary Montgomery,gchristian@hotmail.com,2023-05-26,CA,free,1,12.3,7.49,3.0,1,25,882,0,0,0.0,0
user_03849,Brenda Hamilton,nunezpatricia@gmail.com,2025-07-15,IN,starter,6,2.0,0.69,2.0,2,9,101,0,0,0.0,0
user_03850,Michael Turner,william64@yahoo.com,2025-01-18,US,free,2,11.5,0.76,1.0,0,9,279,1,0,0.0,0
user_03851,Alexis Johnson,suttonashley@gmail.com,2022-02-09,AU,free,1,8.8,4.86,4.0,1,13,1353,1,0,0.0,0
user_03852,Mrs. Tanya Lee,brian39@yahoo.com,2024-02-23,IN,free,6,12.9,1.74,0.0,3,9,609,0,0,0.0,0
user_03853,Rachel West,maysmeghan@gmail.com,2024-01-06,US,starter,3,9.3,5.37,3.0,3,58,657,0,0,0.0,0
user_03854,Brian Nicholson,vfisher@yahoo.com,2024-09-09,CA,pro,4,10.0,6.63,2.6,2,30,410,1,0,97.42,0
user_03855,Andrew Johnson,huynhryan@yahoo.com,2025-01-20,IN,starter,2,8.9,2.24,2.0,3,52,277,0,0,0.0,0
user_03856,Michael Garrett,anne83@yahoo.com,2024-09-19,US,free,2,1.0,1.02,1.0,0,59,400,1,0,0.0,0
user_03857,Kevin Powell,stevenhenry@hotmail.com,2023-12-06,US,free,4,4.9,1.09,0.0,2,17,688,1,0,0.0,0
user_03858,Luis Sexton,meganbell@gmail.com,2025-03-04,US,free,3,9.5,1.41,2.0,1,19,234,1,0,0.0,0
user_03859,Sally Odonnell,greenann@gmail.com,2024-10-25,GB,free,3,12.6,2.53,5.0,2,114,364,0,1,0.0,1
user_03860,Ronald Montes,fisherchristopher@hotmail.com,2023-10-21,GB,starter,5,5.8,3.7,3.0,2,50,734,0,0,0.0,0
user_03861,Jenny Wilson,catherine46@gmail.com,2024-03-06,IN,starter,1,7.8,1.05,1.0,1,47,597,1,0,20.0,0
user_03862,Erik Murphy,ryanburgess@gmail.com,2023-07-08,DE,starter,3,1.6,1.19,2.0,3,26,839,0,0,0.0,0
user_03863,Gabrielle Sexton,clopez@yahoo.com,2023-01-04,FR,free,5,13.8,1.11,2.0,2,18,1024,0,0,0.0,0
user_03864,Gina Harper,michael71@yahoo.com,2022-02-23,GB,free,3,12.5,10.31,1.0,2,67,1339,1,0,0.0,0
user_03865,Anthony Lane,dawnbryant@yahoo.com,2023-10-16,US,free,3,10.6,1.61,4.0,0,48,739,0,0,0.0,0
user_03866,Courtney Ramos MD,toddkelley@yahoo.com,2025-05-07,CA,free,2,9.6,3.15,1.0,2,21,170,1,0,0.0,0
user_03867,James Barron,nwilliamson@gmail.com,2023-03-25,IN,free,4,14.2,4.62,2.0,1,9,944,1,0,0.0,0
user_03868,Rachel Briggs,lyonssheila@yahoo.com,2022-03-02,GB,starter,4,4.8,1.21,1.0,3,4,1332,0,0,0.0,0
user_03869,Courtney White,ericvance@hotmail.com,2023-07-30,GB,starter,4,4.3,3.51,1.0,4,24,817,0,0,0.0,0
user_03870,Gina Warner,sfisher@hotmail.com,2022-04-30,US,free,0,12.2,3.48,2.0,0,10,1273,0,0,0.0,0
user_03871,Melissa Medina,robert89@hotmail.com,2024-08-24,AU,free,4,12.0,1.05,3.0,2,9,426,0,0,0.0,0
user_03872,Stephanie Delgado,jcisneros@yahoo.com,2024-12-20,US,free,2,3.2,1.61,1.0,0,3,308,0,0,0.0,0
user_03873,Diane James,tammyavila@gmail.com,2024-01-03,CA,free,2,5.9,3.51,3.0,3,1,660,0,0,0.0,0
user_03874,Melissa Gonzalez,ponceelizabeth@hotmail.com,2025-04-11,US,starter,5,14.8,2.09,1.0,1,45,196,0,0,0.0,0
user_03875,Thomas Roman,allisonmichael@hotmail.com,2023-04-22,AU,free,3,9.6,5.01,4.0,0,3,916,0,0,0.0,0
user_03876,Penny Russell,longdennis@gmail.com,2022-11-23,US,free,2,11.1,0.74,1.0,1,65,1066,0,0,0.0,0
user_03877,Benjamin Bass,morenobrenda@yahoo.com,2022-07-25,US,free,5,3.4,5.36,1.0,2,7,1187,1,0,0.0,0
user_03878,Cathy Thomas,ann67@hotmail.com,2023-05-23,US,pro,5,12.6,3.33,5.2,1,42,885,0,1,0.0,1
user_03879,Karen Moore,acampbell@yahoo.com,2025-09-07,US,free,1,2.3,1.9,1.0,2,51,47,0,0,0.0,0
user_03880,Ruben Moore,stewarttiffany@yahoo.com,2023-05-09,US,free,3,1.0,3.77,0.0,2,47,899,0,0,0.0,0
user_03881,Phillip Jones,juarezraymond@yahoo.com,2023-06-30,GB,free,3,10.9,1.99,0.0,1,61,847,0,0,0.0,0
user_03882,Bryan Miller,buckamber@hotmail.com,2024-12-28,IN,starter,1,13.7,2.67,1.0,2,12,300,0,0,0.0,0
user_03883,Elizabeth Sanders,jacobthomas@gmail.com,2022-04-25,US,pro,6,9.0,6.51,0.0,1,127,1278,0,0,0.0,0
user_03884,Elizabeth Arnold,fatkinson@hotmail.com,2023-03-26,US,free,1,5.8,3.09,4.0,3,9,943,0,0,0.0,0
user_03885,Michael Hunter,pagejose@gmail.com,2025-03-25,DE,pro,7,16.8,7.1,0.0,1,81,213,0,0,0.0,0
user_03886,Kathleen Doyle DVM,christopher92@gmail.com,2024-03-06,CA,pro,6,9.2,2.74,1.3,4,17,597,0,0,0.0,0
user_03887,Brandi Key,heathermercer@gmail.com,2023-12-28,CA,pro,7,9.7,4.69,2.6,2,1,666,0,1,0.0,0
user_03888,Mark Meyer,john94@hotmail.com,2022-12-22,CA,starter,3,14.8,6.67,5.0,2,46,1037,0,0,0.0,0
user_03889,Kelly Harding,katherine47@yahoo.com,2022-12-27,US,starter,6,6.6,0.56,1.0,1,46,1032,0,0,0.0,0
user_03890,Kristin Hughes,patrickhendrix@hotmail.com,2023-04-30,US,free,1,5.4,3.26,1.0,1,6,908,0,0,0.0,0
user_03891,Carol Harrison,joeedwards@gmail.com,2025-04-28,US,starter,3,11.3,4.14,2.0,2,52,179,0,0,0.0,0
user_03892,Jane Baker,nsanford@yahoo.com,2023-10-14,FR,free,5,5.2,6.23,3.0,1,5,741,0,0,0.0,0
user_03893,Theresa Wiggins,margaret53@gmail.com,2024-01-05,AU,starter,2,7.4,3.2,4.0,2,4,658,0,0,0.0,0
user_03894,Lisa Charles,brewerwilliam@gmail.com,2025-04-26,IN,free,3,2.7,3.52,0.0,1,49,181,0,0,0.0,0
user_03895,Elizabeth Rios,gregory99@yahoo.com,2022-02-27,US,starter,2,8.7,1.45,0.0,1,10,1335,1,0,20.0,0
user_03896,Charles Morris,lcastillo@yahoo.com,2023-12-22,US,starter,5,8.3,5.56,2.0,1,2,672,0,0,0.0,0
user_03897,Bobby Lynch,patriciamorales@hotmail.com,2025-03-08,US,free,0,11.9,3.82,3.0,4,93,230,0,0,0.0,0
user_03898,Sarah Griffith DDS,mmartinez@yahoo.com,2025-02-28,GB,starter,1,11.4,1.4,0.0,2,24,238,0,0,0.0,0
user_03899,Kathleen Miller,dylansmith@hotmail.com,2022-10-19,US,free,3,10.2,1.26,1.0,3,17,1101,0,0,0.0,0
user_03900,Amy Santiago,alexanderwerner@yahoo.com,2025-02-27,AU,starter,3,9.6,2.02,5.0,0,21,239,0,0,0.0,0
user_03901,Patricia Rodriguez,davidnelson@gmail.com,2023-01-21,US,free,4,7.7,2.54,3.0,0,33,1007,1,0,0.0,0
user_03902,Rachael Robbins,kelly63@gmail.com,2024-10-05,AU,free,4,10.4,2.33,0.0,1,59,384,0,0,0.0,0
user_03903,Lori Sosa,jlee@hotmail.com,2025-01-15,DE,pro,7,5.6,3.62,3.9000000000000004,3,33,282,0,0,0.0,0
user_03904,Christina Hawkins,danielspencer@hotmail.com,2023-09-25,DE,free,5,1.0,1.98,1.0,2,40,760,1,0,0.0,0
user_03905,Michael Kramer,xrichardson@gmail.com,2022-12-26,GB,starter,3,12.6,2.4,5.0,2,5,1033,1,0,20.0,0
user_03906,Emily Crawford,wilsonerin@hotmail.com,2024-10-01,GB,free,4,10.7,4.84,3.0,0,14,388,0,0,0.0,0
user_03907,Tiffany Hicks,davidarnold@gmail.com,2022-03-19,GB,free,0,7.5,3.78,1.0,4,26,1315,1,1,0.0,0
user_03908,Beth Durham,coopersamantha@yahoo.com,2022-07-04,GB,free,4,12.3,0.66,1.0,1,28,1208,0,0,0.0,0
user_03909,Pamela Rich,ncrosby@hotmail.com,2022-04-26,GB,free,4,5.1,5.18,2.0,0,9,1277,0,0,0.0,0
user_03910,Michael Brown,christopheraguilar@gmail.com,2023-04-22,AU,free,1,5.2,3.19,1.0,1,110,916,0,0,0.0,0
user_03911,Jennifer Lucas DDS,eblackwell@gmail.com,2025-05-17,CA,free,5,4.6,1.03,0.0,0,3,160,0,0,0.0,0
user_03912,Heidi Hicks,lorigray@gmail.com,2023-03-25,DE,free,2,10.3,2.67,1.0,1,3,944,0,0,0.0,0
user_03913,John Williams,bguerrero@hotmail.com,2022-02-10,FR,free,2,1.7,1.39,2.0,2,7,1352,0,0,0.0,0
user_03914,William Woods,blake50@gmail.com,2024-12-14,US,pro,6,6.9,2.09,1.3,1,42,314,0,0,0.0,0
user_03915,Billy Morton,piercedeborah@gmail.com,2024-09-05,US,pro,7,11.2,2.97,0.0,1,1,414,0,0,0.0,0
user_03916,Vincent Austin,johnnykramer@gmail.com,2022-01-02,IN,free,4,3.2,5.16,2.0,1,132,1391,1,0,0.0,0
user_03917,Diane White,brownlisa@gmail.com,2023-11-11,IN,starter,2,5.4,1.6,1.0,2,132,713,0,0,0.0,0
user_03918,Cynthia Knox,fernandohunter@yahoo.com,2025-06-11,DE,free,1,1.0,3.93,1.0,1,5,135,0,0,0.0,0
user_03919,Maria Barnes,william61@gmail.com,2023-02-17,IN,starter,5,10.4,9.19,3.0,2,15,980,1,0,20.0,0
user_03920,Kevin Davis,johnstonwilliam@hotmail.com,2022-09-25,GB,starter,4,5.2,12.2,1.0,0,6,1125,1,0,20.0,0
user_03921,Carol Barrett,wmiranda@yahoo.com,2023-11-29,IN,pro,8,5.6,3.07,2.6,2,15,695,0,0,0.0,0
user_03922,William Jensen,vrobinson@gmail.com,2022-12-30,US,free,3,2.8,0.89,1.0,5,22,1029,0,0,0.0,0
user_03923,Dennis Salazar,sharon88@gmail.com,2023-10-25,GB,starter,3,6.3,3.36,1.0,3,51,730,0,0,0.0,0
user_03924,Nancy Vasquez,flynndennis@gmail.com,2022-05-02,DE,free,2,1.7,3.79,4.0,1,1,1271,0,0,0.0,0
user_03925,Joseph Dunn,gilmoredaniel@gmail.com,2022-02-14,US,pro,6,17.8,7.4,1.3,2,130,1348,0,0,0.0,0
user_03926,Heidi Johnson,emcdonald@gmail.com,2022-10-30,GB,free,1,1.0,3.36,0.0,1,84,1090,0,1,0.0,1
user_03927,Joanna Benitez,watkinsmichelle@yahoo.com,2025-04-16,GB,starter,2,6.2,0.8,3.0,1,25,191,0,0,0.0,0
user_03928,Natalie Stewart,wkane@hotmail.com,2022-10-18,US,starter,4,8.4,0.27,2.0,3,19,1102,0,0,0.0,0
user_03929,Tracey Hunter,tmoore@yahoo.com,2022-08-16,US,starter,2,4.9,5.46,1.0,1,23,1165,1,0,20.0,0
user_03930,Isaac Camacho,melissa17@yahoo.com,2024-12-13,AU,free,5,8.8,4.5,3.0,3,0,315,0,0,0.0,0
user_03931,Keith Norris,kimberly24@yahoo.com,2024-01-18,US,pro,7,6.8,1.61,1.3,2,40,645,0,0,0.0,0
user_03932,Kristina Murray,robert46@hotmail.com,2022-05-29,US,free,2,14.1,1.03,1.0,2,20,1244,1,0,0.0,0
user_03933,Kathryn Rodriguez,leslie40@hotmail.com,2024-02-05,US,starter,4,3.5,7.83,0.0,1,10,627,0,0,0.0,0
user_03934,Sean Mullen,tamaradavis@yahoo.com,2025-09-18,CA,free,1,1.0,4.97,3.0,2,18,36,0,0,0.0,0
user_03935,Matthew Fowler,singletonandrew@gmail.com,2024-03-21,GB,free,4,2.8,2.0,2.0,1,10,582,0,0,0.0,0
user_03936,Kenneth Gonzalez,marcus32@yahoo.com,2025-04-15,GB,free,2,9.5,1.25,3.0,0,36,192,0,0,0.0,0
user_03937,Kaitlin Cannon,petersenmichael@yahoo.com,2022-07-26,US,free,7,7.5,1.95,1.0,2,28,1186,0,0,0.0,0
user_03938,Pamela Nguyen,nicolemcintyre@yahoo.com,2023-11-21,FR,free,3,11.0,1.61,3.0,3,14,703,0,0,0.0,0
user_03939,Arthur Watson,tinahowell@hotmail.com,2023-09-11,US,free,2,10.0,3.81,1.0,3,11,774,0,0,0.0,0
user_03940,Ralph Miranda,nicholas27@yahoo.com,2023-10-23,US,free,6,5.5,2.95,2.0,0,63,732,1,0,0.0,0
user_03941,Mark Short,blakejones@yahoo.com,2022-10-07,IN,starter,1,6.0,1.46,4.0,3,34,1113,0,0,0.0,0
user_03942,Spencer Thompson,vegakimberly@gmail.com,2022-11-19,US,pro,5,8.5,6.06,0.0,3,37,1070,0,0,0.0,0
user_03943,Melissa Foster,parkerkim@gmail.com,2024-06-13,FR,free,4,15.5,1.32,2.0,1,28,498,0,0,0.0,0
user_03944,Yolanda James,harrismichael@yahoo.com,2025-08-02,AU,free,7,10.8,1.5,4.0,1,2,83,0,0,0.0,0
user_03945,John Maynard,garciamatthew@yahoo.com,2024-09-24,US,free,5,15.6,2.14,2.0,1,1,395,0,0,0.0,0
user_03946,Eric Mccoy,fweiss@hotmail.com,2025-08-22,FR,free,2,11.4,5.03,3.0,1,16,63,1,0,0.0,0
user_03947,Cassandra Mills,eric06@yahoo.com,2023-10-12,DE,starter,4,7.7,1.36,1.0,3,79,743,0,0,0.0,0
user_03948,Angela Daugherty,graynichole@yahoo.com,2022-12-23,AU,starter,5,3.9,4.42,3.0,2,22,1036,0,0,0.0,0
user_03949,Derrick Robinson,dperez@yahoo.com,2025-02-24,US,free,2,8.8,7.78,2.0,1,62,242,1,0,0.0,0
user_03950,Alejandro Strickland,sbush@hotmail.com,2025-06-10,GB,free,2,7.8,1.68,2.0,0,3,136,0,1,0.0,0
user_03951,Allison White,thomasaaron@hotmail.com,2024-01-01,US,free,1,7.6,4.69,2.0,2,38,662,0,0,0.0,0
user_03952,Caitlin Mitchell,thomasdavid@hotmail.com,2023-04-03,DE,starter,1,7.2,5.4,2.0,0,8,935,1,0,20.0,0
user_03953,Joel Howard,derek08@hotmail.com,2025-09-25,US,pro,6,1.8,19.38,3.9000000000000004,0,22,29,1,0,84.53,0
user_03954,Lisa Trujillo,perezkara@hotmail.com,2025-04-21,GB,free,4,13.0,3.47,3.0,2,10,186,0,0,0.0,0
user_03955,Crystal Reilly,coffeycharles@gmail.com,2022-12-26,US,free,2,7.8,2.22,1.0,2,37,1033,1,0,0.0,0
user_03956,Joshua Armstrong,xwatkins@gmail.com,2024-02-14,US,pro,4,4.3,9.99,1.3,1,15,618,0,0,0.0,0
user_03957,Blake Gutierrez,williamsclaire@yahoo.com,2023-09-21,GB,pro,4,11.9,6.15,1.3,4,18,764,0,0,0.0,0
user_03958,Steve Cox,sarahhernandez@gmail.com,2023-08-27,FR,free,5,4.6,3.87,1.0,2,8,789,0,0,0.0,0
user_03959,Nicholas Hodges,fostertammy@hotmail.com,2022-09-18,GB,free,1,10.2,3.54,2.0,2,9,1132,0,0,0.0,0
user_03960,Brian Barnes,williamwilliams@yahoo.com,2022-12-30,FR,free,2,11.5,8.04,1.0,2,5,1029,1,0,0.0,0
user_03961,Christine Stark,ginasmith@yahoo.com,2022-01-04,US,free,2,12.1,1.61,2.0,1,24,1389,1,0,0.0,0
user_03962,Elizabeth Roberts,cobbkyle@hotmail.com,2025-03-19,IN,free,1,7.4,4.74,1.0,1,4,219,0,0,0.0,0
user_03963,Steven Lewis,markmccormick@hotmail.com,2024-03-12,IN,free,4,6.3,3.56,3.0,3,9,591,0,0,0.0,0
user_03964,Matthew Jones,mirandatravis@gmail.com,2025-03-08,US,free,2,5.5,5.69,3.0,0,22,230,0,0,0.0,0
user_03965,Olivia Morrison,sethjones@yahoo.com,2022-03-08,GB,free,2,5.1,1.53,1.0,2,9,1326,0,0,0.0,0
user_03966,Christy Brown,dnichols@yahoo.com,2023-01-08,CA,starter,2,7.9,0.88,3.0,2,26,1020,0,0,0.0,0
user_03967,Keith Romero,ashley77@gmail.com,2025-05-18,GB,free,4,7.2,8.03,2.0,1,0,159,0,0,0.0,0
user_03968,Anna Chen,webbgary@gmail.com,2023-10-14,CA,free,8,4.7,0.51,3.0,1,108,741,0,0,0.0,0
user_03969,Miss Kathryn Douglas,xwilcox@yahoo.com,2025-06-06,GB,free,2,3.4,1.42,1.0,2,39,140,0,0,0.0,0
user_03970,Nicole Baker,ghull@yahoo.com,2023-03-29,US,free,3,7.6,0.66,2.0,2,21,940,0,0,0.0,0
user_03971,Emma Ayers,vickiecarroll@hotmail.com,2025-08-02,US,pro,6,8.3,7.67,3.9000000000000004,1,76,83,1,0,87.91,0
user_03972,Jerry Deleon,kurttorres@gmail.com,2025-03-04,GB,free,0,3.4,1.1,1.0,2,61,234,0,0,0.0,0
user_03973,Joshua Nichols,boltonwilliam@yahoo.com,2022-08-02,US,free,3,11.3,3.25,4.0,1,13,1179,0,0,0.0,0
user_03974,Samantha Martin,denisehunter@hotmail.com,2024-10-13,US,starter,3,15.1,1.1,0.0,3,3,376,0,0,0.0,0
user_03975,Brett Lawson,amber11@gmail.com,2022-10-16,IN,free,7,11.9,0.82,2.0,2,8,1104,1,0,0.0,0
user_03976,David Wilkins,michellegarcia@gmail.com,2023-11-10,GB,pro,6,7.1,11.45,5.2,2,7,714,0,0,0.0,0
user_03977,Kendra Barnes,aadams@hotmail.com,2022-06-09,US,free,2,7.8,4.09,4.0,1,41,1233,1,0,0.0,0
user_03978,Michelle Abbott,normanalicia@hotmail.com,2023-05-03,CA,free,0,14.2,1.89,1.0,1,23,905,1,0,0.0,0
user_03979,Ricardo Strong,josephwalker@yahoo.com,2023-12-12,GB,free,5,3.3,2.73,3.0,3,56,682,0,0,0.0,0
user_03980,Cheryl Anderson,ronnierogers@hotmail.com,2023-10-17,US,free,2,11.1,0.85,2.0,1,20,738,0,0,0.0,0
user_03981,Christopher Williams,ksnyder@yahoo.com,2022-12-10,DE,starter,2,2.2,9.13,2.0,0,44,1049,0,0,0.0,0
user_03982,Scott Campbell,hilleric@hotmail.com,2025-07-26,GB,starter,3,14.7,1.37,2.0,2,11,90,0,0,0.0,0
user_03983,Brett Bradley,amber39@gmail.com,2022-07-01,GB,free,2,6.3,4.43,1.0,2,27,1211,0,0,0.0,0
user_03984,Robert Jones,stevenskyle@yahoo.com,2025-08-01,GB,free,1,16.9,0.69,0.0,3,30,84,0,1,0.0,0
user_03985,Richard Martinez,lchang@hotmail.com,2023-11-19,US,starter,5,14.9,2.98,1.0,1,42,705,1,0,20.0,0
user_03986,Matthew Jefferson,brian32@hotmail.com,2024-07-03,CA,pro,5,9.6,5.38,1.3,2,48,478,0,0,0.0,0
user_03987,Erin Miller,adamskari@hotmail.com,2022-01-24,US,free,2,5.1,2.46,3.0,0,9,1369,0,0,0.0,0
user_03988,Joseph Harvey,tina72@yahoo.com,2023-06-28,AU,free,4,8.8,4.33,1.0,1,14,849,0,0,0.0,0
user_03989,Jacob Jordan,browningjames@hotmail.com,2023-03-06,DE,free,1,7.3,1.93,1.0,2,6,963,0,0,0.0,0
user_03990,Andrew Byrd,nwalker@hotmail.com,2023-05-27,GB,pro,4,8.4,2.14,5.2,3,41,881,0,0,0.0,0
user_03991,Tammy Lawson,crystalroberts@hotmail.com,2022-05-19,US,free,3,1.4,2.56,2.0,3,9,1254,0,0,0.0,0
user_03992,Brian Blackburn,dmarshall@yahoo.com,2023-12-19,US,free,1,5.9,0.9,3.0,2,14,675,0,0,0.0,0
user_03993,Melissa Webb,riverabrad@hotmail.com,2023-06-10,US,starter,2,3.6,0.93,2.0,2,48,867,0,0,0.0,0
user_03994,Joel Miranda,lauralawrence@yahoo.com,2022-08-10,IN,free,5,10.2,1.38,2.0,2,12,1171,0,0,0.0,0
user_03995,Tina Gilbert,bonnierivas@yahoo.com,2022-01-03,US,free,3,12.0,6.85,1.0,2,10,1390,0,0,0.0,0
user_03996,Tara Frye,obenson@hotmail.com,2022-04-09,IN,free,2,11.0,2.3,2.0,3,31,1294,0,0,0.0,0
user_03997,Emily Macias,dgill@yahoo.com,2024-03-01,US,free,1,9.4,9.8,4.0,1,111,602,0,0,0.0,0
user_03998,Sara Olson,bbates@hotmail.com,2024-06-16,AU,free,4,4.6,2.16,2.0,1,1,495,0,1,0.0,0
user_03999,Todd Tate,ccunningham@yahoo.com,2024-05-09,US,free,5,8.8,1.44,2.0,2,54,533,0,0,0.0,0
user_04000,Brian Curtis,daltonwilliam@gmail.com,2022-12-07,AU,free,3,11.2,7.42,1.0,2,3,1052,0,0,0.0,0
user_04001,Jessica Martinez,vernonjohnson@yahoo.com,2024-04-27,AU,free,6,5.7,1.38,0.0,2,12,545,0,0,0.0,0
user_04002,Ronald Ballard,jrichards@gmail.com,2024-10-06,IN,starter,5,8.5,2.1,1.0,1,16,383,0,0,0.0,0
user_04003,Shannon Morales,taylor35@hotmail.com,2024-02-15,CA,starter,4,7.4,0.81,1.0,1,38,617,0,0,0.0,0
user_04004,Dennis Martinez,smithemma@gmail.com,2023-12-21,IN,free,4,14.6,5.98,3.0,3,78,673,0,0,0.0,0
user_04005,Stephanie Nichols,steve97@yahoo.com,2025-01-23,GB,free,2,11.4,2.39,2.0,1,3,274,1,0,0.0,0
user_04006,Maria Alexander,coxtroy@yahoo.com,2024-02-08,US,free,3,10.4,5.79,0.0,0,40,624,0,1,0.0,1
user_04007,Scott Roth,jacobrose@hotmail.com,2022-07-27,US,free,6,1.1,3.65,1.0,1,11,1185,0,0,0.0,0
user_04008,Richard Skinner,vargasjason@hotmail.com,2024-09-08,GB,free,3,8.7,2.34,0.0,4,69,411,1,1,0.0,1
user_04009,Robert Smith,salaskimberly@hotmail.com,2025-03-29,IN,starter,1,7.4,3.23,1.0,1,9,209,0,1,0.0,0
user_04010,Daniel Boyle,qhall@gmail.com,2025-08-26,GB,free,5,7.3,6.43,3.0,2,35,59,0,0,0.0,0
user_04011,Amanda Turner,ianreed@hotmail.com,2023-04-07,US,free,3,1.7,2.7,2.0,2,5,931,0,0,0.0,0
user_04012,Amber Garcia,iblack@yahoo.com,2022-11-30,US,free,1,3.6,2.13,0.0,2,95,1059,0,0,0.0,0
user_04013,Ronald Daniels,paul31@hotmail.com,2024-07-13,US,starter,2,7.7,0.35,3.0,2,0,468,0,0,0.0,0
user_04014,Jeffrey Carlson,ppham@hotmail.com,2022-05-31,US,free,2,12.5,3.53,0.0,1,7,1242,0,0,0.0,0
user_04015,John Lopez,jeffreythompson@yahoo.com,2022-03-10,US,starter,1,5.6,2.4,3.0,3,33,1324,1,0,20.0,0
user_04016,Raymond Martin,austin39@hotmail.com,2023-08-27,US,free,4,6.4,7.12,1.0,2,57,789,0,0,0.0,0
user_04017,Hunter Wilson,franciscopatton@gmail.com,2022-02-11,US,pro,6,17.1,1.19,5.2,0,151,1351,1,0,100.32,0
user_04018,James Brown,benjaminterry@gmail.com,2023-10-15,DE,pro,8,8.8,5.42,3.9000000000000004,1,5,740,1,0,92.43,0
user_04019,Mary Young,jwebb@gmail.com,2023-06-19,US,free,2,7.5,0.57,1.0,1,11,858,0,0,0.0,0
user_04020,John Ferguson,smithcharles@hotmail.com,2022-08-03,CA,free,2,7.5,1.99,2.0,1,66,1178,1,0,0.0,0
user_04021,Scott Fernandez,deborah25@yahoo.com,2022-06-01,US,free,1,2.6,6.76,2.0,2,0,1241,0,0,0.0,0
user_04022,Holly Grimes,amysanchez@yahoo.com,2023-12-02,FR,free,5,10.3,6.67,1.0,1,39,692,0,0,0.0,0
user_04023,Marie Dunn,ikramer@yahoo.com,2022-12-15,IN,starter,4,5.4,3.49,1.0,3,16,1044,0,0,0.0,0
user_04024,Matthew Barry,brandon48@gmail.com,2024-02-08,US,starter,3,7.9,3.52,0.0,2,35,624,1,0,20.0,0
user_04025,Brianna Johnson,mariadalton@yahoo.com,2022-11-26,IN,starter,5,9.8,4.8,3.0,2,22,1063,0,0,0.0,0
user_04026,Mario Hall,lawsonjustin@gmail.com,2022-06-03,US,starter,2,15.8,2.41,1.0,2,29,1239,1,0,20.0,0
user_04027,Erica Kaufman,franciscolutz@yahoo.com,2025-01-25,GB,free,4,2.7,2.2,2.0,1,32,272,0,0,0.0,0
user_04028,Michelle Ramirez,robertgrant@yahoo.com,2022-07-10,US,free,1,11.5,0.82,2.0,2,29,1202,1,0,0.0,0
user_04029,Heather Boyd,david16@gmail.com,2023-11-24,AU,starter,0,11.5,2.74,1.0,1,32,700,0,0,0.0,0
user_04030,Eric Oliver,robinsonjuan@gmail.com,2025-05-01,IN,free,3,5.4,0.9,1.0,2,25,176,0,0,0.0,0
user_04031,Karl Nelson,ngarcia@gmail.com,2025-06-10,US,starter,3,10.4,1.86,0.0,2,37,136,1,0,20.0,0
user_04032,Tamara Gutierrez,tmiller@hotmail.com,2024-09-15,CA,free,6,14.6,5.03,4.0,0,44,404,0,0,0.0,0
user_04033,Brian Ruiz,wbanks@yahoo.com,2022-03-05,US,free,2,4.9,3.32,3.0,0,46,1329,0,0,0.0,0
user_04034,Jasmine Thomas,dfernandez@hotmail.com,2024-06-02,FR,pro,7,11.0,1.96,5.2,1,57,509,1,0,88.58,0
user_04035,Brett Choi,danieljones@hotmail.com,2025-08-31,IN,free,2,9.6,1.78,2.0,2,11,54,1,0,0.0,0
user_04036,Sherri Smith,charleshickman@gmail.com,2022-12-04,CA,pro,4,12.1,4.28,5.2,2,41,1055,0,0,0.0,0
user_04037,Brandon Austin,rgentry@hotmail.com,2025-05-28,US,pro,8,13.1,5.85,0.0,3,87,149,0,1,0.0,1
user_04038,Peter Andrews,jennifer69@gmail.com,2024-06-08,FR,starter,4,8.7,1.17,4.0,2,13,503,0,0,0.0,0
user_04039,Edward Johnson,gsullivan@yahoo.com,2022-11-18,CA,starter,1,10.1,6.12,3.0,0,45,1071,0,0,0.0,0
user_04040,Jeremy Hunt,smithkatie@yahoo.com,2022-04-20,US,free,2,4.4,2.6,5.0,3,10,1283,1,0,0.0,0
user_04041,Brandon Johnson,zacharycummings@gmail.com,2022-07-27,US,pro,8,10.7,1.72,1.3,4,5,1185,0,0,0.0,0
user_04042,Stephanie Ortiz,josephhardy@yahoo.com,2023-11-10,US,free,1,6.1,1.41,2.0,0,17,714,0,0,0.0,0
user_04043,Mike Deleon,diana39@hotmail.com,2023-02-25,AU,free,3,3.1,5.93,2.0,1,49,972,0,0,0.0,0
user_04044,Kayla Weaver,gregorywelch@yahoo.com,2023-01-25,US,starter,5,6.0,3.99,4.0,3,11,1003,0,0,0.0,0
user_04045,Matthew Smith,evelynlopez@yahoo.com,2024-04-18,IN,free,2,9.1,5.17,2.0,5,10,554,0,0,0.0,0
user_04046,Meghan Thomas,paulmarshall@gmail.com,2025-02-08,US,free,2,9.7,3.4,3.0,3,9,258,0,0,0.0,0
user_04047,Shannon Adkins,pwaller@gmail.com,2025-01-11,US,free,3,2.9,1.2,1.0,0,7,286,0,0,0.0,0
user_04048,Kathy Williams,fbond@gmail.com,2023-06-28,GB,free,2,4.2,6.05,2.0,2,28,849,0,0,0.0,0
user_04049,Mark Jackson,mrivera@hotmail.com,2025-09-14,AU,pro,6,12.9,1.59,3.9000000000000004,2,8,40,0,0,0.0,0
user_04050,Timothy Barron,iholt@hotmail.com,2023-07-31,IN,free,2,10.0,2.78,1.0,2,81,816,1,0,0.0,0
user_04051,Joseph Brown,xacosta@gmail.com,2023-09-02,DE,pro,7,13.5,1.18,3.9000000000000004,2,12,783,0,0,0.0,0
user_04052,Vanessa Meyers,johnsonjared@yahoo.com,2023-05-02,IN,starter,3,13.5,1.84,3.0,1,23,906,0,0,0.0,0
user_04053,Dr. James Lawrence,pattersonkristy@gmail.com,2022-07-16,US,starter,4,10.2,1.96,0.0,2,15,1196,0,0,0.0,0
user_04054,John Martin,isabel67@yahoo.com,2022-04-12,US,free,5,6.3,1.01,3.0,2,98,1291,0,0,0.0,0
user_04055,Amanda Ramirez,nicholas78@hotmail.com,2024-03-15,GB,starter,3,8.5,1.36,2.0,2,16,588,0,0,0.0,0
user_04056,Veronica Krause DVM,joseph54@hotmail.com,2025-03-16,AU,free,1,14.6,3.11,4.0,1,24,222,0,0,0.0,0
user_04057,William Riley,sstewart@gmail.com,2025-01-30,FR,starter,1,19.1,1.69,2.0,1,43,267,0,0,0.0,0
user_04058,Emily Carson,katrina60@gmail.com,2024-10-02,US,free,2,9.9,14.89,1.0,2,5,387,0,0,0.0,0
user_04059,Timothy Richardson,munoztyler@gmail.com,2022-11-11,US,pro,6,12.1,6.22,5.2,1,0,1078,1,0,103.01,0
user_04060,Dr. Angel Parsons,joseph23@gmail.com,2022-04-22,US,pro,8,12.9,6.6,2.6,0,18,1281,0,0,0.0,0
user_04061,Lance Smith,marygomez@gmail.com,2024-01-09,AU,free,2,8.1,5.24,4.0,2,23,654,1,0,0.0,0
user_04062,Charles Velasquez,iroach@hotmail.com,2022-01-08,FR,free,1,12.7,3.52,1.0,2,10,1385,0,0,0.0,0
user_04063,Lawrence Gilbert,zmiller@hotmail.com,2024-05-25,DE,starter,7,12.0,1.46,0.0,2,18,517,0,0,0.0,0
user_04064,Kathleen Bean,alexandria22@yahoo.com,2022-06-29,US,free,5,9.4,4.37,2.0,3,28,1213,0,0,0.0,0
user_04065,Darlene Webb,todd53@hotmail.com,2023-08-27,IN,pro,5,8.7,3.1,2.6,2,108,789,0,0,0.0,0
user_04066,Chris Jones,cschmidt@yahoo.com,2025-09-17,IN,free,2,1.9,0.86,2.0,1,27,37,0,0,0.0,0
user_04067,Jonathan Francis,shannonpetersen@gmail.com,2025-07-04,US,free,2,10.9,3.75,2.0,1,17,112,0,0,0.0,0
user_04068,Lisa Lyons,gerald96@hotmail.com,2025-05-14,IN,pro,5,10.9,5.18,0.0,2,0,163,0,0,0.0,0
user_04069,Kevin Miles,christine40@gmail.com,2024-09-10,US,starter,1,5.0,4.43,1.0,2,11,409,0,0,0.0,0
user_04070,Mrs. Megan Gordon,craigingram@yahoo.com,2023-02-13,US,starter,3,3.5,2.4,2.0,3,13,984,0,0,0.0,0
user_04071,Samantha Jackson,hensleydylan@hotmail.com,2022-07-18,FR,free,2,10.6,4.82,1.0,1,19,1194,1,0,0.0,0
user_04072,Jenna Murray,glenwilliams@gmail.com,2022-02-22,DE,starter,6,1.6,1.08,3.0,2,45,1340,0,0,0.0,0
user_04073,Allen Kaiser,qbenson@hotmail.com,2023-02-28,IN,free,6,9.2,0.57,2.0,1,44,969,0,0,0.0,0
user_04074,Lisa Johnson,ymurphy@gmail.com,2022-12-16,IN,starter,2,11.4,2.78,2.0,1,55,1043,0,0,0.0,0
user_04075,Tanya Gonzalez,dana31@hotmail.com,2025-07-31,US,starter,5,10.2,1.7,1.0,3,10,85,0,0,0.0,0
user_04076,Frank Gonzalez,marytorres@yahoo.com,2023-08-21,CA,free,1,6.4,1.28,3.0,0,12,795,0,1,0.0,0
user_04077,Julian Nguyen,james36@hotmail.com,2022-06-17,DE,free,3,3.0,2.15,1.0,2,4,1225,0,0,0.0,0
user_04078,Mark Pope,emilyanderson@yahoo.com,2024-08-27,DE,free,5,10.3,3.95,0.0,1,58,423,0,0,0.0,0
user_04079,Phyllis Knight,biancavasquez@yahoo.com,2022-08-25,CA,starter,2,12.8,0.12,7.0,0,31,1156,0,1,0.0,1
user_04080,Cameron Simpson,qstout@yahoo.com,2023-09-24,US,free,2,5.7,1.9,2.0,1,2,761,0,0,0.0,0
user_04081,Alyssa Thompson,smiller@gmail.com,2024-03-25,US,starter,0,10.0,7.28,2.0,2,10,578,0,1,0.0,0
user_04082,Matthew Fuller,toddschmidt@gmail.com,2024-08-22,IN,free,3,14.3,0.75,0.0,2,4,428,0,0,0.0,0
user_04083,Keith Austin,dkrueger@gmail.com,2024-09-28,US,starter,5,9.4,1.61,3.0,2,104,391,0,0,0.0,0
user_04084,Virginia Harris,matthew75@gmail.com,2025-09-15,DE,starter,2,6.4,5.84,4.0,4,11,39,0,0,0.0,0
user_04085,Daniel Yates,zacharywilliamson@yahoo.com,2023-06-27,US,free,4,12.2,2.28,0.0,3,20,850,0,0,0.0,0
user_04086,Tammy Scott,chuang@gmail.com,2022-07-06,US,free,1,5.0,3.05,1.0,0,11,1206,1,0,0.0,0
user_04087,Raymond Duncan,jenniferanderson@gmail.com,2025-08-07,US,free,4,2.8,1.94,1.0,0,19,78,1,0,0.0,0
user_04088,Jessica Shea,barberdonna@hotmail.com,2025-01-19,AU,starter,3,11.2,6.17,0.0,1,197,278,0,0,0.0,0
user_04089,Lauren Doyle,andrewmoody@gmail.com,2024-03-04,US,starter,5,6.4,1.52,4.0,1,10,599,0,1,0.0,0
user_04090,Brian Johnson Jr.,valerie16@hotmail.com,2023-01-14,GB,free,5,6.7,2.71,1.0,2,9,1014,0,0,0.0,0
user_04091,Michael Garrett,lyonskathryn@gmail.com,2024-01-30,IN,starter,0,5.5,4.5,1.0,1,13,633,0,0,0.0,0
user_04092,Gregory Elliott,ilong@yahoo.com,2024-02-21,US,free,1,6.1,1.31,1.0,1,5,611,0,0,0.0,0
user_04093,John Acosta,aliciarich@gmail.com,2024-01-27,IN,free,3,13.6,0.7,3.0,2,40,636,0,0,0.0,0
user_04094,Shaun Valencia,yanderson@hotmail.com,2023-01-18,CA,pro,6,16.6,0.42,3.9000000000000004,2,14,1010,0,0,0.0,0
user_04095,Marc Bowman,gina99@yahoo.com,2024-07-01,IN,free,6,15.2,3.94,1.0,2,26,480,1,0,0.0,0
user_04096,Andrew Mitchell,williamstyler@gmail.com,2022-04-02,FR,free,0,12.4,0.98,2.0,3,32,1301,1,0,0.0,0
user_04097,Bobby Garcia,monica23@gmail.com,2023-06-24,US,free,4,9.9,3.47,3.0,2,1,853,1,0,0.0,0
user_04098,Louis Moyer,ptrevino@hotmail.com,2024-06-19,US,free,5,2.3,3.34,3.0,3,30,492,0,0,0.0,0
user_04099,Laurie Garcia,zacharyberger@hotmail.com,2024-08-10,AU,free,1,7.2,0.92,2.0,2,22,440,1,0,0.0,0
user_04100,Mary Moss,yfisher@gmail.com,2023-06-24,US,free,5,16.6,2.89,3.0,1,2,853,0,0,0.0,0
user_04101,Lauren Moody,william08@gmail.com,2023-04-09,GB,starter,4,6.3,9.03,2.0,1,3,929,0,0,0.0,0
user_04102,Denise Tran,nielsenjoanna@yahoo.com,2023-07-05,DE,free,2,14.1,4.08,0.0,0,17,842,0,0,0.0,0
user_04103,Alexander Moore,durhamtravis@yahoo.com,2025-03-01,US,free,7,8.2,13.7,0.0,0,12,237,1,0,0.0,0
user_04104,Ashley Perez,kcochran@gmail.com,2022-05-07,CA,free,2,1.0,1.69,1.0,0,17,1266,0,0,0.0,0
user_04105,Jonathan Cabrera,ehawkins@yahoo.com,2022-11-06,US,free,2,10.6,3.01,3.0,1,30,1083,0,0,0.0,0
user_04106,Alexander Garcia Jr.,jonathanmeadows@hotmail.com,2025-09-28,US,starter,2,13.1,1.24,2.0,3,5,26,0,0,0.0,0
user_04107,James Krause,rachelrodriguez@hotmail.com,2022-07-18,US,pro,5,9.8,10.97,2.6,2,32,1194,1,0,90.29,0
user_04108,Elizabeth Mcknight,gcrawford@hotmail.com,2022-06-25,DE,free,5,12.9,2.05,1.0,1,51,1217,0,0,0.0,0
user_04109,Tiffany Hernandez,yevans@gmail.com,2025-09-30,US,pro,6,3.3,1.35,5.2,0,0,24,1,0,84.66,0
user_04110,Maria Williams,edwardthomas@yahoo.com,2023-12-06,CA,free,0,2.5,2.98,2.0,1,13,688,0,0,0.0,0
user_04111,Kimberly Hayes,jpage@gmail.com,2025-01-13,AU,free,0,8.8,1.6,3.0,2,9,284,0,0,0.0,0
user_04112,Dennis Soto,mason75@yahoo.com,2024-04-27,IN,free,1,9.9,3.41,1.0,3,16,545,0,0,0.0,0
user_04113,James Jones,umora@gmail.com,2025-04-22,IN,free,5,13.4,2.34,1.0,1,28,185,0,0,0.0,0
user_04114,Randy Lee,justin64@yahoo.com,2023-04-11,IN,free,5,10.6,4.14,4.0,0,6,927,0,0,0.0,0
user_04115,Joyce Santos MD,martinchristopher@hotmail.com,2025-02-07,US,starter,1,3.2,0.34,1.0,0,4,259,0,0,0.0,0
user_04116,Katie Allen,coxchristopher@hotmail.com,2022-05-05,IN,free,5,8.9,2.59,2.0,1,39,1268,0,0,0.0,0
user_04117,Kimberly Spence,sara46@yahoo.com,2024-03-03,GB,pro,6,12.4,1.83,0.0,1,34,600,1,0,96.02,0
user_04118,Brandon Dodson,jolson@gmail.com,2024-12-06,AU,free,5,1.0,5.29,2.0,2,18,322,0,0,0.0,0
user_04119,Morgan Herman,yshah@yahoo.com,2024-05-07,AU,free,5,7.8,6.87,4.0,0,20,535,0,0,0.0,0
user_04120,Troy Clark,lcharles@hotmail.com,2025-01-01,FR,starter,2,6.7,1.53,2.0,1,9,296,0,0,0.0,0
user_04121,Cheryl Brooks,jeffreybrown@hotmail.com,2024-08-30,FR,free,4,5.4,3.46,3.0,2,11,420,0,0,0.0,0
user_04122,Madison Joseph,jimenezsarah@yahoo.com,2025-03-18,IN,free,1,10.0,1.13,3.0,1,11,220,0,0,0.0,0
user_04123,Alexander Raymond PhD,qford@hotmail.com,2023-04-28,CA,starter,2,3.4,3.22,1.0,5,38,910,1,0,20.0,0
user_04124,Molly Randolph,xramirez@yahoo.com,2024-09-02,FR,pro,7,11.7,1.78,1.3,3,24,417,1,0,88.04,0
user_04125,Brett Hamilton,christophermooney@gmail.com,2023-09-05,US,starter,5,10.2,3.35,2.0,3,39,780,1,0,20.0,0
user_04126,William Waller,zellis@yahoo.com,2022-06-11,AU,starter,1,12.3,3.71,4.0,1,26,1231,0,0,0.0,0
user_04127,Erica Carr,autumn88@yahoo.com,2024-03-19,IN,starter,1,3.5,7.76,1.0,0,23,584,0,0,0.0,0
user_04128,Paul Scott,yodergregory@gmail.com,2022-03-13,GB,pro,4,4.0,1.04,0.0,1,11,1321,1,0,93.59,0
user_04129,Christopher Smith,mitchelldylan@yahoo.com,2024-10-25,CA,free,1,9.1,3.55,1.0,1,15,364,0,0,0.0,0
user_04130,Jeremy Gomez,tiffany76@hotmail.com,2025-03-15,AU,free,1,6.9,0.44,3.0,0,65,223,1,0,0.0,0
user_04131,Emily Gutierrez,michael55@hotmail.com,2024-11-24,US,free,2,19.6,2.36,1.0,0,25,334,0,0,0.0,0
user_04132,Brandy Roberts,vthompson@gmail.com,2025-03-16,CA,free,2,9.8,2.28,1.0,2,22,222,0,0,0.0,0
user_04133,David Jones,colonbobby@yahoo.com,2025-06-24,IN,starter,5,8.2,2.26,1.0,1,1,122,0,0,0.0,0
user_04134,Sherri Rubio,frose@gmail.com,2022-10-29,US,starter,2,7.3,0.63,3.0,3,33,1091,0,0,0.0,0
user_04135,Valerie Johnson,jdorsey@gmail.com,2022-09-04,DE,free,5,3.1,2.45,2.0,2,34,1146,0,0,0.0,0
user_04136,Kathryn Thompson,castrojose@yahoo.com,2024-07-08,GB,free,4,10.3,2.4,1.0,3,35,473,0,0,0.0,0
user_04137,Jacqueline Ingram,kevinking@hotmail.com,2022-12-21,CA,starter,6,7.7,0.28,2.0,3,2,1038,0,0,0.0,0
user_04138,Jasmine Potts,william45@hotmail.com,2022-12-09,US,free,6,7.7,0.39,0.0,0,10,1050,0,0,0.0,0
user_04139,Eric Dodson,kenneth46@yahoo.com,2023-03-10,IN,starter,6,8.4,2.87,1.0,2,13,959,1,0,20.0,0
user_04140,Chelsea Reed,jshort@yahoo.com,2023-01-30,GB,free,1,8.9,5.02,1.0,2,52,998,1,0,0.0,0
user_04141,Sara Vasquez,taylor40@gmail.com,2022-09-16,IN,free,2,1.0,2.76,0.0,3,118,1134,0,0,0.0,0
user_04142,Ashley Rodriguez,josehayden@gmail.com,2022-03-29,US,free,5,11.3,3.03,3.0,2,16,1305,0,0,0.0,0
user_04143,Jennifer Dunlap,reillylaura@yahoo.com,2024-05-17,AU,free,5,4.6,1.38,2.0,0,24,525,0,0,0.0,0
user_04144,Mr. Brett Russo,ohardy@hotmail.com,2022-06-10,IN,starter,2,7.4,2.24,3.0,1,0,1232,0,0,0.0,0
user_04145,Tom Little,hensleyleslie@gmail.com,2024-06-10,CA,pro,8,15.1,1.0,2.6,2,0,501,1,0,85.09,0
user_04146,David Beard,greenvanessa@gmail.com,2023-02-18,IN,starter,4,15.1,3.6,5.0,4,2,979,0,0,0.0,0
user_04147,Andrea Nelson,oliviasmith@yahoo.com,2025-07-08,US,free,3,1.2,1.11,2.0,3,38,108,1,0,0.0,0
user_04148,Matthew Davis,juliapark@yahoo.com,2022-10-30,IN,free,2,8.1,0.73,3.0,1,5,1090,0,0,0.0,0
user_04149,Robert Mendoza,waltonnicholas@hotmail.com,2025-05-03,IN,starter,2,9.1,2.46,2.0,3,42,174,0,0,0.0,0
user_04150,Jordan Hanson,kramerandrew@gmail.com,2023-06-13,IN,starter,2,2.0,5.3,3.0,2,16,864,0,0,0.0,0
user_04151,Sandy Johnson,charlescohen@hotmail.com,2023-10-17,IN,free,2,11.2,2.77,0.0,1,56,738,0,0,0.0,0
user_04152,Julie Davis,bdavis@hotmail.com,2022-05-18,IN,free,3,8.5,5.29,2.0,1,61,1255,1,0,0.0,0
user_04153,Nicole Bishop,ryanperez@gmail.com,2022-06-28,US,starter,6,8.8,1.68,1.0,3,63,1214,0,0,0.0,0
user_04154,Chad Joseph,qreyes@gmail.com,2024-03-05,IN,free,1,4.3,2.99,3.0,2,23,598,1,0,0.0,0
user_04155,Ashley Roy DVM,parkerpatrick@gmail.com,2025-02-13,US,free,4,9.7,2.03,2.0,1,46,253,1,0,0.0,0
user_04156,Jason Jones,susan04@yahoo.com,2024-03-24,US,free,1,11.4,3.92,5.0,2,32,579,0,0,0.0,0
user_04157,Timothy Conrad,samanthaboyd@gmail.com,2025-02-04,AU,free,2,8.5,3.31,4.0,1,6,262,0,0,0.0,0
user_04158,Laura Boyer,mwatson@hotmail.com,2023-10-30,GB,pro,7,7.9,1.89,7.800000000000001,2,14,725,0,0,0.0,0
user_04159,Maureen Riggs,novakderrick@yahoo.com,2023-07-20,CA,pro,5,8.3,12.03,5.2,2,98,827,1,0,107.53,0
user_04160,Lisa Manning,taylorshannon@yahoo.com,2024-11-30,IN,free,2,8.9,0.77,2.0,0,44,328,1,0,0.0,0
user_04161,Alexandra Santiago,yrobinson@gmail.com,2024-07-27,AU,free,6,8.2,2.69,1.0,0,9,454,1,0,0.0,0
user_04162,Tamara Ross,ofoster@gmail.com,2022-01-26,GB,free,4,11.6,1.13,4.0,2,9,1367,0,0,0.0,0
user_04163,Mariah Sellers,johnny67@hotmail.com,2025-06-30,DE,free,1,6.1,2.4,2.0,2,8,116,0,0,0.0,0
user_04164,Eric Robinson,gutierreztonya@hotmail.com,2025-04-18,US,free,1,3.1,1.06,1.0,1,11,189,0,0,0.0,0
user_04165,Brenda Lloyd,stephanie68@gmail.com,2024-12-06,AU,starter,3,9.4,2.38,1.0,1,79,322,0,0,0.0,0
user_04166,Joseph Jones,jacksondebra@yahoo.com,2024-05-09,DE,free,3,6.1,2.9,3.0,1,17,533,1,0,0.0,0
user_04167,Charles Green,ilewis@yahoo.com,2022-08-19,FR,free,3,11.1,3.88,2.0,2,13,1162,0,0,0.0,0
user_04168,Paul Li,jgutierrez@gmail.com,2024-04-28,US,free,4,8.0,0.46,2.0,1,8,544,0,0,0.0,0
user_04169,Julie Thomas,rbrooks@gmail.com,2022-11-03,US,free,0,10.6,1.63,1.0,0,66,1086,0,1,0.0,1
user_04170,Rodney Aguilar,rogersnathan@gmail.com,2022-10-31,US,free,3,3.9,4.31,5.0,2,94,1089,0,0,0.0,0
user_04171,Dennis Clark,garciajulie@yahoo.com,2025-03-06,US,free,3,8.6,3.19,2.0,0,11,232,0,0,0.0,0
user_04172,Dana Brown,anthony90@yahoo.com,2025-04-19,FR,pro,5,7.2,16.14,1.3,2,28,188,0,1,0.0,0
user_04173,Daniel Arellano,eaustin@hotmail.com,2025-04-08,US,free,5,3.1,1.58,3.0,1,95,199,1,0,0.0,0
user_04174,Morgan Hood,ritterbrett@hotmail.com,2022-07-25,US,free,2,4.6,8.16,1.0,2,20,1187,1,0,0.0,0
user_04175,Jeffrey Turner,amanda39@yahoo.com,2022-08-05,US,pro,7,7.8,6.26,1.3,3,18,1176,0,0,0.0,0
user_04176,Courtney Harrison,brentwhite@gmail.com,2025-02-26,US,pro,6,15.0,8.82,1.3,1,22,240,0,0,0.0,0
user_04177,Lindsey Jackson,bakervictoria@yahoo.com,2022-07-26,US,free,1,5.7,1.23,4.0,2,1,1186,1,0,0.0,0
user_04178,Ricardo Wade,jordan59@hotmail.com,2023-08-09,DE,starter,1,2.9,3.23,0.0,0,10,807,0,0,0.0,0
user_04179,Rebecca Hammond,ddrake@hotmail.com,2025-01-01,GB,free,3,8.5,2.85,4.0,3,36,296,1,0,0.0,0
user_04180,Marcus Roman,davisamanda@gmail.com,2023-12-06,US,free,1,8.1,1.7,3.0,1,102,688,1,0,0.0,0
user_04181,Melissa Chavez,roberto93@gmail.com,2024-04-21,IN,free,3,6.0,5.26,2.0,2,25,551,0,0,0.0,0
user_04182,Miranda Mora,dvasquez@yahoo.com,2023-06-25,IN,starter,7,7.4,2.33,2.0,0,6,852,1,0,20.0,0
user_04183,Michael Torres,robert75@yahoo.com,2024-02-24,US,starter,2,11.9,4.1,1.0,1,16,608,0,0,0.0,0
user_04184,Dustin Brown,erinnguyen@hotmail.com,2025-09-03,CA,free,4,10.7,0.71,2.0,2,20,51,0,0,0.0,0
user_04185,Juan Morris,carolynthomas@gmail.com,2024-09-21,CA,free,2,10.3,2.91,2.0,2,4,398,0,0,0.0,0
user_04186,Timothy Mitchell,danielstanton@yahoo.com,2025-03-17,CA,starter,2,3.3,4.48,2.0,3,11,221,1,0,20.0,0
user_04187,Deanna Cervantes,richard79@gmail.com,2025-06-01,CA,free,2,19.5,1.47,3.0,1,17,145,0,0,0.0,0
user_04188,Kevin Smith,ericporter@gmail.com,2024-08-26,US,free,1,12.2,2.22,2.0,2,9,424,1,0,0.0,0
user_04189,Karina Spencer,xking@yahoo.com,2022-03-18,AU,starter,2,10.1,2.38,3.0,2,13,1316,1,0,20.0,0
user_04190,Mr. William Rogers,ggarcia@yahoo.com,2022-12-19,DE,starter,4,3.3,2.38,1.0,2,9,1040,1,0,20.0,0
user_04191,Richard Frank,christina09@gmail.com,2023-07-19,AU,starter,2,11.8,1.01,3.0,2,28,828,0,0,0.0,0
user_04192,Joseph Robinson,patriciamartinez@hotmail.com,2024-04-05,US,pro,5,8.0,6.82,2.6,1,25,567,1,0,83.91,0
user_04193,Ronald Howard,lozanoelizabeth@yahoo.com,2022-10-22,AU,free,0,7.2,1.88,1.0,3,24,1098,0,1,0.0,0
user_04194,Taylor Thomas,justinwhitaker@hotmail.com,2025-06-20,DE,starter,1,1.3,3.81,2.0,3,3,126,1,0,20.0,0
user_04195,Victor Peterson,courtneyhill@gmail.com,2025-05-31,FR,starter,3,3.0,2.68,1.0,1,6,146,0,0,0.0,0
user_04196,Paul White,millerpaula@hotmail.com,2024-04-02,US,free,4,9.8,1.14,2.0,1,3,570,1,0,0.0,0
user_04197,Daniel Hill,xgardner@hotmail.com,2022-03-21,CA,free,3,12.0,3.14,2.0,1,1,1313,0,0,0.0,0
user_04198,Shirley Kelly,thompsonstephen@hotmail.com,2024-03-21,AU,free,4,10.7,1.43,4.0,2,8,582,1,0,0.0,0
user_04199,Tony Brock,melissa93@hotmail.com,2023-11-10,CA,free,3,10.6,1.83,4.0,0,6,714,0,1,0.0,0
user_04200,Dr. Angelica Parks MD,emily20@hotmail.com,2023-05-02,GB,starter,7,7.7,0.5,0.0,3,38,906,1,0,20.0,0
user_04201,Deanna Allen,juanmay@gmail.com,2022-04-11,AU,starter,1,6.4,4.48,1.0,3,35,1292,1,0,20.0,0
user_04202,Alexandra Jones,rodriguezwarren@hotmail.com,2024-08-31,IN,free,3,9.2,0.68,1.0,0,6,419,0,0,0.0,0
user_04203,Kimberly Clark,stephaniebrown@hotmail.com,2023-07-05,GB,free,0,11.3,4.54,2.0,3,5,842,1,0,0.0,0
user_04204,Wendy Smith,jreyes@yahoo.com,2024-02-02,IN,pro,6,10.0,3.45,0.0,3,4,630,1,0,90.53,0
user_04205,Alyssa Harris,fmiller@gmail.com,2022-02-11,AU,free,4,12.8,2.73,3.0,1,11,1351,1,0,0.0,0
user_04206,Kenneth Reyes,uboyer@gmail.com,2023-11-23,US,free,2,7.1,1.66,3.0,1,10,701,0,0,0.0,0
user_04207,Mr. Eric Lopez,ymalone@yahoo.com,2023-09-13,IN,free,1,4.1,0.71,2.0,1,0,772,0,0,0.0,0
user_04208,Douglas Collins,okhan@hotmail.com,2023-09-29,CA,free,3,8.0,5.55,2.0,1,25,756,0,0,0.0,0
user_04209,Brittany Carroll,rodriguezgeorge@gmail.com,2023-07-29,DE,free,5,8.4,1.24,4.0,1,68,818,0,0,0.0,0
user_04210,Lisa Crawford,donald04@yahoo.com,2024-10-03,GB,free,6,7.7,6.58,2.0,2,23,386,1,0,0.0,0
user_04211,Dustin Wagner,jamesnelson@hotmail.com,2022-07-21,AU,free,4,13.1,7.8,0.0,2,1,1191,0,0,0.0,0
user_04212,David Silva,michaeljimenez@hotmail.com,2023-04-12,AU,free,0,11.2,3.68,4.0,3,27,926,1,0,0.0,0
user_04213,Theresa Moon,ann85@gmail.com,2022-10-03,US,free,4,2.3,2.13,1.0,2,19,1117,0,0,0.0,0
user_04214,Amber Chen,leejohn@hotmail.com,2023-09-08,IN,free,2,14.1,0.77,2.0,3,71,777,0,1,0.0,1
user_04215,Alexander Cantrell,staceyfischer@yahoo.com,2024-06-26,US,starter,2,1.0,4.13,2.0,2,13,485,0,0,0.0,0
user_04216,Richard Clark,robertschultz@yahoo.com,2023-10-20,US,starter,2,16.6,5.61,2.0,0,41,735,0,0,0.0,0
user_04217,Charles Cameron,christopher74@gmail.com,2023-07-06,IN,free,3,6.9,2.51,1.0,0,1,841,0,0,0.0,0
user_04218,Joseph Bryant,olsonjames@hotmail.com,2024-05-03,AU,free,3,7.2,2.45,2.0,1,38,539,0,0,0.0,0
user_04219,Amber Fisher,donaldserrano@hotmail.com,2025-05-23,FR,starter,4,7.8,3.4,0.0,2,1,154,1,0,20.0,0
user_04220,Christopher Medina,ikennedy@hotmail.com,2025-08-15,US,free,1,9.5,1.37,0.0,1,12,70,0,0,0.0,0
user_04221,Rick Davis,mitchellmisty@hotmail.com,2022-07-02,US,free,1,8.0,0.49,4.0,0,88,1210,0,0,0.0,0
user_04222,Rebecca Arnold,kimberly87@hotmail.com,2023-01-20,GB,starter,2,7.5,3.02,4.0,3,36,1008,0,0,0.0,0
user_04223,Johnathan Parker,duranjeffrey@yahoo.com,2024-06-23,IN,pro,6,15.2,0.9,1.3,5,77,488,0,0,0.0,0
user_04224,Annette Davila,michaelflores@hotmail.com,2023-03-09,US,starter,3,10.3,2.22,1.0,0,20,960,0,0,0.0,0
user_04225,Ian Thompson,kevinbaker@yahoo.com,2024-04-13,FR,free,5,4.2,1.47,1.0,0,27,559,0,0,0.0,0
user_04226,Dana Gonzalez,mistythomas@hotmail.com,2024-09-19,AU,starter,3,11.0,1.81,3.0,2,21,400,0,0,0.0,0
user_04227,Alexandra Owens MD,catherine14@yahoo.com,2024-11-23,IN,free,0,10.1,1.95,3.0,1,19,335,0,0,0.0,0
user_04228,Jason Moore,melanie13@hotmail.com,2024-02-05,FR,starter,5,5.8,3.49,2.0,3,25,627,0,0,0.0,0
user_04229,Kyle Gray,njones@hotmail.com,2022-04-26,US,free,1,11.2,1.59,3.0,2,1,1277,0,0,0.0,0
user_04230,Amanda Day,adamleach@hotmail.com,2024-11-21,CA,free,2,7.4,2.62,4.0,0,6,337,1,0,0.0,0
user_04231,James Alexander,ablack@yahoo.com,2022-11-22,IN,starter,5,7.1,0.93,0.0,2,7,1067,0,0,0.0,0
user_04232,Luke Coleman,edgar93@hotmail.com,2022-05-15,US,free,4,7.0,1.17,3.0,1,14,1258,1,0,0.0,0
user_04233,Emily Carlson,amiller@hotmail.com,2023-09-30,AU,free,1,1.0,3.66,0.0,4,17,755,0,0,0.0,0
user_04234,James Marshall,william62@hotmail.com,2024-11-03,IN,pro,7,7.9,2.4,5.2,2,40,355,0,0,0.0,0
user_04235,Erin Miles,elizabethhubbard@yahoo.com,2024-04-06,CA,free,10,10.9,1.0,2.0,3,5,566,0,0,0.0,0
user_04236,Alicia Alvarado,kristine12@yahoo.com,2022-10-05,US,free,3,7.9,2.63,4.0,0,25,1115,0,0,0.0,0
user_04237,Mary Thornton,urodriguez@gmail.com,2024-12-09,US,free,3,2.9,2.27,1.0,0,9,319,1,0,0.0,0
user_04238,Judith Johnson,michael05@hotmail.com,2025-03-10,US,starter,7,11.9,6.08,1.0,2,21,228,1,0,20.0,0
user_04239,Brandon Chavez,imiller@hotmail.com,2022-03-01,IN,starter,4,6.8,3.29,1.0,4,29,1333,1,0,20.0,0
user_04240,Sharon Russell,jacob87@hotmail.com,2022-12-22,CA,free,2,3.1,1.02,2.0,2,26,1037,0,0,0.0,0
user_04241,Colin Hoover,codypage@hotmail.com,2023-01-30,US,starter,5,16.8,0.53,1.0,3,7,998,1,0,20.0,0
user_04242,Teresa Brewer,wilsonchloe@yahoo.com,2023-02-16,CA,free,3,3.8,2.28,2.0,1,37,981,0,0,0.0,0
user_04243,Leah Baird,craig91@yahoo.com,2022-04-29,CA,starter,2,11.5,4.41,2.0,1,31,1274,0,0,0.0,0
user_04244,Christopher Combs,johnsonanthony@hotmail.com,2023-05-26,CA,free,5,4.9,2.25,3.0,1,80,882,0,0,0.0,0
user_04245,Sherry Vaughn,eugenewhite@yahoo.com,2022-03-09,IN,free,3,8.5,2.33,2.0,2,30,1325,1,0,0.0,0
user_04246,Brian White,brandon74@yahoo.com,2024-07-23,AU,pro,8,6.4,1.1,2.6,3,38,458,0,0,0.0,0
user_04247,Melissa Sellers,danielle64@yahoo.com,2022-04-14,IN,free,4,3.0,1.43,4.0,1,49,1289,0,0,0.0,0
user_04248,Kelly Coleman,nstein@gmail.com,2024-01-09,IN,free,2,10.1,0.38,1.0,0,3,654,0,0,0.0,0
user_04249,Roberta Valdez,timothy83@yahoo.com,2023-02-12,US,free,3,9.6,3.36,3.0,2,35,985,0,0,0.0,0
user_04250,Richard Miller,jack76@gmail.com,2023-07-16,US,pro,5,14.6,4.36,1.3,1,11,831,0,0,0.0,0
user_04251,Curtis Thomas,kingkaren@gmail.com,2024-01-25,US,free,4,7.9,2.46,6.0,2,51,638,0,0,0.0,0
user_04252,Vincent Nolan,melissarodriguez@hotmail.com,2024-08-08,GB,free,3,16.9,1.16,3.0,0,19,442,0,0,0.0,0
user_04253,Nicole Lowery,kim38@yahoo.com,2024-10-31,US,free,2,9.1,0.9,5.0,2,26,358,0,0,0.0,0
user_04254,Daniel Lynch,james45@gmail.com,2024-03-23,US,free,3,10.3,2.9,5.0,2,9,580,0,0,0.0,0
user_04255,Jeremy Howell,stephensonlinda@hotmail.com,2025-07-25,DE,free,2,2.6,2.83,4.0,1,31,91,1,0,0.0,0
user_04256,Laurie Brown,nelsonkristina@hotmail.com,2022-09-11,US,starter,3,5.5,3.94,3.0,0,1,1139,0,0,0.0,0
user_04257,Sydney Brown,huntgary@gmail.com,2022-03-04,US,pro,5,12.1,4.23,2.6,1,41,1330,1,0,91.74,0
user_04258,Donna Shaw,jacquelineforbes@yahoo.com,2023-05-11,US,free,3,7.7,3.71,3.0,0,5,897,0,1,0.0,0
user_04259,Douglas Wright,jennifer12@yahoo.com,2024-02-02,DE,free,4,8.8,2.86,4.0,1,7,630,0,0,0.0,0
user_04260,Brett Doyle,christopher14@hotmail.com,2024-09-28,US,free,2,4.7,4.99,3.0,0,0,391,1,0,0.0,0
user_04261,Monica Spencer,stephen85@gmail.com,2025-05-01,IN,free,0,8.5,1.72,1.0,3,11,176,0,0,0.0,0
user_04262,Brooke Torres,kparker@gmail.com,2024-07-02,IN,pro,3,10.5,4.25,3.9000000000000004,3,14,479,0,0,0.0,0
user_04263,Stephanie Johnston,tammy56@gmail.com,2022-12-30,CA,free,1,3.3,3.55,1.0,0,7,1029,0,0,0.0,0
user_04264,Lindsay Hall,staffordmatthew@hotmail.com,2024-08-29,GB,free,2,10.6,2.4,4.0,2,7,421,0,0,0.0,0
user_04265,Linda Castro,swilson@gmail.com,2025-04-16,DE,starter,1,1.2,0.25,2.0,3,67,191,1,0,20.0,0
user_04266,Brittney Davis,kristopher70@hotmail.com,2025-02-03,US,free,1,8.7,3.41,1.0,1,11,263,1,0,0.0,0
user_04267,James Harrell,kaylafisher@hotmail.com,2023-12-18,US,starter,4,15.1,1.4,1.0,1,38,676,0,0,0.0,0
user_04268,David Spence,jacksonmary@hotmail.com,2023-12-07,US,free,0,10.7,1.07,2.0,0,8,687,1,0,0.0,0
user_04269,Aaron Thomas,franciscoyoung@gmail.com,2022-12-01,US,starter,3,10.7,0.79,1.0,3,49,1058,1,0,20.0,0
user_04270,Joseph Haney,lnorman@hotmail.com,2023-06-14,US,pro,6,6.4,6.03,2.6,1,33,863,1,0,89.71,0
user_04271,Deanna Proctor,rosstyrone@yahoo.com,2022-07-05,US,starter,1,15.1,2.51,4.0,2,42,1207,0,0,0.0,0
user_04272,Ricardo Morton,matthewgarner@hotmail.com,2023-08-07,IN,pro,5,15.5,1.29,2.6,3,17,809,0,0,0.0,0
user_04273,Jennifer Leonard,jessewelch@hotmail.com,2022-02-26,CA,free,2,4.6,0.98,4.0,2,63,1336,0,0,0.0,0
user_04274,Christie Burgess,iburns@yahoo.com,2024-03-02,US,free,0,6.1,2.31,0.0,4,14,601,0,0,0.0,0
user_04275,Laura Davidson,stevenporter@hotmail.com,2022-04-12,CA,starter,3,13.0,0.87,1.0,2,27,1291,0,0,0.0,0
user_04276,Jacob Guzman,jodyolson@hotmail.com,2022-11-30,US,free,3,15.2,2.53,0.0,1,30,1059,0,0,0.0,0
user_04277,Jeffrey Lucas,norman41@gmail.com,2025-03-17,US,free,3,2.9,4.54,1.0,3,91,221,0,0,0.0,0
user_04278,Sandy Hughes,fmiller@hotmail.com,2023-03-15,IN,free,3,4.0,5.13,1.0,1,4,954,0,0,0.0,0
user_04279,Alex Lopez,jessica47@hotmail.com,2023-03-30,US,free,1,7.4,4.04,1.0,4,4,939,0,0,0.0,0
user_04280,Jill Webster,diazeric@hotmail.com,2025-08-18,US,free,3,1.0,6.36,1.0,1,18,67,0,1,0.0,0
user_04281,Eddie Ramos,barry49@hotmail.com,2023-04-07,IN,free,4,8.1,2.65,1.0,4,74,931,1,0,0.0,0
user_04282,Kayla Rice,aprilruiz@gmail.com,2023-02-28,AU,starter,2,12.7,8.5,3.0,1,0,969,0,0,0.0,0
user_04283,Willie Mccann,brownrandy@gmail.com,2023-07-06,CA,free,2,2.2,7.42,0.0,0,9,841,0,0,0.0,0
user_04284,Brandon Johnson,gmarks@hotmail.com,2025-08-27,US,free,7,8.5,2.76,3.0,0,10,58,1,0,0.0,0
user_04285,Jonathan Wilson,sarawilliams@hotmail.com,2024-04-18,FR,free,1,5.7,1.7,1.0,0,10,554,0,0,0.0,0
user_04286,Heidi Ramos,bhernandez@gmail.com,2024-11-17,CA,free,10,14.6,1.83,2.0,2,0,341,0,0,0.0,0
user_04287,Cheryl Padilla,tmoore@gmail.com,2022-02-11,GB,pro,4,7.7,0.65,1.3,1,52,1351,0,0,0.0,0
user_04288,Jesus Ryan,amontoya@yahoo.com,2022-01-19,DE,free,0,14.1,1.71,2.0,2,0,1374,0,0,0.0,0
user_04289,Michael Fox,yduncan@yahoo.com,2024-08-28,IN,free,3,5.6,0.63,1.0,2,19,422,0,0,0.0,0
user_04290,Oscar Lawrence,brianagonzalez@gmail.com,2022-09-28,US,starter,3,11.1,4.34,2.0,3,1,1122,0,0,0.0,0
user_04291,Mrs. Heidi Craig DDS,vcarroll@hotmail.com,2025-08-18,IN,free,3,9.0,0.53,1.0,3,48,67,0,0,0.0,0
user_04292,Nicole Mcneil,lchavez@yahoo.com,2022-12-21,IN,free,3,7.4,3.34,2.0,0,41,1038,0,0,0.0,0
user_04293,Willie Duncan,christopher63@yahoo.com,2025-05-16,IN,free,4,4.8,1.68,3.0,0,38,161,0,0,0.0,0
user_04294,Stacey Berry,kvargas@hotmail.com,2022-01-18,GB,pro,4,11.3,6.44,3.9000000000000004,0,39,1375,0,0,0.0,0
user_04295,Patricia Morgan,curtisbishop@hotmail.com,2023-04-04,AU,free,3,6.2,1.86,1.0,0,84,934,1,0,0.0,0
user_04296,Krista Orozco,davidjennings@yahoo.com,2023-06-01,AU,free,5,5.2,3.46,1.0,1,16,876,0,0,0.0,0
user_04297,Cheyenne Wade,marktaylor@yahoo.com,2025-05-30,FR,free,2,13.9,3.3,0.0,4,59,147,0,0,0.0,0
user_04298,Jessica Holden,prodgers@gmail.com,2023-09-18,DE,free,3,10.2,1.63,0.0,1,6,767,0,0,0.0,0
user_04299,Linda Torres,ryanking@hotmail.com,2025-08-09,AU,free,2,10.6,2.85,2.0,1,18,76,1,0,0.0,0
user_04300,Joyce Wright,hamiltonrobert@yahoo.com,2023-07-18,US,free,1,6.4,3.56,0.0,2,0,829,1,0,0.0,0
user_04301,Angela Landry,douglas58@gmail.com,2024-05-17,US,free,2,7.3,4.3,1.0,3,10,525,0,0,0.0,0
user_04302,John Steele,edward94@gmail.com,2024-02-11,IN,pro,8,9.0,0.48,1.3,5,18,621,0,0,0.0,0
user_04303,Jordan Coleman,skeller@gmail.com,2023-12-16,FR,starter,3,9.3,0.62,2.0,3,72,678,0,0,0.0,0
user_04304,Anita King,mitchellchristopher@hotmail.com,2024-07-29,IN,free,1,10.6,3.74,2.0,1,11,452,0,0,0.0,0
user_04305,Cassandra Washington,williamwood@yahoo.com,2023-06-01,CA,starter,1,7.9,1.6,3.0,1,33,876,0,0,0.0,0
user_04306,Darren Green,valdezkrystal@yahoo.com,2023-03-23,US,free,5,4.8,2.49,3.0,2,53,946,1,0,0.0,0
user_04307,Veronica Phillips,bradleysheila@yahoo.com,2024-08-13,US,free,2,11.0,0.38,2.0,0,11,437,0,0,0.0,0
user_04308,Danny Dixon,steinpamela@yahoo.com,2023-09-11,CA,starter,3,8.1,8.54,3.0,0,5,774,0,0,0.0,0
user_04309,Vanessa Barber,stephenstimothy@gmail.com,2024-12-02,US,starter,5,2.2,0.99,2.0,4,26,326,0,0,0.0,0
user_04310,Marcus Edwards,gmendoza@hotmail.com,2025-07-01,US,starter,0,1.0,2.92,0.0,2,10,115,0,0,0.0,0
user_04311,Alan Bryant,falvarez@yahoo.com,2024-03-24,US,free,5,9.2,1.19,3.0,1,31,579,0,0,0.0,0
user_04312,Joshua Walker,jake70@hotmail.com,2025-04-12,US,pro,6,6.7,7.83,1.3,2,4,195,0,0,0.0,0
user_04313,John Rodriguez,hgreen@yahoo.com,2022-07-29,CA,free,1,9.7,4.33,1.0,1,4,1183,0,0,0.0,0
user_04314,Samuel Pierce,yturner@hotmail.com,2022-01-16,US,pro,5,6.9,7.07,2.6,2,33,1377,0,0,0.0,0
user_04315,Alexa Sanders,mitchellrhonda@hotmail.com,2024-11-13,GB,pro,6,10.5,5.03,2.6,4,108,345,0,0,0.0,0
user_04316,Christian Green,barneskyle@hotmail.com,2025-09-18,US,free,4,6.5,4.0,2.0,2,8,36,0,0,0.0,0
user_04317,Michael Hayes,eduardo74@hotmail.com,2024-02-06,DE,starter,4,15.0,1.55,6.0,1,37,626,1,0,20.0,0
user_04318,Timothy Holloway,robert07@gmail.com,2025-02-23,US,free,3,11.8,5.56,1.0,1,22,243,1,0,0.0,0
user_04319,Christopher Cook,michellejohnson@gmail.com,2025-08-18,GB,free,2,13.4,2.12,4.0,2,55,67,0,0,0.0,0
user_04320,Victor Hardin,littleamanda@hotmail.com,2025-05-01,CA,free,1,8.1,1.03,2.0,2,14,176,0,0,0.0,0
user_04321,Gabriella Dunn,ureeves@gmail.com,2025-06-01,US,free,6,11.3,2.12,4.0,2,106,145,1,0,0.0,0
user_04322,Daniel Stout,brandon43@yahoo.com,2023-08-02,FR,pro,8,10.4,2.69,1.3,3,2,814,0,0,0.0,0
user_04323,Jerry Robinson,shafferbobby@hotmail.com,2023-09-04,GB,starter,0,13.9,2.26,3.0,3,125,781,0,0,0.0,0
user_04324,Andrew Mendoza,daniel13@hotmail.com,2022-08-10,IN,free,1,7.7,1.01,2.0,3,56,1171,0,0,0.0,0
user_04325,Michael Daniels,phillipslauren@yahoo.com,2024-09-13,US,starter,3,2.4,4.17,0.0,3,60,406,1,0,20.0,0
user_04326,Nathaniel Nunez,mitchellaaron@hotmail.com,2022-05-11,AU,pro,8,2.0,1.86,5.2,1,55,1262,0,0,0.0,0
user_04327,Kristina Bowman,thompsonclifford@hotmail.com,2023-11-20,DE,free,1,14.7,2.84,2.0,3,59,704,0,1,0.0,1
user_04328,Elizabeth Brooks,cardenaspaul@yahoo.com,2023-07-21,US,pro,6,11.9,4.91,1.3,1,50,826,1,0,86.92,0
user_04329,Darrell Martin,wwolfe@hotmail.com,2025-08-04,US,free,5,10.2,3.17,0.0,3,68,81,1,0,0.0,0
user_04330,Kyle Bennett Jr.,brookechung@yahoo.com,2023-10-28,DE,starter,1,14.0,3.36,1.0,3,18,727,0,0,0.0,0
user_04331,Tina Reese,traviscummings@gmail.com,2023-07-22,CA,free,3,1.4,0.99,1.0,0,84,825,0,0,0.0,0
user_04332,Melissa Johnson,lopezjacob@yahoo.com,2023-06-19,DE,free,2,6.6,3.73,2.0,2,14,858,0,0,0.0,0
user_04333,Nicholas Massey,angelasolomon@gmail.com,2025-09-05,IN,free,5,7.1,0.81,4.0,1,39,49,0,0,0.0,0
user_04334,Stephanie Reeves,robertlindsey@gmail.com,2025-08-27,CA,starter,4,11.0,0.55,1.0,5,37,58,0,0,0.0,0
user_04335,Shelby Duncan,rileyjessica@yahoo.com,2023-09-04,US,free,1,5.2,2.41,1.0,1,51,781,1,0,0.0,0
user_04336,Robin Wilson,zperkins@yahoo.com,2023-01-21,US,free,6,3.2,1.67,5.0,0,40,1007,0,0,0.0,0
user_04337,Ricky Parks,williamsjoseph@hotmail.com,2022-11-04,GB,free,2,3.2,3.56,1.0,1,1,1085,1,0,0.0,0
user_04338,Christopher Thompson,brenda22@hotmail.com,2024-11-25,AU,pro,5,14.6,8.26,3.9000000000000004,2,40,333,0,0,0.0,0
user_04339,John Mahoney,scottchen@gmail.com,2023-05-08,US,free,4,5.0,3.72,6.0,2,0,900,0,0,0.0,0
user_04340,Michael Wood,kelly91@gmail.com,2022-04-27,IN,free,1,5.8,1.07,7.0,0,22,1276,0,1,0.0,0
user_04341,Richard Delacruz,sferguson@gmail.com,2025-05-13,CA,free,3,10.5,1.19,2.0,1,54,164,0,0,0.0,0
user_04342,Jo Sims DDS,guzmankatherine@gmail.com,2024-04-07,IN,free,3,5.2,1.13,4.0,1,53,565,0,0,0.0,0
user_04343,Johnny Roberts,phillipmanning@gmail.com,2025-09-14,FR,starter,3,1.2,3.84,1.0,3,55,40,0,0,0.0,0
user_04344,Cynthia Mitchell,irobinson@yahoo.com,2023-10-17,DE,starter,3,1.7,2.21,2.0,1,27,738,1,0,20.0,0
user_04345,Ryan Coleman,lovevalerie@gmail.com,2022-10-14,US,free,4,7.8,3.01,2.0,1,6,1106,1,0,0.0,0
user_04346,Laura Simmons,naguilar@yahoo.com,2022-02-22,AU,free,4,10.0,0.85,4.0,1,21,1340,0,0,0.0,0
user_04347,Aaron Chavez,ashleevelez@hotmail.com,2025-09-04,DE,starter,3,7.2,3.0,0.0,2,21,50,0,0,0.0,0
user_04348,Sherri Bell,arroyoanthony@yahoo.com,2024-10-15,FR,free,3,9.7,1.68,3.0,3,11,374,0,0,0.0,0
user_04349,Jeffrey Sutton,tiffanyboyd@hotmail.com,2023-08-29,CA,starter,4,1.5,6.72,1.0,2,16,787,1,0,20.0,0
user_04350,Antonio Shaw,rphillips@hotmail.com,2023-06-16,FR,starter,3,1.8,0.84,1.0,2,61,861,1,0,20.0,0
user_04351,Cindy Gross,martinmary@yahoo.com,2024-05-07,US,starter,2,17.0,0.68,3.0,2,21,535,0,0,0.0,0
user_04352,Karen Price,paulcarey@yahoo.com,2024-04-08,US,free,3,12.9,1.97,1.0,1,36,564,0,0,0.0,0
user_04353,Jared Moore,martinjennifer@gmail.com,2024-03-06,FR,free,3,11.1,1.85,3.0,0,20,597,1,0,0.0,0
user_04354,Edward Fernandez,sheenajohnson@hotmail.com,2022-03-14,US,pro,5,7.4,8.01,2.6,1,28,1320,0,0,0.0,0
user_04355,Ricardo Lyons,phillipsamy@yahoo.com,2025-04-09,US,free,3,7.0,1.55,4.0,1,2,198,0,0,0.0,0
user_04356,Denise Bowers,kgriffith@hotmail.com,2025-03-17,DE,starter,3,8.0,8.28,1.0,2,80,221,0,0,0.0,0
user_04357,Heather Benjamin,yjones@gmail.com,2023-01-24,FR,free,4,13.3,2.15,4.0,2,17,1004,1,0,0.0,0
user_04358,Christina Brown,jason05@yahoo.com,2023-12-04,US,starter,7,9.6,1.14,2.0,4,41,690,0,0,0.0,0
user_04359,William Thomas,andrew34@hotmail.com,2023-04-01,FR,free,3,10.1,1.65,3.0,1,32,937,0,0,0.0,0
user_04360,Willie Hale,floresbrittany@hotmail.com,2024-12-30,CA,free,4,7.3,3.6,1.0,0,48,298,0,0,0.0,0
user_04361,Scott Turner,stephanie45@hotmail.com,2025-07-31,IN,free,3,11.2,3.24,5.0,0,1,85,0,0,0.0,0
user_04362,Joan Baker,gwheeler@gmail.com,2024-09-01,FR,starter,4,9.2,6.27,2.0,0,82,418,1,0,20.0,0
user_04363,Mary Andrews,blairbruce@gmail.com,2024-01-05,IN,starter,4,8.2,0.63,4.0,4,53,658,0,0,0.0,0
user_04364,Gregory Hunter,hhanson@yahoo.com,2024-11-04,US,free,2,5.0,1.68,4.0,5,53,354,0,0,0.0,0
user_04365,Danielle Bender,adamsleslie@hotmail.com,2023-09-07,US,free,3,7.5,10.97,0.0,0,18,778,0,0,0.0,0
user_04366,Kathy Wright,rmorris@hotmail.com,2022-12-15,IN,starter,3,3.7,1.3,1.0,1,47,1044,0,0,0.0,0
user_04367,Rebecca Gonzales,glenclark@yahoo.com,2025-09-08,IN,free,1,7.8,4.87,2.0,2,25,46,0,0,0.0,0
user_04368,Nancy Daniels,dylankelly@hotmail.com,2025-02-17,DE,free,1,8.4,0.2,1.0,0,21,249,0,0,0.0,0
user_04369,Jared Rich,sjohnson@yahoo.com,2023-01-06,DE,free,2,1.0,1.27,2.0,2,46,1022,0,0,0.0,0
user_04370,Nicholas Ward,stephen48@hotmail.com,2023-08-25,GB,free,2,7.1,3.21,2.0,2,29,791,0,0,0.0,0
user_04371,Janice Woodard,patrickirwin@hotmail.com,2022-07-19,DE,free,4,3.3,3.28,0.0,3,2,1193,0,0,0.0,0
user_04372,Jason Roman,fcarter@hotmail.com,2024-08-22,US,free,2,10.0,2.9,3.0,2,11,428,0,0,0.0,0
user_04373,Pamela Moore,scastro@gmail.com,2022-09-20,US,free,2,10.5,3.15,0.0,0,29,1130,0,0,0.0,0
user_04374,Tracy Kelley,dwalker@hotmail.com,2023-06-14,FR,free,3,6.3,4.8,3.0,1,70,863,0,0,0.0,0
user_04375,Karen Nguyen,nunezcindy@gmail.com,2025-02-18,US,free,2,10.2,2.21,2.0,4,81,248,0,0,0.0,0
user_04376,Chad Coleman,ramirezjeffrey@hotmail.com,2023-01-10,US,free,1,10.4,6.12,0.0,0,54,1018,0,0,0.0,0
user_04377,Edward Wood,yhill@yahoo.com,2023-11-19,CA,free,3,7.1,2.42,1.0,1,8,705,0,0,0.0,0
user_04378,Stacey Reyes,christophermitchell@gmail.com,2025-09-02,IN,starter,2,14.1,2.23,6.0,1,19,52,0,0,0.0,0
user_04379,Dana Dunlap,yorkjeremy@hotmail.com,2022-07-02,FR,free,2,5.1,0.43,1.0,1,17,1210,0,0,0.0,0
user_04380,Anthony Becker,irwindavid@gmail.com,2023-04-01,US,free,2,13.9,5.37,4.0,1,17,937,1,0,0.0,0
user_04381,Theresa Ayala,jasmine45@hotmail.com,2023-12-29,US,free,5,7.1,0.58,3.0,0,1,665,0,0,0.0,0
user_04382,Jacob Duarte,zturner@yahoo.com,2023-04-03,US,free,2,4.6,4.46,2.0,3,5,935,0,0,0.0,0
user_04383,Charles Jackson,clifford33@gmail.com,2023-09-21,GB,free,2,6.6,3.67,3.0,0,4,764,0,0,0.0,0
user_04384,Luke Goodman,griffinjennifer@yahoo.com,2024-05-11,US,free,3,3.6,5.99,4.0,2,28,531,0,0,0.0,0
user_04385,Cynthia Gentry,aliciaespinoza@gmail.com,2023-11-10,IN,pro,6,13.1,0.61,1.3,4,15,714,0,0,0.0,0
user_04386,Michele Perez,johnharris@yahoo.com,2024-02-01,FR,free,4,1.6,6.95,1.0,4,11,631,0,0,0.0,0
user_04387,Nancy Brown,hawkinsleslie@gmail.com,2023-06-18,AU,pro,6,15.6,2.47,3.9000000000000004,2,17,859,0,0,0.0,0
user_04388,Tracy Bell,colleenedwards@gmail.com,2025-04-14,US,free,4,4.3,1.36,1.0,1,11,193,0,0,0.0,0
user_04389,Gary Mullins,greengabriel@gmail.com,2023-08-26,IN,free,3,11.3,0.86,4.0,1,42,790,0,0,0.0,0
user_04390,Christopher Valentine,robyn96@gmail.com,2024-08-07,IN,free,1,8.1,2.01,3.0,2,5,443,1,0,0.0,0
user_04391,Renee Williams,timothyvasquez@yahoo.com,2022-08-30,AU,free,3,9.1,2.83,1.0,4,1,1151,0,0,0.0,0
user_04392,Darryl Bennett,ldawson@gmail.com,2024-08-21,AU,free,3,5.6,3.34,2.0,0,31,429,0,0,0.0,0
user_04393,Melissa Jones,isaaccook@hotmail.com,2022-04-20,US,starter,1,9.4,1.5,3.0,3,7,1283,0,0,0.0,0
user_04394,Matthew Mcmillan,taylorshannon@gmail.com,2025-07-23,CA,free,3,8.5,1.32,3.0,0,30,93,1,0,0.0,0
user_04395,Cynthia Dawson,nancyjames@hotmail.com,2025-04-10,US,pro,5,4.2,10.98,1.3,1,1,197,0,0,0.0,0
user_04396,Jody Martin,marissa45@hotmail.com,2025-04-03,US,starter,0,4.1,2.89,2.0,2,8,204,0,1,0.0,0
user_04397,Ashley Morales,bestcarol@yahoo.com,2025-06-25,US,free,0,5.8,3.41,3.0,1,5,121,0,0,0.0,0
user_04398,Andrew Riggs,gonzalesjasmine@hotmail.com,2022-05-26,IN,free,2,5.0,4.44,3.0,2,10,1247,0,0,0.0,0
user_04399,Roger Martin,isanchez@yahoo.com,2024-08-25,IN,free,4,13.0,3.14,2.0,1,11,425,0,0,0.0,0
user_04400,Johnny Hill,brooke11@yahoo.com,2023-02-03,US,free,2,8.0,1.44,4.0,1,20,994,0,0,0.0,0
user_04401,Steven Pena,gwendolyn45@gmail.com,2024-10-21,CA,free,4,4.9,0.86,3.0,1,22,368,0,0,0.0,0
user_04402,Miguel Bryan,cameronlee@hotmail.com,2022-09-03,US,free,1,6.0,3.8,2.0,0,29,1147,1,0,0.0,0
user_04403,Richard Bullock,cheryl33@gmail.com,2024-02-21,GB,free,3,6.0,3.51,3.0,2,12,611,0,0,0.0,0
user_04404,Jessica Calderon,hannahfox@gmail.com,2024-12-21,US,free,3,6.8,3.27,2.0,1,22,307,0,0,0.0,0
user_04405,Steven Cook,mary88@yahoo.com,2023-09-04,US,pro,3,5.7,3.68,0.0,4,138,781,1,0,81.24,0
user_04406,Charles Miller,danielhayden@gmail.com,2024-04-26,IN,starter,1,4.7,2.36,2.0,0,7,546,0,0,0.0,0
user_04407,Bruce Wood,wesley96@yahoo.com,2022-04-21,US,pro,7,13.1,1.4,1.3,3,4,1282,0,0,0.0,0
user_04408,Todd Wilson,yhowe@gmail.com,2022-11-05,IN,free,3,8.7,0.35,3.0,1,55,1084,0,0,0.0,0
user_04409,John Clark,jimenezdouglas@gmail.com,2022-10-09,US,free,1,7.4,4.64,1.0,1,15,1111,0,0,0.0,0
user_04410,Tina Sparks,jeffrey74@hotmail.com,2023-02-15,IN,free,1,8.0,6.57,1.0,1,56,982,0,0,0.0,0
user_04411,Austin Jones,ycampbell@gmail.com,2023-12-03,US,free,4,7.8,3.6,2.0,1,16,691,0,0,0.0,0
user_04412,Daniel Burton,crystaljohnson@gmail.com,2024-04-18,CA,free,3,7.2,0.77,1.0,1,0,554,0,0,0.0,0
user_04413,Richard Gross,jamesedwards@gmail.com,2025-03-12,DE,starter,6,10.1,2.41,1.0,0,14,226,0,0,0.0,0
user_04414,Lisa Collins,gordoncrane@hotmail.com,2024-07-26,US,starter,5,9.8,1.19,0.0,3,28,455,0,0,0.0,0
user_04415,Perry Powell,feliciabrown@gmail.com,2022-10-21,IN,free,3,1.7,1.85,1.0,3,17,1099,0,0,0.0,0
user_04416,Zachary Thompson,michaeltran@gmail.com,2023-10-10,US,free,3,7.5,0.94,2.0,0,18,745,0,0,0.0,0
user_04417,Patty Good,olsonlinda@hotmail.com,2023-01-05,GB,free,2,2.0,2.63,1.0,2,191,1023,0,1,0.0,1
user_04418,Tina Dickerson,gdonovan@yahoo.com,2022-06-15,US,free,2,10.5,4.29,1.0,0,23,1227,0,0,0.0,0
user_04419,Benjamin Ritter,joewu@yahoo.com,2024-09-25,IN,free,1,11.1,3.23,1.0,2,35,394,0,0,0.0,0
user_04420,Sara Walsh,michael65@gmail.com,2023-11-13,IN,free,0,5.6,1.69,3.0,2,38,711,1,0,0.0,0
user_04421,Jeremy Thomas,pholmes@hotmail.com,2025-07-16,AU,free,6,7.5,2.81,1.0,1,0,100,1,0,0.0,0
user_04422,Justin Robinson,edwardchang@gmail.com,2022-12-29,IN,pro,4,1.6,0.77,1.3,2,24,1030,0,0,0.0,0
user_04423,Angelica Burke,robertfranco@yahoo.com,2023-10-04,GB,free,4,11.9,4.17,1.0,1,98,751,0,0,0.0,0
user_04424,Johnathan Lawrence,lisabaker@hotmail.com,2025-07-23,IN,starter,4,10.8,3.67,2.0,2,41,93,0,1,0.0,1
user_04425,Wayne Lara,leejerry@yahoo.com,2022-04-29,AU,free,1,12.6,3.18,3.0,1,12,1274,1,0,0.0,0
user_04426,Tammy Franco,lmiller@gmail.com,2022-01-10,DE,free,5,13.9,5.45,1.0,2,13,1383,0,0,0.0,0
user_04427,Ricardo Ramirez,mollyrobinson@gmail.com,2024-07-14,US,free,2,3.1,3.09,4.0,0,10,467,0,0,0.0,0
user_04428,Arthur Anderson,tgray@gmail.com,2023-07-15,FR,free,4,11.6,1.81,2.0,1,29,832,0,0,0.0,0
user_04429,Nancy Ruiz,velezwalter@yahoo.com,2023-03-05,IN,free,1,13.9,1.74,3.0,2,3,964,0,0,0.0,0
user_04430,Sarah Burnett,jenniferali@gmail.com,2022-12-12,DE,starter,3,2.0,1.88,2.0,2,10,1047,1,0,20.0,0
user_04431,Jessica Eaton,dustingibson@gmail.com,2025-03-26,DE,starter,8,7.3,3.18,1.0,1,20,212,0,0,0.0,0
user_04432,Vanessa Lawrence,davidjones@gmail.com,2022-11-21,US,free,4,6.5,1.12,3.0,0,22,1068,0,0,0.0,0
user_04433,Michael Adams,amandahendrix@hotmail.com,2024-09-29,CA,free,0,11.4,1.31,3.0,0,28,390,0,0,0.0,0
user_04434,Samantha Lang,jeffreywilson@yahoo.com,2022-06-30,US,pro,7,1.0,1.29,3.9000000000000004,2,47,1212,1,0,83.1,0
user_04435,Amy Johnston,vwilson@gmail.com,2022-09-23,US,free,6,15.3,1.08,1.0,1,5,1127,0,0,0.0,0
user_04436,Carmen Garcia,iclark@yahoo.com,2025-06-12,US,free,2,7.5,2.17,1.0,2,7,134,0,0,0.0,0
user_04437,Jessica Martin,raymondrogers@hotmail.com,2024-06-07,CA,free,4,11.7,7.19,2.0,1,61,504,1,0,0.0,0
user_04438,Brianna Price,annawright@hotmail.com,2025-07-21,US,starter,1,7.8,0.82,5.0,2,53,95,1,0,20.0,0
user_04439,Chris Clark,sullivanshannon@hotmail.com,2024-05-29,US,pro,4,12.0,7.82,1.3,3,51,513,0,0,0.0,0
user_04440,Rachel Moss,jchristian@yahoo.com,2024-04-06,CA,free,2,1.0,1.39,1.0,2,7,566,1,0,0.0,0
user_04441,David Bailey,dunnshelia@yahoo.com,2024-05-28,US,pro,5,8.5,7.28,1.3,2,1,514,0,0,0.0,0
user_04442,Tara Ellis,erin62@gmail.com,2024-09-04,US,starter,4,11.4,1.86,0.0,2,22,415,0,1,0.0,0
user_04443,Meghan Johnson,lshaw@yahoo.com,2024-02-25,US,free,3,9.2,2.99,1.0,2,61,607,0,0,0.0,0
user_04444,Abigail Martinez,hernandeztyler@hotmail.com,2022-01-10,US,free,1,1.5,3.06,2.0,0,8,1383,1,0,0.0,0
user_04445,Terry Lewis,zball@gmail.com,2022-03-19,IN,free,5,8.2,2.06,0.0,1,70,1315,0,0,0.0,0
user_04446,Tanya Young,cabrerarobert@hotmail.com,2024-12-29,US,pro,9,6.7,3.02,3.9000000000000004,0,4,299,1,0,83.7,0
user_04447,Benjamin Harrison,brennanwhitney@yahoo.com,2023-02-13,AU,free,3,4.4,6.39,2.0,0,10,984,1,0,0.0,0
user_04448,Jamie Pitts,frichardson@gmail.com,2024-02-04,CA,starter,3,1.9,2.58,2.0,0,10,628,0,0,0.0,0
user_04449,Mitchell Gonzales,laurie96@gmail.com,2022-01-29,US,free,3,10.5,1.85,2.0,1,4,1364,0,0,0.0,0
user_04450,Charles Ruiz,christopherlopez@gmail.com,2023-10-22,US,starter,5,12.5,9.11,1.0,3,61,733,0,0,0.0,0
user_04451,Melissa Wood,rodrigueznicholas@hotmail.com,2024-12-23,IN,free,2,16.5,9.62,3.0,1,15,305,1,0,0.0,0
user_04452,Kathleen Hernandez,rojasemily@yahoo.com,2023-01-26,GB,free,3,2.1,12.41,3.0,0,6,1002,0,0,0.0,0
user_04453,Robert Stephens,thompsonglenn@hotmail.com,2022-02-06,US,starter,4,11.1,0.65,0.0,3,4,1356,0,0,0.0,0
user_04454,Kristen Pena,kayla29@yahoo.com,2022-01-09,US,starter,3,11.3,0.21,4.0,1,16,1384,0,0,0.0,0
user_04455,Carrie Brown,malonesamuel@gmail.com,2025-07-07,FR,pro,6,7.7,4.47,2.6,3,0,109,1,0,98.26,0
user_04456,Joseph Ellis,smithwendy@hotmail.com,2023-05-25,US,free,3,4.3,6.65,3.0,0,3,883,0,0,0.0,0
user_04457,Mark Fernandez,john30@yahoo.com,2023-04-09,US,starter,0,3.7,2.41,1.0,1,0,929,1,1,20.0,0
user_04458,Isaac Moore,angel24@yahoo.com,2023-12-07,FR,free,0,5.9,5.94,2.0,2,0,687,0,1,0.0,0
user_04459,Christopher Mason,timothy13@yahoo.com,2023-10-02,CA,free,3,8.8,6.24,2.0,3,178,753,1,0,0.0,0
user_04460,Lisa Reed,brownjoseph@hotmail.com,2022-09-22,US,free,6,13.4,1.38,1.0,2,17,1128,0,0,0.0,0
user_04461,Chad Martinez,faith16@yahoo.com,2022-07-30,CA,free,6,12.4,2.1,2.0,1,39,1182,0,0,0.0,0
user_04462,Carrie Carpenter,galvanashley@yahoo.com,2024-02-25,US,free,2,1.5,0.42,1.0,2,40,607,0,0,0.0,0
user_04463,James Bennett,hancockjustin@yahoo.com,2024-10-27,CA,pro,8,6.8,1.32,3.9000000000000004,2,63,362,0,1,0.0,1
user_04464,Christopher Herrera,alisonconrad@gmail.com,2025-04-20,IN,free,2,13.2,1.11,1.0,2,3,187,0,0,0.0,0
user_04465,Andrea Skinner,petersonana@hotmail.com,2023-09-19,DE,starter,3,5.1,0.64,2.0,3,22,766,0,0,0.0,0
user_04466,Carrie Harvey,brianadams@yahoo.com,2022-12-09,AU,free,0,7.8,2.91,2.0,4,11,1050,0,0,0.0,0
user_04467,Jesse Smith,contrerasryan@hotmail.com,2022-05-14,AU,free,2,1.2,0.62,3.0,0,23,1259,0,0,0.0,0
user_04468,Ryan Chapman,briannacobb@hotmail.com,2022-04-04,AU,free,4,12.6,5.08,4.0,1,12,1299,0,0,0.0,0
user_04469,Adriana Harris,victoria71@gmail.com,2023-09-03,IN,pro,6,2.3,9.98,2.6,1,6,782,1,0,88.08,0
user_04470,Edward Collins,hammondruben@yahoo.com,2023-08-19,US,pro,9,3.4,8.98,1.3,2,33,797,0,0,0.0,0
user_04471,Jeffrey Floyd,andrewgibson@hotmail.com,2024-07-22,IN,pro,7,14.2,5.8,3.9000000000000004,2,1,459,1,0,90.04,0
user_04472,Eric Nelson,james35@hotmail.com,2024-12-01,CA,pro,7,17.7,0.1,1.3,1,67,327,0,0,0.0,0
user_04473,Calvin Morrison,wilsonmark@gmail.com,2025-05-06,FR,free,5,6.8,4.57,1.0,1,4,171,0,0,0.0,0
user_04474,Steven Gay,jenniferkramer@gmail.com,2024-12-09,US,free,5,7.8,4.9,2.0,2,28,319,0,0,0.0,0
user_04475,Erica Fisher,zcowan@hotmail.com,2023-11-23,AU,starter,0,11.6,1.07,3.0,2,42,701,0,0,0.0,0
user_04476,Angela Alexander,jonathanlove@gmail.com,2024-06-07,DE,free,4,9.2,4.09,1.0,0,2,504,1,0,0.0,0
user_04477,Sandra Wilson,kimberly44@gmail.com,2022-10-02,AU,free,2,6.5,3.22,2.0,3,70,1118,0,0,0.0,0
user_04478,Robert Coleman,hollywright@gmail.com,2023-12-03,FR,free,3,6.1,1.84,2.0,0,13,691,0,0,0.0,0
user_04479,Kelly Ochoa,englishshelley@gmail.com,2024-09-30,US,free,5,1.7,3.22,0.0,4,171,389,0,0,0.0,0
user_04480,Stephen Jones,john75@yahoo.com,2024-01-06,US,free,2,8.9,5.91,0.0,1,2,657,1,0,0.0,0
user_04481,Bradley Lopez,hfriedman@yahoo.com,2023-01-21,US,free,3,7.6,1.41,2.0,1,37,1007,1,0,0.0,0
user_04482,Jonathan Williamson,walkerdavid@yahoo.com,2022-12-04,US,free,2,6.2,1.39,3.0,1,5,1055,0,0,0.0,0
user_04483,Eric Howard,hcarter@gmail.com,2024-04-06,GB,free,6,4.0,3.17,4.0,2,15,566,0,0,0.0,0
user_04484,Meagan Turner MD,elaine33@hotmail.com,2022-02-09,DE,free,1,4.4,1.82,3.0,0,17,1353,0,0,0.0,0
user_04485,Marcus Alvarado,brianbarton@yahoo.com,2023-04-13,FR,free,2,10.5,0.89,2.0,1,15,925,0,0,0.0,0
user_04486,Daniel Johnson,pamela75@hotmail.com,2023-04-05,GB,starter,3,11.5,4.97,4.0,4,12,933,0,0,0.0,0
user_04487,Mary Howard,glenhobbs@hotmail.com,2022-09-26,US,free,4,6.7,3.29,2.0,3,43,1124,0,0,0.0,0
user_04488,Whitney Adams,nwilliams@gmail.com,2023-03-09,US,free,1,6.3,0.29,3.0,1,51,960,0,0,0.0,0
user_04489,Kyle Klein,brent39@yahoo.com,2022-02-14,US,starter,2,4.6,4.31,2.0,2,12,1348,0,0,0.0,0
user_04490,Catherine Carroll,joseph61@gmail.com,2025-04-22,US,free,2,11.7,4.0,2.0,1,19,185,0,0,0.0,0
user_04491,Chad Anderson,barnettmadison@hotmail.com,2024-10-30,IN,free,2,8.1,2.96,2.0,2,16,359,0,0,0.0,0
user_04492,Daniel Sanchez,thompsonchelsea@hotmail.com,2022-12-13,US,starter,3,9.5,2.02,3.0,1,27,1046,0,0,0.0,0
user_04493,Jennifer Allen,wilsondarlene@hotmail.com,2022-09-10,US,free,3,9.4,1.88,1.0,1,4,1140,0,0,0.0,0
user_04494,Nichole Morse,stephanie47@hotmail.com,2024-01-21,US,starter,0,6.8,3.88,2.0,2,49,642,0,0,0.0,0
user_04495,Crystal Lewis,ywatkins@hotmail.com,2025-08-25,GB,starter,5,3.3,0.7,2.0,1,47,60,0,0,0.0,0
user_04496,Gregory Boone,brittneywilliams@gmail.com,2022-03-18,IN,starter,4,4.0,3.41,1.0,2,26,1316,0,0,0.0,0
user_04497,Carrie Mathews,xfarmer@gmail.com,2024-02-08,IN,free,4,12.5,3.97,4.0,3,41,624,0,0,0.0,0
user_04498,Derrick Cordova,dicksonjohn@gmail.com,2025-08-04,IN,free,0,5.1,4.84,2.0,2,133,81,0,0,0.0,0
user_04499,Nicholas Carter,tylerbrown@gmail.com,2023-06-08,AU,free,3,6.4,1.36,4.0,1,76,869,0,0,0.0,0
user_04500,Alan Duncan,dustin56@yahoo.com,2024-12-31,US,free,4,3.5,1.61,2.0,1,28,297,0,0,0.0,0
user_04501,Matthew Cortez,dmiranda@gmail.com,2025-06-30,IN,free,2,3.1,3.8,1.0,2,21,116,0,0,0.0,0
user_04502,Denise Watson,lewislaura@hotmail.com,2022-04-10,CA,free,1,4.9,1.33,3.0,2,22,1293,0,0,0.0,0
user_04503,Robert Cook,pkoch@gmail.com,2025-05-01,GB,free,2,14.8,0.71,1.0,3,18,176,0,0,0.0,0
user_04504,Tammy Knapp,petersonkristen@gmail.com,2022-04-09,AU,free,4,10.6,2.15,4.0,2,19,1294,0,1,0.0,0
user_04505,Valerie Morgan,david63@hotmail.com,2025-09-17,US,free,3,5.9,7.85,2.0,1,39,37,1,0,0.0,0
user_04506,Douglas Cole,sheila32@hotmail.com,2022-08-10,IN,free,2,12.3,2.63,3.0,2,145,1171,1,0,0.0,0
user_04507,Sheila Smith,skelly@gmail.com,2025-08-31,US,starter,2,7.4,0.38,3.0,1,1,54,0,0,0.0,0
user_04508,Lauren Davila,lrojas@yahoo.com,2022-02-10,GB,free,3,13.4,2.91,3.0,3,7,1352,0,0,0.0,0
user_04509,Brandon Morton,melissaweber@gmail.com,2022-04-09,US,free,2,16.8,2.03,1.0,0,7,1294,0,0,0.0,0
user_04510,Kenneth Cook,joseph09@hotmail.com,2022-08-26,US,pro,6,14.1,1.44,3.9000000000000004,2,53,1155,0,0,0.0,0
user_04511,Adrian Gallagher,lindsay19@gmail.com,2024-05-03,IN,free,1,8.4,1.62,4.0,2,16,539,1,0,0.0,0
user_04512,Katie Jones,melissagraham@gmail.com,2024-06-28,IN,free,5,10.8,6.64,1.0,1,22,483,1,0,0.0,0
user_04513,Jacqueline Williams,andrewsjustin@gmail.com,2024-02-18,US,free,1,8.1,1.03,3.0,0,18,614,0,0,0.0,0
user_04514,Jacob Olson,owalker@yahoo.com,2022-09-11,CA,starter,3,1.0,7.19,1.0,3,57,1139,0,0,0.0,0
user_04515,Marissa Evans,brenda05@yahoo.com,2025-01-25,GB,free,3,5.4,2.49,1.0,0,20,272,0,0,0.0,0
user_04516,Laura Holmes,crystaltaylor@yahoo.com,2023-06-02,US,free,2,4.2,1.86,2.0,0,33,875,0,0,0.0,0
user_04517,Christopher Silva,sherridunn@yahoo.com,2024-08-29,IN,free,2,5.3,1.96,1.0,1,0,421,0,1,0.0,0
user_04518,Caroline Lara,anthonydodson@yahoo.com,2022-11-10,CA,pro,6,17.2,3.09,3.9000000000000004,4,31,1079,1,0,86.93,0
user_04519,Joshua Morris,parkerrebecca@hotmail.com,2023-02-25,IN,free,4,12.5,6.98,3.0,0,8,972,1,0,0.0,0
user_04520,Luis Lawson,kathleen76@hotmail.com,2025-07-14,US,free,3,9.8,0.27,3.0,2,60,102,0,0,0.0,0
user_04521,Jeremy Gomez,gonzalezjasmine@hotmail.com,2022-01-20,US,pro,3,13.2,2.77,2.6,1,41,1373,0,0,0.0,0
user_04522,David Mitchell,hillrandy@yahoo.com,2023-09-09,GB,free,2,1.0,2.04,3.0,2,3,776,1,0,0.0,0
user_04523,Brian Levine,allisonmiller@yahoo.com,2024-05-11,AU,pro,4,12.9,5.9,3.9000000000000004,4,3,531,1,0,97.8,0
user_04524,Mrs. Paula Gonzalez,nguyengregory@gmail.com,2025-09-17,CA,free,1,11.8,2.39,2.0,1,10,37,0,0,0.0,0
user_04525,Tiffany Rowe,kylemathews@gmail.com,2022-07-26,US,starter,3,1.0,2.57,3.0,4,4,1186,0,0,0.0,0
user_04526,Roger Scott,michele05@yahoo.com,2025-09-18,IN,free,2,11.1,7.44,1.0,3,40,36,0,0,0.0,0
user_04527,Sarah Greene,mcurry@hotmail.com,2024-12-01,FR,starter,2,2.3,2.62,5.0,2,129,327,1,0,20.0,0
user_04528,Jennifer Anderson,monique23@yahoo.com,2023-07-07,US,pro,6,2.1,2.62,3.9000000000000004,3,31,840,0,0,0.0,0
user_04529,Jessica Williams,ulewis@yahoo.com,2025-06-29,AU,free,2,13.3,2.55,1.0,3,8,117,0,0,0.0,0
user_04530,Sharon Friedman,joelharris@hotmail.com,2025-05-25,AU,free,3,4.0,2.69,2.0,2,24,152,1,0,0.0,0
user_04531,Adam Jackson,qboyd@hotmail.com,2022-10-08,US,free,3,5.1,0.7,9.0,1,49,1112,0,0,0.0,0
user_04532,Timothy Ortiz,maciaspaul@hotmail.com,2024-05-07,AU,free,2,12.0,5.28,3.0,2,98,535,1,1,0.0,1
user_04533,Todd Pennington,areed@yahoo.com,2022-08-03,US,free,4,6.8,3.36,2.0,1,0,1178,0,0,0.0,0
user_04534,Sharon Anderson,claytonlee@gmail.com,2024-11-13,FR,free,2,7.3,1.11,2.0,3,22,345,0,0,0.0,0
user_04535,Kristopher Rivera,braunvalerie@hotmail.com,2025-06-19,IN,free,3,7.2,3.27,3.0,1,18,127,1,0,0.0,0
user_04536,Erica Warren,ihernandez@hotmail.com,2022-08-30,IN,free,2,9.4,0.57,1.0,2,16,1151,0,0,0.0,0
user_04537,Ricky Bates,chasewilliams@hotmail.com,2023-08-02,GB,free,2,7.1,3.58,4.0,2,21,814,0,0,0.0,0
user_04538,Haley Saunders,vharris@yahoo.com,2022-08-22,DE,starter,2,8.5,4.12,3.0,2,15,1159,0,1,0.0,0
user_04539,Sarah Lee,kirwin@yahoo.com,2022-08-06,US,free,3,6.0,8.77,2.0,2,12,1175,0,0,0.0,0
user_04540,Heather Fitzgerald,dillonjoshua@gmail.com,2024-10-16,GB,free,3,9.4,1.11,0.0,3,3,373,0,0,0.0,0
user_04541,Anthony Cox,michellejohnson@yahoo.com,2023-02-11,US,free,3,9.3,2.6,1.0,0,20,986,1,0,0.0,0
user_04542,Mr. David Davis MD,fuentesnathan@gmail.com,2025-06-01,US,free,2,15.6,2.27,1.0,0,51,145,0,0,0.0,0
user_04543,Melissa Davis,jessicahuber@hotmail.com,2023-02-14,US,free,3,6.5,1.49,2.0,2,3,983,0,0,0.0,0
user_04544,Jason Spears,ejohnson@hotmail.com,2023-06-23,IN,free,1,7.3,1.16,2.0,2,40,854,0,0,0.0,0
user_04545,Kara Santos,wernerlisa@hotmail.com,2024-12-07,US,free,4,9.0,2.19,1.0,1,9,321,1,0,0.0,0
user_04546,Emily Hopkins,qatkinson@gmail.com,2023-02-18,US,starter,4,11.9,2.72,2.0,3,14,979,0,0,0.0,0
user_04547,Jeremy Barber,wsmith@yahoo.com,2024-01-04,US,free,2,3.6,1.64,4.0,3,132,659,1,1,0.0,1
user_04548,Christina Williams,danielle05@gmail.com,2024-04-19,US,starter,1,8.4,3.24,3.0,1,33,553,0,0,0.0,0
user_04549,Dana Fitzgerald,jessica71@yahoo.com,2023-08-28,IN,starter,3,1.0,2.44,1.0,3,38,788,0,0,0.0,0
user_04550,Rebecca Monroe,scott24@yahoo.com,2022-11-25,AU,starter,3,6.9,1.06,1.0,2,27,1064,0,1,0.0,0
user_04551,Fernando Ward,richard70@gmail.com,2022-03-22,US,pro,5,14.3,6.69,2.6,1,11,1312,1,0,81.98,0
user_04552,Jamie Johnson,aweber@gmail.com,2025-01-27,AU,free,4,5.1,4.22,2.0,4,33,270,0,0,0.0,0
user_04553,Carolyn Johnson,robert17@gmail.com,2024-10-13,CA,free,4,8.7,2.19,5.0,1,18,376,1,0,0.0,0
user_04554,Ryan Lloyd,brenda67@hotmail.com,2023-03-02,GB,pro,5,7.9,0.28,5.2,2,53,967,0,0,0.0,0
user_04555,Chris Baird,sally18@yahoo.com,2024-09-11,GB,free,4,4.6,0.56,0.0,1,25,408,1,0,0.0,0
user_04556,Kenneth Richards,daughertynancy@gmail.com,2023-11-09,DE,free,3,11.9,5.44,2.0,0,44,715,0,0,0.0,0
user_04557,Kevin Richardson,blawson@gmail.com,2023-04-26,US,starter,1,3.8,7.59,0.0,0,56,912,1,0,20.0,0
user_04558,Matthew Ramirez,alec76@hotmail.com,2022-01-06,IN,starter,4,9.2,5.07,4.0,1,51,1387,0,0,0.0,0
user_04559,Daniel Wilson,sandra81@hotmail.com,2022-01-27,CA,pro,3,11.2,1.95,1.3,3,15,1366,1,0,88.05,0
user_04560,Sara Perez,tjones@gmail.com,2022-07-02,GB,pro,8,6.6,6.42,2.6,2,13,1210,1,0,82.44,0
user_04561,Thomas Ayala,sdaniel@yahoo.com,2022-08-15,FR,starter,1,8.6,3.96,1.0,2,60,1166,0,0,0.0,0
user_04562,Justin Hunt,zwagner@hotmail.com,2025-03-21,US,free,4,4.3,4.01,3.0,3,4,217,0,0,0.0,0
user_04563,David Blair,michaelfreeman@hotmail.com,2024-10-08,CA,pro,5,12.1,3.51,2.6,1,9,381,1,0,83.64,0
user_04564,Kimberly Hammond,floresjames@yahoo.com,2022-11-02,IN,free,1,2.7,2.66,5.0,3,3,1087,1,0,0.0,0
user_04565,Ronald Chan,patrick80@hotmail.com,2022-07-04,US,free,5,6.6,0.61,0.0,1,1,1208,0,0,0.0,0
user_04566,Chad Graham,ryan02@yahoo.com,2024-11-13,US,pro,6,9.0,15.88,1.3,1,28,345,0,0,0.0,0
user_04567,Dustin Martin,nstevens@yahoo.com,2022-06-03,GB,free,2,12.5,0.56,4.0,2,69,1239,0,0,0.0,0
user_04568,Michelle Murray,brian16@hotmail.com,2022-07-27,FR,free,2,8.6,1.63,3.0,3,4,1185,0,0,0.0,0
user_04569,Tina Fowler,joseph23@gmail.com,2023-06-09,IN,free,7,11.8,9.48,0.0,1,47,868,0,1,0.0,1
user_04570,Zachary Gomez MD,rhonda27@yahoo.com,2025-08-12,DE,pro,7,12.2,2.93,1.3,3,14,73,0,0,0.0,0
user_04571,Robert Hill,phillipserica@hotmail.com,2023-04-19,IN,free,2,10.2,2.18,3.0,0,28,919,0,0,0.0,0
user_04572,Michael Walton,lisa62@yahoo.com,2024-07-24,US,starter,0,6.7,2.45,3.0,2,43,457,0,0,0.0,0
user_04573,Melinda Simpson,omurray@hotmail.com,2023-08-30,US,free,2,12.1,2.74,4.0,2,37,786,0,0,0.0,0
user_04574,Timothy Kim,llawrence@gmail.com,2023-06-25,US,starter,1,6.6,0.95,1.0,2,4,852,1,0,20.0,0
user_04575,Jerry Lynch,angela94@hotmail.com,2024-08-08,US,starter,2,1.1,3.85,1.0,4,3,442,0,0,0.0,0
user_04576,Curtis Smith,waltonnicholas@hotmail.com,2022-04-13,US,free,3,7.1,3.71,0.0,3,77,1290,0,0,0.0,0
user_04577,Tara York,dustin77@hotmail.com,2022-07-24,CA,free,3,9.8,2.25,4.0,1,2,1188,0,0,0.0,0
user_04578,Julie Mason,meyerpatricia@hotmail.com,2022-12-24,CA,free,3,1.6,3.47,0.0,1,7,1035,0,0,0.0,0
user_04579,David Rogers,edwardsstacy@yahoo.com,2022-03-22,US,pro,7,6.5,1.82,1.3,3,17,1312,0,0,0.0,0
user_04580,Catherine Henry,alexandralopez@yahoo.com,2023-08-19,US,starter,1,3.1,6.65,2.0,3,51,797,0,0,0.0,0
user_04581,Noah Leblanc,gilbertrobert@yahoo.com,2024-01-08,US,pro,7,13.1,19.01,2.6,2,27,655,0,0,0.0,0
user_04582,Nicholas Jennings,joseph76@yahoo.com,2023-10-03,IN,free,4,14.7,1.7,1.0,1,25,752,0,0,0.0,0
user_04583,Joseph Reynolds,joseph54@yahoo.com,2024-05-22,US,starter,2,7.2,2.58,1.0,3,35,520,0,0,0.0,0
user_04584,Monica Goodwin,marioskinner@gmail.com,2022-08-26,US,starter,4,10.1,0.94,0.0,2,48,1155,0,0,0.0,0
user_04585,Brandon Scott MD,gouldvicki@gmail.com,2022-07-14,AU,starter,6,10.0,4.03,1.0,2,7,1198,0,0,0.0,0
user_04586,Tyler Martin,ortegakathleen@gmail.com,2022-04-04,DE,pro,9,16.2,2.58,2.6,1,0,1299,0,0,0.0,0
user_04587,Susan Moore,smithkyle@yahoo.com,2022-01-20,US,free,2,5.4,1.73,0.0,1,4,1373,0,0,0.0,0
user_04588,Roberta Vargas,christinalucero@hotmail.com,2022-10-11,IN,free,2,7.1,3.89,3.0,1,5,1109,1,0,0.0,0
user_04589,Jennifer Singh,campbelllori@hotmail.com,2025-09-20,US,starter,0,6.6,2.94,1.0,2,1,34,0,1,0.0,0
user_04590,Daniel Shaw,david51@hotmail.com,2025-08-18,DE,starter,3,8.3,1.25,3.0,2,41,67,0,0,0.0,0
user_04591,Dr. Tricia Carter,revans@gmail.com,2022-12-16,IN,free,1,18.0,0.27,3.0,2,64,1043,0,0,0.0,0
user_04592,Melissa Stokes,hannah24@gmail.com,2023-11-05,US,free,5,8.1,1.81,4.0,1,37,719,0,0,0.0,0
user_04593,Mrs. Erica Koch,josephlara@yahoo.com,2024-01-03,CA,free,5,4.6,0.56,1.0,0,6,660,0,0,0.0,0
user_04594,Maria Copeland,rgreen@yahoo.com,2024-06-15,US,free,3,3.4,4.5,0.0,2,27,496,0,0,0.0,0
user_04595,Jay Jones,franktim@gmail.com,2025-06-27,US,free,2,13.0,2.13,0.0,1,22,119,0,0,0.0,0
user_04596,Andrea Peters,nicolehernandez@yahoo.com,2023-07-04,US,starter,3,4.6,1.62,2.0,2,51,843,0,1,0.0,1
user_04597,Ralph Todd,thomasvickie@hotmail.com,2022-07-10,IN,starter,4,10.7,1.27,2.0,4,85,1202,0,0,0.0,0
user_04598,Rose Trujillo,leerussell@hotmail.com,2024-02-03,US,free,2,5.3,3.0,0.0,1,40,629,0,0,0.0,0
user_04599,Lisa Lara,poncetimothy@gmail.com,2023-12-03,US,free,3,2.9,1.99,1.0,0,21,691,1,0,0.0,0
user_04600,Michael Barker,nealrobert@yahoo.com,2023-01-10,US,free,2,10.4,4.45,2.0,1,21,1018,0,0,0.0,0
user_04601,Alexis Phillips,markramos@gmail.com,2022-08-22,US,free,2,5.5,2.11,3.0,1,49,1159,0,0,0.0,0
user_04602,Monica Reyes,johnsonmarissa@gmail.com,2024-03-31,DE,starter,1,9.7,4.35,3.0,3,3,572,0,0,0.0,0
user_04603,Jane Little,regina58@gmail.com,2024-03-30,US,pro,4,12.0,2.45,1.3,1,4,573,0,0,0.0,0
user_04604,Kathryn Taylor,jared12@gmail.com,2024-07-23,US,free,5,10.2,2.94,2.0,1,12,458,0,0,0.0,0
user_04605,Christina Robertson,carol81@gmail.com,2023-07-11,CA,starter,2,6.9,0.77,1.0,0,41,836,0,0,0.0,0
user_04606,Wayne Martin,zhorn@yahoo.com,2024-02-29,DE,pro,8,12.7,3.39,0.0,3,2,603,1,0,89.42,0
user_04607,Stacy Leonard,hoffmanhunter@yahoo.com,2024-09-06,DE,starter,2,4.3,6.88,4.0,3,12,413,0,0,0.0,0
user_04608,Michael Singleton,yolanda85@hotmail.com,2024-05-13,IN,free,1,1.0,0.83,3.0,1,11,529,0,0,0.0,0
user_04609,Amy Levy,amber03@hotmail.com,2025-08-21,US,pro,8,12.8,5.44,2.6,2,19,64,0,0,0.0,0
user_04610,Breanna Diaz,smithkristy@yahoo.com,2022-12-08,CA,free,4,8.7,6.96,2.0,2,18,1051,0,0,0.0,0
user_04611,William Acosta,johnnyharris@gmail.com,2022-08-20,CA,free,3,5.6,1.39,1.0,1,37,1161,0,0,0.0,0
user_04612,Todd Williams,trujillozachary@yahoo.com,2022-09-29,US,free,1,2.1,1.88,2.0,2,29,1121,0,0,0.0,0
user_04613,Sarah Torres,lisa74@gmail.com,2022-05-01,AU,free,6,1.0,1.34,2.0,4,69,1272,0,1,0.0,1
user_04614,Gabrielle Garcia,christina92@yahoo.com,2022-11-23,US,free,2,8.2,4.28,2.0,2,5,1066,0,0,0.0,0
user_04615,Austin Garcia,cynthiarogers@gmail.com,2022-08-01,AU,free,3,14.6,4.52,3.0,0,16,1180,0,0,0.0,0
user_04616,Jimmy King,leesheila@hotmail.com,2024-05-02,FR,free,0,7.4,5.82,1.0,1,15,540,0,0,0.0,0
user_04617,Jill Watkins,andersonjennifer@gmail.com,2025-04-24,CA,starter,3,6.6,7.38,3.0,2,3,183,0,0,0.0,0
user_04618,Kimberly Bruce,summerslydia@hotmail.com,2024-09-15,AU,pro,7,9.9,1.07,5.2,0,5,404,0,0,0.0,0
user_04619,Alex Harris,marksjason@yahoo.com,2025-03-11,CA,free,4,16.7,4.45,0.0,2,12,227,0,0,0.0,0
user_04620,John Wilson,qschultz@gmail.com,2024-06-16,US,pro,7,13.0,9.15,6.5,2,39,495,1,0,107.91,0
user_04621,Debra Higgins,mendozamichael@gmail.com,2023-01-07,IN,pro,3,6.3,8.16,3.9000000000000004,3,4,1021,0,1,0.0,0
user_04622,Steven Chapman,nsmith@hotmail.com,2025-06-05,US,starter,4,8.1,1.19,1.0,2,9,141,1,0,20.0,0
user_04623,Cory Molina,thomas94@hotmail.com,2024-02-17,US,free,5,9.3,4.33,3.0,2,33,615,1,0,0.0,0
user_04624,Michael Scott,jshaw@yahoo.com,2024-01-05,CA,starter,3,3.8,4.36,3.0,1,27,658,1,0,20.0,0
user_04625,Angela Hart,amanda77@hotmail.com,2025-06-06,US,pro,5,13.0,2.83,1.3,0,3,140,0,0,0.0,0
user_04626,Chelsea Morris,ocrosby@hotmail.com,2022-03-01,US,starter,3,4.7,2.96,0.0,1,86,1333,0,1,0.0,1
user_04627,Heather Massey,jason35@yahoo.com,2022-09-25,GB,free,5,2.0,0.23,3.0,0,4,1125,0,0,0.0,0
user_04628,Mark Evans,danielharris@gmail.com,2024-09-16,FR,free,0,8.3,3.56,0.0,1,1,403,0,0,0.0,0
user_04629,Joanna Fletcher,romerocarl@hotmail.com,2024-09-26,US,starter,4,7.7,2.27,1.0,2,10,393,0,0,0.0,0
user_04630,Kyle Martinez,mlopez@hotmail.com,2022-08-20,US,free,1,8.0,2.65,2.0,2,0,1161,0,0,0.0,0
user_04631,Randall Ware,phillip30@hotmail.com,2024-04-22,US,free,6,4.9,2.37,4.0,0,0,550,1,0,0.0,0
user_04632,Jasmin King,jamie42@hotmail.com,2024-06-21,CA,free,3,5.5,2.19,1.0,1,25,490,0,0,0.0,0
user_04633,Victoria Castillo,krystalhill@gmail.com,2022-04-05,US,starter,4,12.5,0.82,2.0,3,67,1298,1,0,20.0,0
user_04634,Stacey Mitchell,david83@yahoo.com,2022-05-10,CA,pro,4,11.8,2.37,6.5,2,15,1263,0,0,0.0,0
user_04635,Sarah Tucker,powersbenjamin@yahoo.com,2023-06-20,US,free,4,4.2,3.51,3.0,0,10,857,0,0,0.0,0
user_04636,Shari Bridges,ksims@yahoo.com,2025-09-03,US,pro,9,2.2,8.5,1.3,3,73,51,0,0,0.0,0
user_04637,Jonathan Scott,dianachavez@yahoo.com,2023-10-06,AU,free,2,4.3,1.19,2.0,2,1,749,0,0,0.0,0
user_04638,Jesse Ellis,wlandry@gmail.com,2022-01-26,US,starter,6,8.6,3.13,0.0,1,19,1367,0,0,0.0,0
user_04639,Gregory Summers,contreraspatrick@gmail.com,2024-12-10,IN,starter,4,5.5,2.53,2.0,1,8,318,1,0,20.0,0
user_04640,Mark Price,crystalparker@yahoo.com,2025-03-26,US,starter,4,5.2,5.41,0.0,2,14,212,0,0,0.0,0
user_04641,Mercedes Cruz,uferrell@gmail.com,2025-03-03,IN,pro,6,7.6,3.41,2.6,2,15,235,0,0,0.0,0
user_04642,Susan Galvan,ytran@gmail.com,2023-04-04,IN,free,3,7.7,6.8,3.0,2,23,934,0,0,0.0,0
user_04643,Aaron Wolfe,zalexander@yahoo.com,2023-11-24,US,pro,5,13.1,3.12,1.3,1,18,700,1,0,86.68,0
user_04644,Bryan Lawson,hernandezdaniel@gmail.com,2024-11-29,US,free,3,8.0,2.0,5.0,2,132,329,0,1,0.0,1
user_04645,Mark Rice,ryanrobinson@gmail.com,2024-12-07,US,starter,3,8.2,1.32,1.0,2,0,321,1,0,20.0,0
user_04646,Mark Johnson,roconnell@gmail.com,2025-06-20,CA,starter,3,7.1,4.1,1.0,2,42,126,0,0,0.0,0
user_04647,Jim Miller,carrolldenise@yahoo.com,2022-07-15,DE,starter,2,6.0,6.34,0.0,0,1,1197,0,0,0.0,0
user_04648,Denise Anderson,portermichelle@yahoo.com,2024-06-05,IN,free,2,11.6,1.73,1.0,1,16,506,0,0,0.0,0
user_04649,Wesley Pena,xvasquez@hotmail.com,2025-09-17,GB,pro,8,13.0,3.06,6.5,1,6,37,0,0,0.0,0
user_04650,Mitchell Harris,jortiz@gmail.com,2023-05-25,US,free,1,16.2,1.3,3.0,5,87,883,0,0,0.0,0
user_04651,Jane Morgan,lopezashlee@yahoo.com,2024-09-13,US,free,2,10.4,0.61,0.0,1,38,406,0,0,0.0,0
user_04652,Jill Adams,kvelez@gmail.com,2023-12-10,US,starter,6,6.0,1.43,1.0,2,18,684,0,0,0.0,0
user_04653,Monica Marquez,xlong@hotmail.com,2025-09-21,US,free,4,4.4,1.94,2.0,1,91,33,0,0,0.0,0
user_04654,Laura Bailey,belinda14@gmail.com,2025-08-06,US,starter,1,11.8,5.24,3.0,4,38,79,0,0,0.0,0
user_04655,Douglas Bradley,tonyjohnson@yahoo.com,2024-02-28,IN,free,3,4.7,1.34,3.0,2,91,604,0,0,0.0,0
user_04656,Melissa Lawson,rodriguezchristina@yahoo.com,2022-11-01,GB,free,3,11.2,2.03,3.0,1,36,1088,0,0,0.0,0
user_04657,Michael Christensen,williamsjohn@hotmail.com,2025-02-17,AU,starter,2,5.0,2.77,4.0,4,2,249,0,0,0.0,0
user_04658,Brittany Jackson,douglassilva@yahoo.com,2025-06-09,US,free,1,9.4,0.98,5.0,3,28,137,0,0,0.0,0
user_04659,Joshua Lawrence,thompsonsamuel@yahoo.com,2022-04-22,GB,free,4,3.8,3.82,2.0,1,117,1281,0,0,0.0,0
user_04660,Dylan Murray,nicholas92@gmail.com,2022-01-24,DE,starter,5,11.1,1.98,1.0,2,7,1369,0,0,0.0,0
user_04661,Sierra Johnson,margaretdorsey@gmail.com,2025-08-10,GB,free,2,3.1,1.62,0.0,4,47,75,0,0,0.0,0
user_04662,Erika Mccoy,shepherdemily@yahoo.com,2022-11-18,US,starter,1,9.1,6.07,1.0,2,6,1071,1,0,20.0,0
user_04663,Herbert Miller,douglaswilliam@gmail.com,2024-11-01,US,free,4,7.2,6.55,2.0,1,18,357,0,0,0.0,0
user_04664,Richard Barker,michael24@yahoo.com,2024-08-19,US,starter,3,8.4,1.15,2.0,1,2,431,0,0,0.0,0
user_04665,William Mclaughlin,grimesannette@yahoo.com,2024-10-12,US,starter,5,6.4,4.34,0.0,2,12,377,1,0,20.0,0
user_04666,Brandon Jones,paulahaynes@yahoo.com,2022-12-05,CA,starter,2,6.3,7.99,0.0,2,44,1054,0,0,0.0,0
user_04667,Shawn Hall,stevenbarton@hotmail.com,2022-06-03,US,free,1,8.6,2.2,1.0,0,1,1239,0,0,0.0,0
user_04668,Kurt Mason,cynthiaball@yahoo.com,2024-10-03,US,starter,2,4.0,3.04,3.0,0,11,386,0,0,0.0,0
user_04669,Kim Garcia,hcollins@gmail.com,2023-10-19,CA,starter,1,4.0,2.54,1.0,0,29,736,0,0,0.0,0
user_04670,Suzanne Ross,jordankelly@yahoo.com,2023-05-09,DE,starter,7,6.6,4.42,3.0,1,89,899,0,0,0.0,0
user_04671,Jeremiah Wright,hannahfoster@gmail.com,2023-11-09,IN,free,2,6.4,1.4,1.0,0,8,715,0,0,0.0,0
user_04672,Gregory Moreno,anna34@gmail.com,2023-07-24,CA,pro,9,6.0,2.1,3.9000000000000004,3,5,823,1,0,82.32,0
user_04673,Rachel Patterson,garymorris@yahoo.com,2022-04-14,US,starter,3,11.7,1.49,2.0,1,6,1289,0,0,0.0,0
user_04674,Leonard Taylor,alecingram@gmail.com,2024-11-04,US,free,1,6.7,1.15,2.0,2,8,354,0,0,0.0,0
user_04675,Julie Owens,bryanallen@gmail.com,2023-04-02,US,free,4,7.1,1.14,3.0,0,30,936,1,0,0.0,0
user_04676,Jennifer Cole,beverlyolson@yahoo.com,2025-02-01,GB,pro,10,4.7,3.39,2.6,2,198,265,0,1,0.0,1
user_04677,Christina Ingram,stacey62@yahoo.com,2025-08-10,AU,free,0,16.3,1.83,1.0,1,22,75,0,1,0.0,0
user_04678,Seth Wolfe,dhatfield@gmail.com,2024-02-15,US,pro,8,19.7,4.88,3.9000000000000004,2,9,617,1,0,89.33,0
user_04679,Kurt Schmidt,ericwells@hotmail.com,2024-04-05,IN,starter,3,4.9,1.44,0.0,3,41,567,1,0,20.0,0
user_04680,Charles Gibson,nrios@gmail.com,2023-04-27,US,starter,5,12.9,3.17,0.0,1,5,911,0,0,0.0,0
user_04681,Andrew Howell MD,catherine85@hotmail.com,2022-06-11,IN,free,3,7.6,2.47,5.0,2,0,1231,1,0,0.0,0
user_04682,Laura Mccarty,melindacrawford@hotmail.com,2024-07-29,US,free,2,14.4,7.94,2.0,3,27,452,1,0,0.0,0
user_04683,Joshua Watson,bconley@yahoo.com,2024-06-28,US,pro,6,11.3,3.55,1.3,3,7,483,0,0,0.0,0
user_04684,Jeffrey Sanchez,nicolasparker@gmail.com,2025-03-19,DE,free,2,8.4,3.39,2.0,4,15,219,0,0,0.0,0
user_04685,Mrs. Linda Stewart PhD,apowers@hotmail.com,2024-07-06,GB,starter,5,1.0,1.02,5.0,0,7,475,0,0,0.0,0
user_04686,Kylie Brooks,joshua22@yahoo.com,2022-06-30,IN,free,3,4.5,1.19,1.0,3,75,1212,0,0,0.0,0
user_04687,Darius Nguyen,johnsonkatelyn@hotmail.com,2024-10-17,US,free,4,8.1,7.05,0.0,2,12,372,0,0,0.0,0
user_04688,Mandy Carr,tina06@hotmail.com,2024-07-04,US,free,2,8.8,3.78,6.0,0,17,477,0,0,0.0,0
user_04689,Deborah Hart,vrichard@hotmail.com,2023-10-10,US,free,1,3.1,3.39,3.0,1,8,745,1,0,0.0,0
user_04690,Rachael Robertson,silvapatricia@yahoo.com,2022-09-01,FR,pro,8,7.1,3.53,0.0,3,2,1149,1,0,91.96,0
user_04691,Matthew Larsen,hansonchristina@gmail.com,2024-10-15,AU,free,4,10.2,2.63,2.0,0,21,374,0,0,0.0,0
user_04692,Matthew Gibson,bettysoto@hotmail.com,2025-08-31,IN,free,5,2.5,2.22,4.0,2,60,54,0,0,0.0,0
user_04693,Hayden Johnson,brooksdaniel@yahoo.com,2022-02-06,US,free,5,8.5,3.75,1.0,0,13,1356,0,0,0.0,0
user_04694,Heather Schroeder,julie91@yahoo.com,2022-07-30,FR,free,3,13.0,2.52,1.0,2,45,1182,0,0,0.0,0
user_04695,Jennifer Cameron,xrollins@gmail.com,2024-04-06,IN,free,5,9.5,4.29,2.0,2,0,566,0,0,0.0,0
user_04696,Ellen Tran,paul84@hotmail.com,2024-04-24,GB,pro,5,11.3,1.87,1.3,0,8,548,0,0,0.0,0
user_04697,Victoria Smith,pam30@hotmail.com,2022-03-15,US,free,1,1.0,2.42,2.0,0,4,1319,0,0,0.0,0
user_04698,Nicole Greer,charlesgomez@hotmail.com,2025-02-15,CA,free,3,4.7,0.88,2.0,3,15,251,0,0,0.0,0
user_04699,Richard Davis,zwade@hotmail.com,2025-01-29,IN,free,6,16.2,5.15,1.0,0,67,268,0,0,0.0,0
user_04700,Sandra Ochoa,thoward@yahoo.com,2022-01-01,DE,pro,7,7.6,5.34,1.3,1,14,1392,0,1,0.0,0
user_04701,Mr. Robert Stuart,denniscarol@gmail.com,2022-07-06,DE,free,1,13.1,0.64,1.0,2,27,1206,0,0,0.0,0
user_04702,John Fleming,fpierce@gmail.com,2025-05-22,US,free,6,5.6,3.35,1.0,1,68,155,0,0,0.0,0
user_04703,Jennifer Murphy,chad43@yahoo.com,2025-06-21,CA,starter,3,6.9,2.23,1.0,1,13,125,0,0,0.0,0
user_04704,Jake Gonzalez,taylorcody@yahoo.com,2025-07-29,DE,free,2,10.1,5.25,2.0,2,13,87,0,0,0.0,0
user_04705,Carolyn Johnson,zachary38@hotmail.com,2023-09-16,US,free,0,8.4,4.87,3.0,1,2,769,0,0,0.0,0
user_04706,Emily Carter,howardelizabeth@hotmail.com,2024-11-07,US,free,4,9.5,6.19,3.0,0,12,351,0,0,0.0,0
user_04707,Jennifer Krause,benjaminjimenez@gmail.com,2025-02-25,US,starter,1,4.7,4.38,1.0,3,41,241,0,0,0.0,0
user_04708,Richard Stafford MD,denise35@yahoo.com,2023-02-28,IN,free,4,3.5,2.33,1.0,4,55,969,0,1,0.0,1
user_04709,Philip Jenkins,lance49@gmail.com,2025-09-02,US,starter,2,4.5,3.01,1.0,3,38,52,0,0,0.0,0
user_04710,Robin Lewis,villarrealchristopher@yahoo.com,2024-07-23,GB,starter,6,5.9,1.62,1.0,2,0,458,1,0,20.0,0
user_04711,Edward Sanders,codyrivera@gmail.com,2023-11-30,US,free,2,7.1,2.02,1.0,1,3,694,0,0,0.0,0
user_04712,John Roman,crystal67@gmail.com,2024-01-15,FR,free,2,12.1,3.96,5.0,3,39,648,0,0,0.0,0
user_04713,Jason Mitchell,jefferyjohnson@hotmail.com,2022-04-22,US,free,6,8.3,0.82,1.0,2,85,1281,1,0,0.0,0
user_04714,Brandon Goodman,kristenjackson@gmail.com,2023-04-02,US,starter,5,9.9,3.35,3.0,2,35,936,1,0,20.0,0
user_04715,Andrea Fischer,mwilliams@hotmail.com,2024-07-19,IN,free,1,8.6,3.73,0.0,3,7,462,0,0,0.0,0
user_04716,Vanessa Jones,martin85@hotmail.com,2023-11-11,IN,free,4,3.5,4.11,3.0,2,3,713,0,0,0.0,0
user_04717,Roger Delgado,carl62@hotmail.com,2025-02-21,US,free,1,8.1,1.53,3.0,4,62,245,0,0,0.0,0
user_04718,Erica Hughes,snyderjoshua@hotmail.com,2025-06-23,US,pro,7,10.5,10.3,3.9000000000000004,3,3,123,1,0,83.95,0
user_04719,Tracy Simon,matthewramsey@hotmail.com,2025-05-13,US,free,3,11.0,3.71,2.0,2,4,164,0,0,0.0,0
user_04720,Stephanie Lopez,brendafoster@yahoo.com,2024-08-26,CA,pro,6,5.7,7.48,3.9000000000000004,4,27,424,1,0,85.78,0
user_04721,Karen Dorsey,rachel95@gmail.com,2025-09-07,DE,free,3,1.0,0.82,2.0,1,6,47,0,0,0.0,0
user_04722,Amber Jordan,faulknerjoshua@hotmail.com,2024-01-15,IN,free,1,8.7,0.56,4.0,2,7,648,1,0,0.0,0
user_04723,Kimberly Blackburn,nmcdonald@yahoo.com,2024-07-15,CA,free,3,9.4,0.8,1.0,0,4,466,1,0,0.0,0
user_04724,Patrick Wilson,coxrobert@hotmail.com,2022-08-22,CA,free,2,7.3,2.66,1.0,3,86,1159,0,0,0.0,0
user_04725,Christopher Blackburn,walkerjuan@gmail.com,2022-07-19,US,free,3,8.1,4.21,1.0,1,4,1193,0,0,0.0,0
user_04726,Thomas Taylor,jameshall@hotmail.com,2025-09-11,AU,free,3,11.5,1.95,1.0,3,80,43,0,0,0.0,0
user_04727,Chase Ward,mitchellsergio@yahoo.com,2023-03-31,DE,pro,4,8.2,3.04,5.2,0,11,938,0,0,0.0,0
user_04728,Samantha Tyler,zmiller@yahoo.com,2022-01-05,US,starter,3,6.9,0.33,2.0,3,51,1388,1,0,20.0,0
user_04729,Cynthia Ramos,april79@yahoo.com,2023-12-01,US,starter,4,8.3,2.04,2.0,1,89,693,0,1,0.0,1
user_04730,George Hughes,sandrawalton@hotmail.com,2023-12-29,US,free,3,3.1,1.97,1.0,2,21,665,0,0,0.0,0
user_04731,Robert May,ymills@yahoo.com,2025-07-21,US,free,4,7.4,1.23,0.0,1,44,95,1,0,0.0,0
user_04732,James Rodgers,robbinsdillon@yahoo.com,2023-08-21,CA,free,4,7.7,1.67,3.0,3,9,795,0,0,0.0,0
user_04733,Mary Sullivan,kbright@yahoo.com,2025-01-26,IN,starter,2,14.5,6.18,4.0,3,14,271,1,0,20.0,0
user_04734,Megan Gomez,sarah46@yahoo.com,2024-12-05,DE,pro,5,8.8,4.26,3.9000000000000004,3,24,323,1,0,83.73,0
user_04735,Ryan Lindsey,williamallison@gmail.com,2024-02-05,CA,free,0,8.8,2.55,2.0,0,57,627,0,0,0.0,0
user_04736,Jonathan Klein,vmarshall@gmail.com,2022-08-06,GB,free,2,11.7,1.61,4.0,0,29,1175,0,0,0.0,0
user_04737,James Griffin,kristina30@hotmail.com,2022-04-04,CA,free,4,4.7,3.23,2.0,3,0,1299,0,0,0.0,0
user_04738,Dr. Jennifer Rodriguez DDS,butlerrobert@yahoo.com,2022-12-03,US,free,3,13.5,10.18,1.0,1,10,1056,0,0,0.0,0
user_04739,John Duran,michael54@gmail.com,2024-10-05,US,free,2,15.1,4.01,2.0,3,60,384,0,1,0.0,1
user_04740,Natasha Rogers,dmathews@hotmail.com,2022-10-15,GB,starter,6,7.9,1.93,2.0,1,8,1105,1,0,20.0,0
user_04741,Michael Olson,josephmclean@hotmail.com,2024-04-18,US,starter,1,5.8,2.16,1.0,1,13,554,0,0,0.0,0
user_04742,Lisa Johnson,walterssarah@yahoo.com,2022-08-08,US,free,2,14.5,4.7,1.0,3,14,1173,0,1,0.0,0
user_04743,Kristy Armstrong,jimmycarr@gmail.com,2023-06-05,FR,free,6,11.2,9.21,4.0,3,5,872,0,0,0.0,0
user_04744,Douglas Dougherty,vanessascott@yahoo.com,2025-06-05,CA,pro,4,10.3,1.12,0.0,0,12,141,1,0,86.51,0
user_04745,Jacqueline Turner,brownsarah@gmail.com,2023-02-06,US,free,2,13.7,2.37,3.0,1,51,991,0,0,0.0,0
user_04746,Seth Bridges,sean69@yahoo.com,2023-01-20,CA,free,5,13.3,2.15,5.0,3,56,1008,0,0,0.0,0
user_04747,Kathy Shaffer,heather65@gmail.com,2022-09-05,DE,free,3,6.7,4.68,3.0,0,26,1145,1,0,0.0,0
user_04748,Cynthia Davis,amber57@yahoo.com,2024-03-15,US,free,7,9.0,2.45,2.0,0,34,588,1,0,0.0,0
user_04749,Kristen Rogers,christinamccann@yahoo.com,2023-03-18,US,free,2,10.3,5.09,3.0,2,22,951,0,0,0.0,0
user_04750,Jennifer Maxwell,vdavis@hotmail.com,2024-07-25,AU,starter,2,8.1,0.57,3.0,0,1,456,0,0,0.0,0
user_04751,Shelia Hamilton,kelseyparker@hotmail.com,2023-01-26,US,free,1,2.4,3.54,2.0,1,35,1002,0,0,0.0,0
user_04752,Mia Bonilla,kathleenabbott@gmail.com,2023-11-24,US,free,0,4.2,4.68,5.0,1,170,700,0,0,0.0,0
user_04753,Aaron Lawrence,holly36@hotmail.com,2022-08-09,IN,starter,2,2.6,0.49,2.0,3,7,1172,0,0,0.0,0
user_04754,Thomas Morgan,dale14@gmail.com,2024-04-28,DE,free,2,10.0,3.48,2.0,4,120,544,0,0,0.0,0
user_04755,Kiara Hutchinson,austinmary@yahoo.com,2022-04-06,US,pro,7,5.3,1.38,2.6,2,183,1297,1,0,88.07,0
user_04756,Barbara Patel,ghawkins@gmail.com,2025-07-20,US,pro,4,10.8,3.25,1.3,2,4,96,0,0,0.0,0
user_04757,Lawrence Thomas,thomasryan@gmail.com,2025-04-20,US,free,6,15.3,2.02,4.0,2,78,187,0,0,0.0,0
user_04758,James Thomas,thomas20@yahoo.com,2022-09-10,AU,starter,3,13.7,0.96,0.0,1,33,1140,0,0,0.0,0
user_04759,Pamela Brown,josephwhite@yahoo.com,2024-07-11,US,free,6,1.0,2.68,5.0,3,18,470,0,0,0.0,0
user_04760,Shelly Duran,stephensrandy@hotmail.com,2024-07-25,GB,pro,8,4.9,3.01,2.6,0,12,456,1,0,83.67,0
user_04761,Rebecca Russell,ccook@gmail.com,2025-09-10,AU,free,1,4.9,1.64,3.0,0,29,44,0,0,0.0,0
user_04762,Jack Jackson,martinmike@yahoo.com,2025-04-21,US,pro,6,5.3,11.32,1.3,2,55,186,1,0,88.06,0
user_04763,Kimberly Lloyd,hartmanjacqueline@yahoo.com,2024-10-29,AU,starter,5,1.4,4.72,2.0,1,1,360,0,0,0.0,0
user_04764,Joshua Horton,romerotyler@gmail.com,2022-10-03,AU,free,1,8.0,3.25,3.0,1,23,1117,0,0,0.0,0
user_04765,Wesley Hanna,mike18@hotmail.com,2024-10-18,FR,free,4,10.8,1.9,3.0,1,31,371,1,0,0.0,0
user_04766,Kathy Lowery,heathermiller@hotmail.com,2022-01-09,US,pro,6,13.8,0.93,2.6,2,0,1384,1,0,91.83,0
user_04767,Adam Norris,santosmichael@gmail.com,2024-12-22,GB,pro,4,8.1,2.06,3.9000000000000004,3,65,306,1,0,82.76,0
user_04768,Patrick George,pbutler@gmail.com,2022-04-10,DE,free,2,6.9,1.44,2.0,2,90,1293,0,0,0.0,0
user_04769,Jill Howard,joshuahunt@gmail.com,2025-02-07,AU,starter,3,9.4,6.99,0.0,0,28,259,1,0,20.0,0
user_04770,Dwayne Galvan,melissa91@gmail.com,2024-06-05,US,free,2,7.6,0.55,1.0,0,3,506,1,0,0.0,0
user_04771,Rachel Savage,camachomelissa@hotmail.com,2025-04-13,DE,free,3,11.2,1.84,1.0,1,80,194,0,0,0.0,0
user_04772,Cheryl Reyes,edixon@gmail.com,2024-09-16,US,free,3,9.7,3.54,5.0,2,49,403,1,0,0.0,0
user_04773,Benjamin Martin,onelson@hotmail.com,2024-11-07,US,free,3,6.5,2.76,3.0,2,0,351,0,0,0.0,0
user_04774,Stephanie Owens,spatrick@gmail.com,2022-12-29,IN,starter,3,1.0,1.96,1.0,3,25,1030,0,0,0.0,0
user_04775,Aaron Spencer,ryan92@hotmail.com,2025-03-30,DE,free,2,14.0,1.22,3.0,0,3,208,0,0,0.0,0
user_04776,Robert Farmer,mmatthews@yahoo.com,2022-12-22,IN,starter,1,5.3,3.44,2.0,2,4,1037,0,0,0.0,0
user_04777,Levi Carlson,twalton@yahoo.com,2022-09-20,IN,free,1,9.4,2.11,3.0,2,6,1130,0,0,0.0,0
user_04778,Joseph Ramirez,jayala@yahoo.com,2022-08-01,AU,free,4,1.0,7.02,0.0,3,15,1180,1,0,0.0,0
user_04779,Allen Barrett,rlee@yahoo.com,2024-03-04,US,free,2,8.0,2.48,2.0,0,62,599,0,0,0.0,0
user_04780,Caitlin Reyes MD,toddzimmerman@hotmail.com,2025-09-08,GB,free,1,8.4,7.69,2.0,1,0,46,0,0,0.0,0
user_04781,Matthew Henry,mthompson@hotmail.com,2025-05-14,US,free,2,8.6,2.94,1.0,1,35,163,0,0,0.0,0
user_04782,Chris Gallegos,goodmansean@gmail.com,2025-05-26,US,free,4,20.1,1.74,3.0,1,100,151,0,0,0.0,0
user_04783,Diamond James,jayfreeman@yahoo.com,2023-10-22,CA,free,1,5.5,1.61,1.0,1,30,733,0,1,0.0,0
user_04784,Connie Holland,david31@hotmail.com,2024-10-29,AU,free,4,11.3,2.41,1.0,3,50,360,0,0,0.0,0
user_04785,Natalie Adams,bdonaldson@hotmail.com,2024-02-27,IN,free,3,10.1,1.27,3.0,4,69,605,0,0,0.0,0
user_04786,Michelle Kemp,carolynporter@gmail.com,2024-05-07,DE,free,3,5.3,1.14,1.0,0,37,535,0,0,0.0,0
user_04787,Jamie Johnston,cody60@gmail.com,2025-06-01,US,pro,5,13.2,6.86,1.3,3,32,145,1,0,84.16,0
user_04788,Allison Ellison,jamesstewart@gmail.com,2023-05-24,US,pro,4,9.3,4.99,2.6,1,0,884,0,0,0.0,0
user_04789,Jacob Rice,lorimiddleton@yahoo.com,2023-07-15,IN,free,3,11.5,1.1,0.0,3,21,832,0,0,0.0,0
user_04790,Derrick Webb,bartonglenn@yahoo.com,2024-03-25,US,free,0,15.8,3.85,4.0,0,19,578,0,0,0.0,0
user_04791,Kellie Cooley,mcmillanmichael@gmail.com,2023-12-04,US,free,2,8.6,2.04,4.0,5,22,690,1,0,0.0,0
user_04792,Robert Love,jerry34@yahoo.com,2023-08-26,IN,pro,7,8.9,5.03,1.3,2,16,790,1,0,94.55,0
user_04793,Danielle Austin,jchambers@gmail.com,2024-07-16,US,free,1,12.2,3.56,0.0,1,71,465,0,1,0.0,1
user_04794,Danielle Mccall,kathrynwatkins@gmail.com,2022-10-01,US,free,0,13.6,1.47,1.0,2,65,1119,0,0,0.0,0
user_04795,James Avila,jasontapia@yahoo.com,2022-10-10,IN,free,0,4.5,8.28,3.0,1,4,1110,0,0,0.0,0
user_04796,James Fitzgerald,portersamantha@gmail.com,2024-04-25,GB,free,4,6.2,1.51,1.0,1,22,547,0,0,0.0,0
user_04797,Eric Brown,cindy04@yahoo.com,2025-05-18,AU,free,1,10.7,3.53,1.0,2,96,159,0,0,0.0,0
user_04798,Dana Murphy,brandy47@gmail.com,2024-11-15,GB,starter,3,7.5,1.36,7.0,3,27,343,0,0,0.0,0
user_04799,Nicole Cohen,ereed@yahoo.com,2023-09-05,IN,free,4,4.2,2.13,6.0,3,48,780,0,0,0.0,0
user_04800,Sabrina Wu,esmith@hotmail.com,2025-01-26,AU,starter,1,10.2,2.25,2.0,2,14,271,0,0,0.0,0
user_04801,David Miles,gabriel89@gmail.com,2023-10-05,DE,free,3,10.7,4.53,3.0,2,14,750,0,0,0.0,0
user_04802,Mark Simpson,williamssusan@yahoo.com,2025-02-07,US,free,2,6.7,2.88,2.0,3,11,259,0,0,0.0,0
user_04803,Alejandra Sharp,ipatton@yahoo.com,2025-07-19,US,pro,6,10.2,6.04,2.6,3,0,97,1,0,86.32,0
user_04804,Sandra Figueroa,jennifer40@yahoo.com,2023-03-22,CA,free,2,5.7,2.72,3.0,0,77,947,1,0,0.0,0
user_04805,Kristina Campbell,taylorkristy@gmail.com,2023-02-16,GB,starter,2,3.6,5.39,1.0,1,12,981,0,0,0.0,0
user_04806,Tony Soto,michele62@gmail.com,2023-03-06,DE,free,2,6.0,3.61,2.0,0,13,963,0,1,0.0,0
user_04807,Dwayne Dickson,christopher00@yahoo.com,2025-07-02,CA,free,2,8.3,2.96,3.0,2,42,114,1,0,0.0,0
user_04808,Jonathan Hayes,mccannkeith@hotmail.com,2023-08-19,GB,pro,7,4.1,5.03,2.6,3,22,797,0,0,0.0,0
user_04809,Joshua Garcia,zstewart@gmail.com,2023-12-09,AU,free,3,6.3,0.71,3.0,2,13,685,1,0,0.0,0
user_04810,Mrs. Sabrina West,wli@gmail.com,2022-09-29,IN,pro,5,10.4,1.54,3.9000000000000004,3,64,1121,0,0,0.0,0
user_04811,Ryan Shaffer,uramirez@hotmail.com,2025-08-24,US,free,3,12.8,3.03,2.0,1,52,61,0,0,0.0,0
user_04812,James Weeks,frodriguez@gmail.com,2022-12-31,DE,pro,7,8.7,3.89,5.2,0,112,1028,0,0,0.0,0
user_04813,Kristen Miller,seanfox@yahoo.com,2024-10-28,US,free,4,3.0,5.01,7.0,0,30,361,0,0,0.0,0
user_04814,Lori Banks,samuelwashington@yahoo.com,2025-01-16,DE,free,3,7.2,0.17,2.0,2,35,281,1,0,0.0,0
user_04815,Christian Walker,cbanks@yahoo.com,2025-07-28,AU,starter,5,5.7,2.49,2.0,1,11,88,0,0,0.0,0
user_04816,Paul Dunn,agrant@gmail.com,2023-10-23,CA,pro,3,12.2,1.2,2.6,1,3,732,0,0,0.0,0
user_04817,Brandon Cook,nramirez@yahoo.com,2022-08-25,GB,pro,4,8.6,4.45,3.9000000000000004,1,3,1156,0,0,0.0,0
user_04818,Patrick George,kevin27@gmail.com,2023-12-23,IN,starter,2,1.0,3.2,2.0,0,31,671,0,0,0.0,0
user_04819,Sean Howard,angelacook@gmail.com,2025-02-25,US,pro,7,24.8,5.9,10.4,1,3,241,0,0,0.0,0
user_04820,Mrs. Theresa Blevins,robertward@yahoo.com,2024-09-10,US,free,3,8.6,1.09,3.0,4,71,409,0,0,0.0,0
user_04821,Nathan Sanchez,virginia03@gmail.com,2025-04-08,GB,free,4,8.4,0.63,1.0,0,36,199,0,0,0.0,0
user_04822,Marcus Davies,pereztami@yahoo.com,2025-03-14,DE,free,2,1.8,3.68,4.0,3,7,224,0,0,0.0,0
user_04823,Scott Grant,lancesharp@yahoo.com,2025-09-28,CA,free,0,2.1,1.43,1.0,5,9,26,0,0,0.0,0
user_04824,Michael Sherman,wilsonlisa@hotmail.com,2024-05-04,US,free,1,7.6,1.33,3.0,1,37,538,0,1,0.0,1
user_04825,Nancy Taylor,tonybrown@yahoo.com,2024-12-29,IN,free,4,9.3,2.5,0.0,3,52,299,0,0,0.0,0
user_04826,Henry Strong,thomasjones@yahoo.com,2023-08-09,DE,free,2,10.8,0.85,1.0,1,54,807,0,0,0.0,0
user_04827,Julie Cervantes,ptorres@yahoo.com,2024-05-15,IN,starter,3,8.9,3.6,1.0,5,27,527,0,0,0.0,0
user_04828,Ashley Flores,charles82@gmail.com,2022-01-27,IN,free,6,3.3,0.97,2.0,3,5,1366,0,0,0.0,0
user_04829,Cindy Walsh,ryanhanson@hotmail.com,2024-12-06,DE,free,3,1.0,1.22,4.0,3,51,322,0,0,0.0,0
user_04830,Karen Hicks,melissawilkins@gmail.com,2022-08-07,CA,free,2,7.6,1.79,1.0,0,47,1174,1,0,0.0,0
user_04831,Andre Roman,zbailey@gmail.com,2022-02-21,IN,starter,2,5.9,1.07,1.0,3,54,1341,0,0,0.0,0
user_04832,Christopher Lawrence,millerjeanne@hotmail.com,2024-02-20,FR,starter,2,2.9,4.39,3.0,4,5,612,0,0,0.0,0
user_04833,Meghan Rivera,dreid@hotmail.com,2022-10-25,US,starter,5,11.3,4.15,3.0,3,34,1095,0,0,0.0,0
user_04834,Jonathan Maynard,pruittjohn@hotmail.com,2022-04-19,AU,free,3,1.7,2.66,5.0,0,96,1284,1,0,0.0,0
user_04835,John Navarro,andersonjames@hotmail.com,2022-04-26,US,free,1,10.5,1.4,3.0,0,8,1277,0,0,0.0,0
user_04836,Whitney Cunningham,miguelbarnes@hotmail.com,2023-02-14,US,free,5,2.4,1.14,1.0,1,37,983,1,0,0.0,0
user_04837,Hannah Hawkins,sgibbs@gmail.com,2023-07-01,FR,free,3,8.5,2.97,2.0,2,8,846,0,0,0.0,0
user_04838,Andres Alvarez,hermanpatrick@hotmail.com,2022-11-26,US,free,3,11.7,1.15,3.0,0,11,1063,0,0,0.0,0
user_04839,Michael Russell,colemankatelyn@gmail.com,2023-08-10,CA,free,2,6.6,1.51,0.0,4,19,806,0,0,0.0,0
user_04840,Brendan Davis,ijohnson@yahoo.com,2023-05-29,DE,free,2,14.8,0.7,3.0,1,67,879,0,0,0.0,0
user_04841,Sarah Strickland,laura95@gmail.com,2022-10-27,FR,pro,7,17.7,3.74,3.9000000000000004,1,1,1093,1,0,102.55,0
user_04842,Alexander Warren,olsondeanna@hotmail.com,2022-05-08,AU,pro,6,10.9,1.74,0.0,2,137,1265,0,0,0.0,0
user_04843,Michael Armstrong,james92@yahoo.com,2023-08-28,US,free,6,10.2,2.15,2.0,2,44,788,0,0,0.0,0
user_04844,Michael Jimenez,sarah19@gmail.com,2023-02-22,CA,free,0,12.2,1.31,0.0,1,13,975,0,1,0.0,0
user_04845,Evan Farmer,edwardsjulian@hotmail.com,2025-01-13,US,free,3,10.2,4.25,3.0,1,13,284,0,0,0.0,0
user_04846,Nicole Lewis,ssalinas@gmail.com,2022-03-08,IN,free,4,9.7,3.05,3.0,1,19,1326,0,0,0.0,0
user_04847,Rachel Good,karenswanson@hotmail.com,2024-01-05,FR,pro,5,7.9,1.21,3.9000000000000004,2,62,658,0,0,0.0,0
user_04848,Brandon Lloyd,john79@yahoo.com,2024-07-15,US,free,2,1.3,4.51,4.0,2,0,466,1,0,0.0,0
user_04849,Thomas Hardy,jenniferbolton@yahoo.com,2022-07-29,GB,starter,2,2.4,1.88,3.0,1,23,1183,0,0,0.0,0
user_04850,Shawn Thompson,michael53@hotmail.com,2025-06-15,IN,free,2,17.5,4.63,1.0,1,1,131,1,0,0.0,0
user_04851,Wendy Friedman,hallbrandon@yahoo.com,2025-02-24,GB,pro,4,11.3,4.06,1.3,2,3,242,1,0,80.97,0
user_04852,Michael Silva,dwatson@hotmail.com,2023-04-05,AU,free,5,7.0,1.9,2.0,1,35,933,0,0,0.0,0
user_04853,Elizabeth Valdez,joseph38@yahoo.com,2025-08-18,US,starter,2,13.1,0.64,3.0,2,8,67,0,0,0.0,0
user_04854,John Benjamin,watsonmarcia@yahoo.com,2025-02-23,GB,free,2,5.0,0.79,3.0,2,1,243,0,1,0.0,0
user_04855,Darlene Taylor,mathisamanda@gmail.com,2024-03-07,FR,starter,1,10.3,5.35,2.0,1,5,596,0,0,0.0,0
user_04856,Richard Johnston,aramos@gmail.com,2023-05-02,IN,free,6,8.3,1.22,0.0,1,7,906,0,0,0.0,0
user_04857,Tyler Pruitt,john01@gmail.com,2024-11-12,US,free,2,9.8,4.4,0.0,1,44,346,0,0,0.0,0
user_04858,Miguel Brown,jordancheryl@yahoo.com,2023-08-13,GB,pro,5,8.7,7.08,2.6,2,29,803,0,0,0.0,0
user_04859,Erin Roberts,carolhamilton@hotmail.com,2025-09-22,US,pro,6,6.1,5.23,0.0,2,39,32,0,0,0.0,0
user_04860,Mario Buchanan,khancock@hotmail.com,2022-04-07,US,pro,8,6.7,1.04,7.800000000000001,1,13,1296,0,0,0.0,0
user_04861,Terri Grant,kristengrimes@gmail.com,2024-02-21,FR,starter,1,4.9,1.43,1.0,0,3,611,0,1,0.0,0
user_04862,Craig Nixon,vbarrett@gmail.com,2024-03-04,IN,starter,6,8.0,7.26,3.0,0,49,599,0,0,0.0,0
user_04863,Natalie Murray,jacksondeborah@hotmail.com,2024-05-03,AU,free,5,1.8,6.22,3.0,3,4,539,0,0,0.0,0
user_04864,Elizabeth Anderson,marypotter@hotmail.com,2023-10-03,DE,free,6,3.0,1.09,0.0,1,14,752,1,0,0.0,0
user_04865,Monica Crawford,urocha@hotmail.com,2025-02-04,CA,free,5,8.5,1.85,2.0,2,9,262,1,0,0.0,0
user_04866,Kimberly Moore,egutierrez@hotmail.com,2022-04-21,US,starter,3,7.5,4.31,4.0,4,10,1282,0,0,0.0,0
user_04867,Jeanne Hancock,christopher09@yahoo.com,2022-01-27,IN,free,3,8.8,0.51,3.0,0,27,1366,1,0,0.0,0
user_04868,Susan Chase,smithwayne@gmail.com,2023-05-30,US,free,2,7.8,4.18,5.0,1,5,878,0,0,0.0,0
user_04869,Dr. Kyle Brown,georgechristopher@yahoo.com,2023-02-20,AU,free,3,18.1,2.7,3.0,1,17,977,1,0,0.0,0
user_04870,Julie Solis,perry98@hotmail.com,2025-06-24,US,starter,6,8.5,12.38,2.0,3,30,122,1,0,20.0,0
user_04871,Patrick Brown,rhenderson@hotmail.com,2024-06-26,US,free,5,6.5,4.87,1.0,5,60,485,0,0,0.0,0
user_04872,William Griffith,adamparsons@gmail.com,2023-04-07,IN,free,2,8.4,0.46,1.0,2,13,931,0,1,0.0,0
user_04873,Nathan Russo,jpeterson@yahoo.com,2025-07-21,US,free,1,12.1,3.84,3.0,2,11,95,0,0,0.0,0
user_04874,Debra Conner,daltonbooth@hotmail.com,2025-08-19,US,free,7,7.8,5.69,1.0,3,13,66,0,0,0.0,0
user_04875,Zachary Jenkins,laurie15@yahoo.com,2024-01-24,GB,free,4,10.7,3.24,2.0,3,20,639,0,0,0.0,0
user_04876,Joseph Ross,kristyroberts@yahoo.com,2025-04-20,US,starter,2,9.6,3.11,0.0,3,11,187,1,0,20.0,0
user_04877,Leonard Curry,michele70@yahoo.com,2025-01-24,US,starter,3,6.8,3.09,2.0,0,8,273,1,0,20.0,0
user_04878,Donald Harris,millerchristopher@hotmail.com,2025-05-20,US,starter,5,8.4,4.77,1.0,2,14,157,1,0,20.0,0
user_04879,Curtis Williams,gilbertronald@yahoo.com,2023-02-07,CA,free,2,14.4,2.97,1.0,2,45,990,1,0,0.0,0
user_04880,Ryan Baker,owebb@yahoo.com,2023-02-01,GB,starter,2,9.0,2.42,0.0,1,8,996,1,0,20.0,0
user_04881,Marilyn Fisher,marklandry@gmail.com,2023-08-26,IN,free,3,4.1,3.16,3.0,2,55,790,0,0,0.0,0
user_04882,Laurie Little,wellsjoseph@gmail.com,2024-07-08,GB,free,5,6.7,0.64,2.0,0,10,473,0,0,0.0,0
user_04883,David Gould,klinedebra@hotmail.com,2022-12-30,US,starter,3,1.0,2.46,7.0,2,27,1029,0,0,0.0,0
user_04884,Jamie Campbell,bryan23@gmail.com,2022-06-02,AU,free,3,8.5,1.69,1.0,3,106,1240,0,0,0.0,0
user_04885,Paul Gonzales,kristanorris@hotmail.com,2023-01-18,US,free,2,13.2,4.88,2.0,1,90,1010,0,0,0.0,0
user_04886,Frances Ross,smithchristina@yahoo.com,2022-12-22,CA,pro,7,4.6,1.76,3.9000000000000004,3,17,1037,1,0,84.08,0
user_04887,Richard Robinson,sanchezemily@hotmail.com,2024-11-18,FR,free,7,8.6,2.4,1.0,1,2,340,0,0,0.0,0
user_04888,Gary Bowen,anthonyjackson@gmail.com,2022-09-02,DE,starter,1,11.9,1.3,0.0,2,69,1148,0,0,0.0,0
user_04889,Luke Williamson,nathaniel25@hotmail.com,2024-02-12,US,free,3,12.4,3.08,4.0,1,4,620,0,0,0.0,0
user_04890,Kenneth Moore,nicole16@gmail.com,2022-03-25,US,starter,3,13.1,6.94,5.0,2,77,1309,0,0,0.0,0
user_04891,Casey Anderson,crawforddenise@gmail.com,2024-05-27,CA,free,3,1.0,3.87,4.0,3,39,515,0,0,0.0,0
user_04892,Laura Perkins,meltonangela@hotmail.com,2023-07-26,US,free,2,10.0,3.91,2.0,0,81,821,0,1,0.0,1
user_04893,Jennifer Clark,rachelhebert@gmail.com,2025-02-13,DE,starter,1,2.0,0.93,4.0,2,32,253,0,0,0.0,0
user_04894,Melissa Martinez,andrearobinson@hotmail.com,2023-06-26,CA,free,4,4.0,3.04,0.0,0,159,851,0,0,0.0,0
user_04895,Brandon Baker,ashleymorris@gmail.com,2022-09-24,CA,free,4,11.3,1.55,2.0,2,18,1126,0,0,0.0,0
user_04896,Brian Ferguson,xpeterson@hotmail.com,2022-11-26,US,free,6,8.6,2.11,1.0,4,11,1063,1,0,0.0,0
user_04897,Edward Gaines,vazquezlisa@gmail.com,2025-04-11,CA,free,3,10.9,1.83,2.0,0,14,196,1,0,0.0,0
user_04898,Linda Anderson,awu@yahoo.com,2023-06-07,CA,free,3,4.3,1.2,2.0,1,12,870,1,0,0.0,0
user_04899,Patrick Kerr,adrianalexander@gmail.com,2022-01-12,FR,free,3,13.9,2.79,0.0,2,15,1381,1,0,0.0,0
user_04900,Catherine Hobbs,veronicahenson@hotmail.com,2023-11-08,US,pro,6,12.8,4.63,1.3,1,64,716,0,0,0.0,0
user_04901,Christie Joseph,samantha49@yahoo.com,2024-08-13,US,free,6,11.6,4.43,3.0,1,26,437,1,0,0.0,0
user_04902,Martin Manning,barnesjoshua@hotmail.com,2022-11-14,US,free,5,3.7,5.13,2.0,0,38,1075,0,0,0.0,0
user_04903,Cathy Keller,summer56@hotmail.com,2022-03-23,US,free,5,12.7,3.66,2.0,1,10,1311,0,0,0.0,0
user_04904,Roy Santiago,samanthagonzalez@gmail.com,2022-11-11,GB,free,3,6.7,0.92,3.0,2,137,1078,0,0,0.0,0
user_04905,Sara Miller,twright@yahoo.com,2023-10-23,AU,pro,7,7.6,2.34,3.9000000000000004,3,9,732,0,0,0.0,0
user_04906,Michael Ortega,allisonperez@gmail.com,2025-05-07,US,free,2,10.5,2.52,3.0,2,5,170,0,1,0.0,0
user_04907,Sean Stevenson,josephkim@gmail.com,2022-04-15,FR,pro,4,12.3,7.43,1.3,3,45,1288,1,0,87.56,0
user_04908,Richard Cortez,todd64@hotmail.com,2025-07-04,US,free,1,4.6,3.22,5.0,2,54,112,0,0,0.0,0
user_04909,Jose Gibson,samuel02@gmail.com,2025-06-14,US,starter,3,16.2,4.6,3.0,3,15,132,0,0,0.0,0
user_04910,Jennifer Moss,loriwilliams@gmail.com,2025-09-17,US,free,0,15.3,5.81,2.0,4,23,37,1,0,0.0,0
user_04911,Cheryl Andrews,lisa70@hotmail.com,2023-09-09,US,pro,7,12.4,8.21,0.0,0,16,776,0,0,0.0,0
user_04912,Angela Ross,jordanwilliams@hotmail.com,2024-10-01,AU,free,2,9.7,1.29,1.0,1,10,388,0,0,0.0,0
user_04913,Laura Obrien,xprice@gmail.com,2025-03-18,US,free,6,9.3,1.03,3.0,0,50,220,0,0,0.0,0
user_04914,Daniel Sanchez,hortonchristopher@hotmail.com,2025-01-31,GB,free,4,1.8,3.59,1.0,1,42,266,1,0,0.0,0
user_04915,Sydney Schneider,stravis@hotmail.com,2024-01-04,IN,free,2,8.5,4.75,1.0,1,19,659,0,0,0.0,0
user_04916,Leslie Melendez,jesuspalmer@hotmail.com,2022-05-30,AU,pro,8,10.4,1.07,2.6,2,18,1243,0,0,0.0,0
user_04917,Richard Lopez,melissa07@yahoo.com,2023-10-13,US,free,1,5.7,2.22,2.0,1,5,742,0,0,0.0,0
user_04918,Rachel Bates,dawsonzachary@yahoo.com,2024-12-12,US,free,7,6.8,4.65,0.0,1,30,316,1,0,0.0,0
user_04919,Cathy Steele,djordan@gmail.com,2023-03-27,US,starter,2,1.0,1.15,2.0,0,77,942,0,0,0.0,0
user_04920,Kevin Dominguez,fshelton@hotmail.com,2023-01-12,IN,free,1,3.6,2.82,3.0,0,38,1016,0,0,0.0,0
user_04921,John Simmons,kramervincent@gmail.com,2024-12-02,US,pro,8,13.7,4.95,3.9000000000000004,1,21,326,0,1,0.0,0
user_04922,Matthew Brown,youngnathan@hotmail.com,2022-05-20,FR,starter,3,14.9,0.59,2.0,2,1,1253,1,0,20.0,0
user_04923,Ryan Harris,enelson@gmail.com,2024-10-31,GB,free,1,4.2,4.1,2.0,1,79,358,0,0,0.0,0
user_04924,Tyler Roberts,churchlisa@hotmail.com,2022-11-23,GB,pro,9,10.7,6.84,0.0,1,11,1066,0,0,0.0,0
user_04925,Richard Johnson,dylancaldwell@yahoo.com,2024-05-01,IN,free,5,12.4,2.68,2.0,3,10,541,0,0,0.0,0
user_04926,Heather Frederick,kylemontgomery@gmail.com,2025-01-17,US,free,4,5.9,0.54,1.0,2,19,280,0,0,0.0,0
user_04927,Jamie Hale,simmonszachary@hotmail.com,2025-01-04,IN,free,4,10.7,1.67,3.0,1,16,293,0,0,0.0,0
user_04928,Lisa Harrison,kristiwilkins@gmail.com,2024-04-06,AU,free,3,7.9,4.91,5.0,2,98,566,0,1,0.0,1
user_04929,Kelly Hogan,barbersarah@gmail.com,2022-07-08,FR,starter,4,12.8,1.32,0.0,5,5,1204,0,0,0.0,0
user_04930,Amanda Buchanan,reginaperkins@gmail.com,2023-12-17,FR,pro,5,4.9,8.28,2.6,1,35,677,0,0,0.0,0
user_04931,Seth Glover,bakerstephanie@gmail.com,2023-03-30,DE,free,3,3.6,2.31,0.0,1,3,939,1,0,0.0,0
user_04932,Yolanda Lawrence,aschroeder@hotmail.com,2023-03-13,US,free,0,9.1,4.17,1.0,5,9,956,0,0,0.0,0
user_04933,Pamela Mcdaniel,zhowell@gmail.com,2025-09-20,US,pro,6,10.4,1.6,1.3,1,38,34,0,0,0.0,0
user_04934,William Neal,ramirezkimberly@hotmail.com,2023-11-11,US,free,3,7.8,6.94,3.0,0,48,713,1,0,0.0,0
user_04935,Michael Martinez,piercesteven@hotmail.com,2023-11-10,US,free,2,10.3,1.53,0.0,1,18,714,0,0,0.0,0
user_04936,Donald Joseph,katherine51@hotmail.com,2024-01-09,US,free,3,4.3,2.13,4.0,1,46,654,1,0,0.0,0
user_04937,Robert Vasquez,kevinflores@hotmail.com,2023-08-25,IN,pro,6,4.5,3.02,3.9000000000000004,0,82,791,1,0,83.13,0
user_04938,Jason Williams,brittany16@hotmail.com,2023-03-24,CA,free,1,6.0,0.24,2.0,1,82,945,0,0,0.0,0
user_04939,Joshua Mason,washingtoncharles@hotmail.com,2025-06-20,FR,starter,1,6.4,2.23,2.0,2,12,126,0,0,0.0,0
user_04940,Aimee Griffin,jeremygutierrez@hotmail.com,2024-12-22,CA,starter,1,6.9,1.26,3.0,3,11,306,0,0,0.0,0
user_04941,Terry Contreras,kharper@gmail.com,2024-08-30,AU,free,2,13.1,2.72,4.0,2,38,420,0,0,0.0,0
user_04942,Joseph Hernandez,nlopez@yahoo.com,2025-02-23,US,free,2,11.1,3.17,3.0,3,31,243,1,0,0.0,0
user_04943,Mason Russell,masoncrystal@yahoo.com,2025-08-22,US,starter,1,10.1,1.33,0.0,1,14,63,0,0,0.0,0
user_04944,Martin Gillespie,matthewharris@yahoo.com,2022-01-19,CA,free,3,8.9,1.37,2.0,1,7,1374,0,0,0.0,0
user_04945,Jennifer Lang,cherylmathis@gmail.com,2022-08-23,US,starter,3,6.3,1.5,2.0,2,28,1158,0,0,0.0,0
user_04946,Diana Kelly,jessicachapman@hotmail.com,2025-10-01,US,pro,3,6.6,4.23,3.9000000000000004,0,16,23,1,0,81.66,0
user_04947,Donald Arroyo,donnagaines@yahoo.com,2023-12-10,US,starter,2,3.2,1.94,5.0,1,4,684,0,0,0.0,0
user_04948,Erin Butler,wtate@yahoo.com,2024-07-01,US,starter,2,5.2,1.37,3.0,1,30,480,0,0,0.0,0
user_04949,Eddie Cook,david77@yahoo.com,2023-05-08,IN,starter,6,7.8,1.86,1.0,0,35,900,0,0,0.0,0
user_04950,Ashley Holland,carolyn65@hotmail.com,2025-08-08,IN,starter,4,3.4,4.85,0.0,2,13,77,0,0,0.0,0
user_04951,Desiree Jones,mackenzie59@yahoo.com,2025-06-10,IN,free,2,8.7,2.69,0.0,3,53,136,0,0,0.0,0
user_04952,Brittany Miranda,pricerussell@yahoo.com,2025-06-26,CA,free,5,7.2,1.72,2.0,0,2,120,0,0,0.0,0
user_04953,Jason Andrews,kimberly13@gmail.com,2023-05-15,US,free,2,6.4,5.66,2.0,2,20,893,1,0,0.0,0
user_04954,Daniel Ray,jbriggs@gmail.com,2022-03-23,US,starter,5,12.6,3.47,0.0,4,93,1311,0,0,0.0,0
user_04955,Natalie Duncan,debbie64@hotmail.com,2023-10-20,US,free,3,1.0,0.6,2.0,0,6,735,0,0,0.0,0
user_04956,Colin Fernandez,zbell@yahoo.com,2024-02-21,US,starter,2,6.5,4.08,1.0,4,5,611,1,0,20.0,0
user_04957,Marcus Phillips,john00@hotmail.com,2022-08-21,CA,free,2,1.0,7.32,2.0,2,14,1160,1,0,0.0,0
user_04958,Richard Molina,leerenee@hotmail.com,2024-03-01,DE,starter,4,9.0,4.25,1.0,1,9,602,0,0,0.0,0
user_04959,Caleb King,monique98@gmail.com,2023-06-10,CA,free,3,11.0,1.59,0.0,3,7,867,0,0,0.0,0
user_04960,Jamie Mcclure,alison86@gmail.com,2025-01-11,US,starter,4,2.6,2.31,2.0,3,89,286,0,0,0.0,0
user_04961,Grace Carter,yvega@hotmail.com,2023-08-03,GB,free,7,3.1,0.55,1.0,0,12,813,0,0,0.0,0
user_04962,Nicole Sawyer,brent62@gmail.com,2022-02-20,GB,free,4,1.2,3.91,1.0,3,1,1342,0,0,0.0,0
user_04963,Wendy Rivera,sgibson@gmail.com,2024-11-24,IN,free,5,8.3,2.13,2.0,1,69,334,0,0,0.0,0
user_04964,Betty Bass,elizabethnewton@hotmail.com,2024-02-07,IN,starter,1,6.6,1.48,4.0,3,17,625,0,0,0.0,0
user_04965,Melissa Livingston,jennifer37@gmail.com,2024-11-19,IN,free,2,6.9,2.19,1.0,2,39,339,0,0,0.0,0
user_04966,Dennis Chavez,jamesscott@yahoo.com,2024-11-07,GB,free,4,6.5,0.62,3.0,1,13,351,0,0,0.0,0
user_04967,Virginia Burch,tabitha35@gmail.com,2024-07-01,CA,pro,3,6.1,1.03,1.3,2,82,480,0,0,0.0,0
user_04968,Bryan Matthews,anthonyward@gmail.com,2024-09-23,US,starter,3,12.5,0.91,0.0,2,10,396,0,0,0.0,0
user_04969,Zachary Mayo,hernandezbrittany@hotmail.com,2022-03-31,CA,pro,4,11.1,0.39,1.3,3,32,1303,0,0,0.0,0
user_04970,Michelle Smith,hmolina@yahoo.com,2023-08-31,US,free,2,3.3,1.63,0.0,3,52,785,0,0,0.0,0
user_04971,Erin Jones,andrewwatts@gmail.com,2025-08-27,US,free,2,5.2,1.13,1.0,2,8,58,0,0,0.0,0
user_04972,Austin Deleon,heatherpope@gmail.com,2023-01-30,AU,pro,6,6.5,7.49,2.6,5,48,998,0,0,0.0,0
user_04973,Carrie Cox PhD,richardmccoy@hotmail.com,2023-10-19,AU,free,3,13.6,1.04,3.0,2,47,736,0,0,0.0,0
user_04974,James Baldwin,ismith@gmail.com,2024-11-18,US,starter,3,10.8,3.65,1.0,4,99,340,1,0,20.0,0
user_04975,Tracy Johnson,lmoreno@yahoo.com,2022-06-18,IN,free,3,7.5,1.3,3.0,1,76,1224,1,0,0.0,0
user_04976,Christopher Miller,hoodwilliam@hotmail.com,2022-07-16,US,free,2,14.8,2.77,1.0,1,14,1196,0,0,0.0,0
user_04977,Nancy Gibson,donaldking@hotmail.com,2022-12-09,IN,free,3,13.8,5.83,4.0,1,26,1050,1,0,0.0,0
user_04978,Susan Mcbride,chase60@hotmail.com,2025-01-06,FR,free,1,7.1,0.92,6.0,1,77,291,0,1,0.0,1
user_04979,Sheila Osborne,campbellandrew@hotmail.com,2024-12-28,AU,free,3,6.4,6.41,3.0,4,0,300,0,0,0.0,0
user_04980,Melissa Williams,roymatthews@yahoo.com,2022-01-16,GB,free,3,6.6,4.08,3.0,0,29,1377,0,0,0.0,0
user_04981,Cassandra Jensen,michael21@hotmail.com,2025-07-07,US,pro,8,6.2,4.77,1.3,2,7,109,0,0,0.0,0
user_04982,Walter Potter,barbarafranklin@hotmail.com,2022-05-15,GB,free,6,14.9,2.69,3.0,0,40,1258,0,0,0.0,0
user_04983,Donna Nunez,brian31@yahoo.com,2023-03-08,US,starter,1,4.0,2.34,2.0,3,47,961,1,0,20.0,0
user_04984,Amanda Allen,adammay@hotmail.com,2025-07-13,AU,starter,2,11.5,4.67,3.0,0,37,103,1,0,20.0,0
user_04985,Jennifer Smith,fischerrobin@yahoo.com,2023-03-13,FR,free,5,10.8,2.34,2.0,1,166,956,0,0,0.0,0
user_04986,Todd Green,mbryan@gmail.com,2024-05-18,GB,free,3,6.8,1.99,0.0,1,19,524,0,0,0.0,0
user_04987,Jorge Stanley,mariamays@hotmail.com,2022-08-01,US,starter,3,15.2,3.77,2.0,0,24,1180,0,0,0.0,0
user_04988,Michael Daniel,sloantodd@gmail.com,2023-02-26,US,starter,3,1.8,1.29,1.0,2,15,971,1,0,20.0,0
user_04989,Harry Peters,andersonamy@yahoo.com,2025-01-06,US,starter,0,7.7,7.66,6.0,3,109,291,1,0,20.0,0
user_04990,Adam House,joneswilliam@gmail.com,2024-06-10,DE,starter,0,6.0,3.13,4.0,1,76,501,0,1,0.0,1
user_04991,Jamie Figueroa,chadgomez@yahoo.com,2025-08-17,IN,pro,4,13.8,3.18,2.6,5,129,68,1,0,100.92,0
user_04992,Keith Lee,nicole97@hotmail.com,2022-05-28,US,free,3,9.4,2.09,3.0,0,125,1245,0,1,0.0,1
user_04993,Paul Meyer,kenneth57@hotmail.com,2022-11-11,IN,free,4,1.1,1.92,2.0,1,67,1078,1,0,0.0,0
user_04994,Robert Price,obrienjacob@yahoo.com,2022-02-18,DE,starter,3,13.0,3.45,2.0,3,80,1344,0,0,0.0,0
user_04995,Christian Brown,frank03@yahoo.com,2024-07-29,US,free,2,9.9,2.75,1.0,1,3,452,0,0,0.0,0
user_04996,Michael Grant,anthony64@hotmail.com,2023-11-11,FR,pro,6,5.9,3.38,3.9000000000000004,2,5,713,0,0,0.0,0
user_04997,Corey Luna,xanderson@hotmail.com,2022-03-19,FR,free,1,6.6,5.4,1.0,0,64,1315,0,1,0.0,1
user_04998,David Burch,kristinestafford@yahoo.com,2022-06-29,AU,free,1,2.8,6.05,3.0,2,38,1213,0,0,0.0,0
user_04999,Antonio Jones,tina91@yahoo.com,2022-05-31,US,starter,1,7.3,0.98,0.0,1,62,1242,1,0,20.0,0
user_05000,Olivia Goodman,walkerrussell@gmail.com,2022-04-22,US,free,3,8.6,2.07,6.0,3,44,1281,0,0,0.0,0
